<?xml version="1.0" encoding="UTF-8"?>
<gpx creator="Garmin Connect" version="1.1"
  xsi:schemaLocation="http://www.topografix.com/GPX/1/1 http://www.topografix.com/GPX/11.xsd"
  xmlns:ns3="http://www.garmin.com/xmlschemas/TrackPointExtension/v1"
  xmlns="http://www.topografix.com/GPX/1/1"
  xmlns:xsi="http://www.w3.org/2001/XMLSchema-instance" xmlns:ns2="http://www.garmin.com/xmlschemas/GpxExtensions/v3">
  <metadata>
    <name>Medio Maratón CDMX 2026</name>
    <link href="connect.garmin.com">
      <text>Garmin Connect</text>
    </link>
    <time>2026-06-10T19:14:08.000Z</time>
  </metadata>
  <trk>
    <name>Medio Maratón CDMX 2026</name>
    <trkseg>
      <trkpt lat="19.43461949005723" lon="-99.14329471997917">
        <ele>2237.39</ele>
      </trkpt>
      <trkpt lat="19.434677409008145" lon="-99.14362102746964">
        <ele>2237.44</ele>
      </trkpt>
      <trkpt lat="19.43473532795906" lon="-99.14394741877913">
        <ele>2237.44</ele>
      </trkpt>
      <trkpt lat="19.434793079271913" lon="-99.14427280426025">
        <ele>2237.53</ele>
      </trkpt>
      <trkpt lat="19.43483599461615" lon="-99.14450900629163">
        <ele>2238.03</ele>
      </trkpt>
      <trkpt lat="19.434878826141357" lon="-99.14474487304688">
        <ele>2238.33</ele>
      </trkpt>
      <trkpt lat="19.434900283813477" lon="-99.14489507675171">
        <ele>2238.53</ele>
      </trkpt>
      <trkpt lat="19.43490036763251" lon="-99.14489507675171">
        <ele>2238.71</ele>
      </trkpt>
      <trkpt lat="19.434950407594442" lon="-99.14518140256405">
        <ele>2238.49</ele>
      </trkpt>
      <trkpt lat="19.435000531375408" lon="-99.14546781219542">
        <ele>2237.9</ele>
      </trkpt>
      <trkpt lat="19.43505048751831" lon="-99.14575338363647">
        <ele>2237.43</ele>
      </trkpt>
      <trkpt lat="19.435050571337342" lon="-99.14575338363647">
        <ele>2237.07</ele>
      </trkpt>
      <trkpt lat="19.43508854135871" lon="-99.1459817904979">
        <ele>2236.86</ele>
      </trkpt>
      <trkpt lat="19.435126595199108" lon="-99.14620977826416">
        <ele>2236.81</ele>
      </trkpt>
      <trkpt lat="19.43511502817273" lon="-99.14621204137802">
        <ele>2236.75</ele>
      </trkpt>
      <trkpt lat="19.43515165708959" lon="-99.14654304273427">
        <ele>2236.86</ele>
      </trkpt>
      <trkpt lat="19.435188369825482" lon="-99.14687404409051">
        <ele>2236.83</ele>
      </trkpt>
      <trkpt lat="19.435224998742342" lon="-99.14720512926579">
        <ele>2236.85</ele>
      </trkpt>
      <trkpt lat="19.435233799740672" lon="-99.14728484116495">
        <ele>2236.98</ele>
      </trkpt>
      <trkpt lat="19.435233883559704" lon="-99.14728492498398">
        <ele>2237.29</ele>
      </trkpt>
      <trkpt lat="19.435263304039836" lon="-99.14761668071151">
        <ele>2237.72</ele>
      </trkpt>
      <trkpt lat="19.435292724519968" lon="-99.14794852025807">
        <ele>2238.35</ele>
      </trkpt>
      <trkpt lat="19.435307141393423" lon="-99.1481111291796">
        <ele>2238.89</ele>
      </trkpt>
      <trkpt lat="19.435307141393423" lon="-99.14811104536057">
        <ele>2239.33</ele>
      </trkpt>
      <trkpt lat="19.435348128899932" lon="-99.14844145998359">
        <ele>2240.23</ele>
      </trkpt>
      <trkpt lat="19.435380650684237" lon="-99.14870406500995">
        <ele>2240.56</ele>
      </trkpt>
      <trkpt lat="19.435380650684237" lon="-99.14870398119092">
        <ele>2240.83</ele>
      </trkpt>
      <trkpt lat="19.435380650684237" lon="-99.14870389737189">
        <ele>2241.02</ele>
      </trkpt>
      <trkpt lat="19.435380650684237" lon="-99.14870381355286">
        <ele>2241.14</ele>
      </trkpt>
      <trkpt lat="19.435443598777056" lon="-99.14882409386337">
        <ele>2240.86</ele>
      </trkpt>
      <trkpt lat="19.435443682596087" lon="-99.14882426150143">
        <ele>2240.56</ele>
      </trkpt>
      <trkpt lat="19.43544385023415" lon="-99.14882451295853">
        <ele>2240.36</ele>
      </trkpt>
      <trkpt lat="19.435542169958353" lon="-99.14910052902997">
        <ele>2239.73</ele>
      </trkpt>
      <trkpt lat="19.435542253777385" lon="-99.149100612849">
        <ele>2238.98</ele>
      </trkpt>
      <trkpt lat="19.435542337596416" lon="-99.14910078048706">
        <ele>2238.63</ele>
      </trkpt>
      <trkpt lat="19.43568415939808" lon="-99.1493218112737">
        <ele>2238.47</ele>
      </trkpt>
      <trkpt lat="19.43568424321711" lon="-99.14932189509273">
        <ele>2238.02</ele>
      </trkpt>
      <trkpt lat="19.435684327036142" lon="-99.14932206273079">
        <ele>2237.84</ele>
      </trkpt>
      <trkpt lat="19.435684410855174" lon="-99.14932214654982">
        <ele>2237.68</ele>
      </trkpt>
      <trkpt lat="19.435684494674206" lon="-99.14932231418788">
        <ele>2237.56</ele>
      </trkpt>
      <trkpt lat="19.43568466231227" lon="-99.14932248182595">
        <ele>2237.46</ele>
      </trkpt>
      <trkpt lat="19.435684913769364" lon="-99.1493229009211">
        <ele>2237.4</ele>
      </trkpt>
      <trkpt lat="19.43568524904549" lon="-99.1493234038353">
        <ele>2237.36</ele>
      </trkpt>
      <trkpt lat="19.435708969831467" lon="-99.14942733943462">
        <ele>2237.4</ele>
      </trkpt>
      <trkpt lat="19.4357090536505" lon="-99.14942742325366">
        <ele>2237.48</ele>
      </trkpt>
      <trkpt lat="19.43570913746953" lon="-99.14942767471075">
        <ele>2237.54</ele>
      </trkpt>
      <trkpt lat="19.435709221288562" lon="-99.14942800998688">
        <ele>2237.62</ele>
      </trkpt>
      <trkpt lat="19.435697989538312" lon="-99.14947117678821">
        <ele>2237.71</ele>
      </trkpt>
      <trkpt lat="19.435697989538312" lon="-99.14947126060724">
        <ele>2237.93</ele>
      </trkpt>
      <trkpt lat="19.435697989538312" lon="-99.1494714282453">
        <ele>2238.07</ele>
      </trkpt>
      <trkpt lat="19.43569790571928" lon="-99.14947184734046">
        <ele>2238.21</ele>
      </trkpt>
      <trkpt lat="19.43569782190025" lon="-99.14947226643562">
        <ele>2238.35</ele>
      </trkpt>
      <trkpt lat="19.43567636422813" lon="-99.14955700747669">
        <ele>2238.54</ele>
      </trkpt>
      <trkpt lat="19.43567644804716" lon="-99.14955700747669">
        <ele>2238.71</ele>
      </trkpt>
      <trkpt lat="19.43567644804716" lon="-99.14955709129572">
        <ele>2238.88</ele>
      </trkpt>
      <trkpt lat="19.43567644804716" lon="-99.14955717511475">
        <ele>2239.05</ele>
      </trkpt>
      <trkpt lat="19.43567644804716" lon="-99.14955734275281">
        <ele>2239.22</ele>
      </trkpt>
      <trkpt lat="19.43567644804716" lon="-99.14955767802894">
        <ele>2239.39</ele>
      </trkpt>
      <trkpt lat="19.43567636422813" lon="-99.1495580971241">
        <ele>2239.55</ele>
      </trkpt>
      <trkpt lat="19.435668233782053" lon="-99.14971626363695">
        <ele>2239.82</ele>
      </trkpt>
      <trkpt lat="19.435668317601085" lon="-99.14971609599888">
        <ele>2240.01</ele>
      </trkpt>
      <trkpt lat="19.435668317601085" lon="-99.14971592836082">
        <ele>2240.18</ele>
      </trkpt>
      <trkpt lat="19.435668401420116" lon="-99.14971592836082">
        <ele>2240.35</ele>
      </trkpt>
      <trkpt lat="19.435668401420116" lon="-99.14971584454179">
        <ele>2240.5</ele>
      </trkpt>
      <trkpt lat="19.43566856905818" lon="-99.14971576072276">
        <ele>2240.65</ele>
      </trkpt>
      <trkpt lat="19.43566865287721" lon="-99.14971576072276">
        <ele>2240.78</ele>
      </trkpt>
      <trkpt lat="19.435668736696243" lon="-99.14971576072276">
        <ele>2240.91</ele>
      </trkpt>
      <trkpt lat="19.435668736696243" lon="-99.14971601217985">
        <ele>2241.02</ele>
      </trkpt>
      <trkpt lat="19.435668736696243" lon="-99.14971634745598">
        <ele>2241.12</ele>
      </trkpt>
      <trkpt lat="19.435680555179715" lon="-99.14975607767701">
        <ele>2241.26</ele>
      </trkpt>
      <trkpt lat="19.435680638998747" lon="-99.14975616149604">
        <ele>2241.34</ele>
      </trkpt>
      <trkpt lat="19.43568072281778" lon="-99.1497563291341">
        <ele>2241.42</ele>
      </trkpt>
      <trkpt lat="19.43568072281778" lon="-99.14975641295314">
        <ele>2241.48</ele>
      </trkpt>
      <trkpt lat="19.43568080663681" lon="-99.14975649677217">
        <ele>2241.53</ele>
      </trkpt>
      <trkpt lat="19.435680890455842" lon="-99.14975666441023">
        <ele>2241.57</ele>
      </trkpt>
      <trkpt lat="19.435680974274874" lon="-99.1497568320483">
        <ele>2241.6</ele>
      </trkpt>
      <trkpt lat="19.435681058093905" lon="-99.14975699968636">
        <ele>2241.62</ele>
      </trkpt>
      <trkpt lat="19.43568122573197" lon="-99.14975741878152">
        <ele>2241.63</ele>
      </trkpt>
      <trkpt lat="19.435681393370032" lon="-99.14975792169571">
        <ele>2241.63</ele>
      </trkpt>
      <trkpt lat="19.43569195456803" lon="-99.1498001664877">
        <ele>2241.61</ele>
      </trkpt>
      <trkpt lat="19.43569203838706" lon="-99.14980033412576">
        <ele>2241.59</ele>
      </trkpt>
      <trkpt lat="19.435692122206092" lon="-99.14980058558285">
        <ele>2241.57</ele>
      </trkpt>
      <trkpt lat="19.435692206025124" lon="-99.14980075322092">
        <ele>2241.54</ele>
      </trkpt>
      <trkpt lat="19.435692289844155" lon="-99.14980083703995">
        <ele>2241.5</ele>
      </trkpt>
      <trkpt lat="19.435692373663187" lon="-99.14980100467801">
        <ele>2241.47</ele>
      </trkpt>
      <trkpt lat="19.43569245748222" lon="-99.14980117231607">
        <ele>2241.43</ele>
      </trkpt>
      <trkpt lat="19.435692625120282" lon="-99.14980167523026">
        <ele>2241.38</ele>
      </trkpt>
      <trkpt lat="19.435692792758346" lon="-99.14980217814445">
        <ele>2241.34</ele>
      </trkpt>
      <trkpt lat="19.43568374030292" lon="-99.14988054893911">
        <ele>2241.25</ele>
      </trkpt>
      <trkpt lat="19.43568374030292" lon="-99.14988071657717">
        <ele>2241.19</ele>
      </trkpt>
      <trkpt lat="19.435683824121952" lon="-99.14988071657717">
        <ele>2241.15</ele>
      </trkpt>
      <trkpt lat="19.435683824121952" lon="-99.14988088421524">
        <ele>2241.1</ele>
      </trkpt>
      <trkpt lat="19.435683907940984" lon="-99.14988088421524">
        <ele>2241.06</ele>
      </trkpt>
      <trkpt lat="19.435683907940984" lon="-99.1498810518533">
        <ele>2241.02</ele>
      </trkpt>
      <trkpt lat="19.435683907940984" lon="-99.14988113567233">
        <ele>2240.98</ele>
      </trkpt>
      <trkpt lat="19.435683907940984" lon="-99.14988138712943">
        <ele>2240.95</ele>
      </trkpt>
      <trkpt lat="19.435683907940984" lon="-99.14988155476749">
        <ele>2240.93</ele>
      </trkpt>
      <trkpt lat="19.435683907940984" lon="-99.14988205768168">
        <ele>2240.9</ele>
      </trkpt>
      <trkpt lat="19.435683907940984" lon="-99.1498826444149">
        <ele>2240.89</ele>
      </trkpt>
      <trkpt lat="19.435677537694573" lon="-99.14994693361223">
        <ele>2240.89</ele>
      </trkpt>
      <trkpt lat="19.435677537694573" lon="-99.14994710125029">
        <ele>2240.88</ele>
      </trkpt>
      <trkpt lat="19.435677537694573" lon="-99.14994718506932">
        <ele>2240.88</ele>
      </trkpt>
      <trkpt lat="19.435677537694573" lon="-99.14994743652642">
        <ele>2240.88</ele>
      </trkpt>
      <trkpt lat="19.435677621513605" lon="-99.14994743652642">
        <ele>2240.89</ele>
      </trkpt>
      <trkpt lat="19.435677621513605" lon="-99.14994777180254">
        <ele>2240.9</ele>
      </trkpt>
      <trkpt lat="19.435677621513605" lon="-99.14994785562158">
        <ele>2240.91</ele>
      </trkpt>
      <trkpt lat="19.435677621513605" lon="-99.1499481908977">
        <ele>2240.92</ele>
      </trkpt>
      <trkpt lat="19.435677621513605" lon="-99.1499484423548">
        <ele>2240.93</ele>
      </trkpt>
      <trkpt lat="19.435677621513605" lon="-99.14994902908802">
        <ele>2240.95</ele>
      </trkpt>
      <trkpt lat="19.435677621513605" lon="-99.14994969964027">
        <ele>2240.96</ele>
      </trkpt>
      <trkpt lat="19.43564359098673" lon="-99.15008364245296">
        <ele>2241.03</ele>
      </trkpt>
      <trkpt lat="19.43564359098673" lon="-99.15008389391005">
        <ele>2241.05</ele>
      </trkpt>
      <trkpt lat="19.43564359098673" lon="-99.15008397772908">
        <ele>2241.06</ele>
      </trkpt>
      <trkpt lat="19.43564359098673" lon="-99.15008422918618">
        <ele>2241.08</ele>
      </trkpt>
      <trkpt lat="19.43564367480576" lon="-99.15008422918618">
        <ele>2241.09</ele>
      </trkpt>
      <trkpt lat="19.43564367480576" lon="-99.15008448064327">
        <ele>2241.1</ele>
      </trkpt>
      <trkpt lat="19.43564367480576" lon="-99.15008464828134">
        <ele>2241.11</ele>
      </trkpt>
      <trkpt lat="19.43564367480576" lon="-99.15008498355746">
        <ele>2241.11</ele>
      </trkpt>
      <trkpt lat="19.43564367480576" lon="-99.15008531883359">
        <ele>2241.11</ele>
      </trkpt>
      <trkpt lat="19.43564359098673" lon="-99.15008590556681">
        <ele>2241.11</ele>
      </trkpt>
      <trkpt lat="19.435643507167697" lon="-99.15008649230003">
        <ele>2241.1</ele>
      </trkpt>
      <trkpt lat="19.435612997040153" lon="-99.15032872930169">
        <ele>2241.04</ele>
      </trkpt>
      <trkpt lat="19.435612997040153" lon="-99.15032881312072">
        <ele>2241.02</ele>
      </trkpt>
      <trkpt lat="19.435613080859184" lon="-99.15032881312072">
        <ele>2241.0</ele>
      </trkpt>
      <trkpt lat="19.435613080859184" lon="-99.15032898075879">
        <ele>2240.98</ele>
      </trkpt>
      <trkpt lat="19.435613164678216" lon="-99.15032889693975">
        <ele>2240.95</ele>
      </trkpt>
      <trkpt lat="19.435613164678216" lon="-99.15032906457782">
        <ele>2240.93</ele>
      </trkpt>
      <trkpt lat="19.435613164678216" lon="-99.15032914839685">
        <ele>2240.9</ele>
      </trkpt>
      <trkpt lat="19.435613164678216" lon="-99.15032939985394">
        <ele>2240.87</ele>
      </trkpt>
      <trkpt lat="19.435613164678216" lon="-99.15032956749201">
        <ele>2240.85</ele>
      </trkpt>
      <trkpt lat="19.435613164678216" lon="-99.1503300704062">
        <ele>2240.82</ele>
      </trkpt>
      <trkpt lat="19.435613164678216" lon="-99.15033057332039">
        <ele>2240.79</ele>
      </trkpt>
      <trkpt lat="19.435613080859184" lon="-99.15047801099718">
        <ele>2240.7</ele>
      </trkpt>
      <trkpt lat="19.435613080859184" lon="-99.15047817863524">
        <ele>2240.67</ele>
      </trkpt>
      <trkpt lat="19.435613080859184" lon="-99.1504783462733">
        <ele>2240.64</ele>
      </trkpt>
      <trkpt lat="19.435613080859184" lon="-99.15047851391137">
        <ele>2240.61</ele>
      </trkpt>
      <trkpt lat="19.435613164678216" lon="-99.15047851391137">
        <ele>2240.58</ele>
      </trkpt>
      <trkpt lat="19.435613164678216" lon="-99.15047876536846">
        <ele>2240.55</ele>
      </trkpt>
      <trkpt lat="19.435613164678216" lon="-99.15047893300653">
        <ele>2240.53</ele>
      </trkpt>
      <trkpt lat="19.435613164678216" lon="-99.15047926828265">
        <ele>2240.5</ele>
      </trkpt>
      <trkpt lat="19.435613164678216" lon="-99.15047960355878">
        <ele>2240.48</ele>
      </trkpt>
      <trkpt lat="19.435613164678216" lon="-99.150480190292">
        <ele>2240.45</ele>
      </trkpt>
      <trkpt lat="19.435613164678216" lon="-99.15048077702522">
        <ele>2240.42</ele>
      </trkpt>
      <trkpt lat="19.435613164678216" lon="-99.15048949420452">
        <ele>2240.39</ele>
      </trkpt>
      <trkpt lat="19.435613164678216" lon="-99.15048982948065">
        <ele>2240.36</ele>
      </trkpt>
      <trkpt lat="19.435613164678216" lon="-99.15049016475677">
        <ele>2240.33</ele>
      </trkpt>
      <trkpt lat="19.435613164678216" lon="-99.1504905000329">
        <ele>2240.29</ele>
      </trkpt>
      <trkpt lat="19.435613164678216" lon="-99.15049075149">
        <ele>2240.25</ele>
      </trkpt>
      <trkpt lat="19.435613164678216" lon="-99.15049117058516">
        <ele>2240.2</ele>
      </trkpt>
      <trkpt lat="19.435613164678216" lon="-99.15049150586128">
        <ele>2240.14</ele>
      </trkpt>
      <trkpt lat="19.435613164678216" lon="-99.15049200877547">
        <ele>2240.08</ele>
      </trkpt>
      <trkpt lat="19.435613164678216" lon="-99.15049251168966">
        <ele>2240.01</ele>
      </trkpt>
      <trkpt lat="19.435613164678216" lon="-99.15049334987998">
        <ele>2239.93</ele>
      </trkpt>
      <trkpt lat="19.435613164678216" lon="-99.1504941880703">
        <ele>2239.84</ele>
      </trkpt>
      <trkpt lat="19.43565348163247" lon="-99.15082468651235">
        <ele>2239.79</ele>
      </trkpt>
      <trkpt lat="19.435693882405758" lon="-99.15115526877344">
        <ele>2239.69</ele>
      </trkpt>
      <trkpt lat="19.43570318631828" lon="-99.15123531594872">
        <ele>2239.55</ele>
      </trkpt>
      <trkpt lat="19.43570327013731" lon="-99.15123565122485">
        <ele>2239.42</ele>
      </trkpt>
      <trkpt lat="19.43570335395634" lon="-99.15123598650098">
        <ele>2239.27</ele>
      </trkpt>
      <trkpt lat="19.435703437775373" lon="-99.1512363217771">
        <ele>2239.1</ele>
      </trkpt>
      <trkpt lat="19.435703521594405" lon="-99.15123648941517">
        <ele>2238.93</ele>
      </trkpt>
      <trkpt lat="19.435703605413437" lon="-99.15123699232936">
        <ele>2238.74</ele>
      </trkpt>
      <trkpt lat="19.43570368923247" lon="-99.15123732760549">
        <ele>2238.54</ele>
      </trkpt>
      <trkpt lat="19.4357037730515" lon="-99.15123783051968">
        <ele>2238.32</ele>
      </trkpt>
      <trkpt lat="19.435703856870532" lon="-99.15123833343387">
        <ele>2238.1</ele>
      </trkpt>
      <trkpt lat="19.435704024508595" lon="-99.15123908780515">
        <ele>2237.86</ele>
      </trkpt>
      <trkpt lat="19.43570419214666" lon="-99.15123984217644">
        <ele>2237.62</ele>
      </trkpt>
      <trkpt lat="19.43575113080442" lon="-99.15156941860914">
        <ele>2237.32</ele>
      </trkpt>
      <trkpt lat="19.435798153281212" lon="-99.15189899504185">
        <ele>2237.06</ele>
      </trkpt>
      <trkpt lat="19.435845091938972" lon="-99.15222857147455">
        <ele>2236.71</ele>
      </trkpt>
      <trkpt lat="19.435892030596733" lon="-99.15255814790726">
        <ele>2236.23</ele>
      </trkpt>
      <trkpt lat="19.435938969254494" lon="-99.15288772433996">
        <ele>2235.96</ele>
      </trkpt>
      <trkpt lat="19.435957493260503" lon="-99.15302032604814">
        <ele>2235.73</ele>
      </trkpt>
      <trkpt lat="19.435957577079535" lon="-99.15302066132426">
        <ele>2235.48</ele>
      </trkpt>
      <trkpt lat="19.435957660898566" lon="-99.15302091278136">
        <ele>2235.24</ele>
      </trkpt>
      <trkpt lat="19.435957744717598" lon="-99.15302133187652">
        <ele>2235.01</ele>
      </trkpt>
      <trkpt lat="19.43595782853663" lon="-99.15302149951458">
        <ele>2234.79</ele>
      </trkpt>
      <trkpt lat="19.43595791235566" lon="-99.15302200242877">
        <ele>2234.58</ele>
      </trkpt>
      <trkpt lat="19.435957996174693" lon="-99.1530223377049">
        <ele>2234.39</ele>
      </trkpt>
      <trkpt lat="19.435958079993725" lon="-99.15302284061909">
        <ele>2234.21</ele>
      </trkpt>
      <trkpt lat="19.435958163812757" lon="-99.15302334353328">
        <ele>2234.05</ele>
      </trkpt>
      <trkpt lat="19.43595833145082" lon="-99.15302409790456">
        <ele>2233.9</ele>
      </trkpt>
      <trkpt lat="19.435958499088883" lon="-99.15302485227585">
        <ele>2233.76</ele>
      </trkpt>
      <trkpt lat="19.43605405278504" lon="-99.15304019115865">
        <ele>2233.67</ele>
      </trkpt>
      <trkpt lat="19.43605505861342" lon="-99.15304035879672">
        <ele>2233.57</ele>
      </trkpt>
      <trkpt lat="19.43605598062277" lon="-99.15304052643478">
        <ele>2233.47</ele>
      </trkpt>
      <trkpt lat="19.43605698645115" lon="-99.15304069407284">
        <ele>2233.38</ele>
      </trkpt>
      <trkpt lat="19.436057740822434" lon="-99.1530408617109">
        <ele>2233.31</ele>
      </trkpt>
      <trkpt lat="19.436058830469847" lon="-99.153041113168">
        <ele>2233.25</ele>
      </trkpt>
      <trkpt lat="19.436059752479196" lon="-99.15304128080606">
        <ele>2233.19</ele>
      </trkpt>
      <trkpt lat="19.436060842126608" lon="-99.15304153226316">
        <ele>2233.15</ele>
      </trkpt>
      <trkpt lat="19.43606193177402" lon="-99.15304178372025">
        <ele>2233.11</ele>
      </trkpt>
      <trkpt lat="19.436063272878528" lon="-99.15304203517735">
        <ele>2233.08</ele>
      </trkpt>
      <trkpt lat="19.436064697802067" lon="-99.15304228663445">
        <ele>2233.06</ele>
      </trkpt>
      <trkpt lat="19.436164274811745" lon="-99.15304228663445">
        <ele>2233.03</ele>
      </trkpt>
      <trkpt lat="19.436165364459157" lon="-99.15304228663445">
        <ele>2233.02</ele>
      </trkpt>
      <trkpt lat="19.436166370287538" lon="-99.15304228663445">
        <ele>2233.01</ele>
      </trkpt>
      <trkpt lat="19.43616745993495" lon="-99.15304228663445">
        <ele>2233.01</ele>
      </trkpt>
      <trkpt lat="19.4361683819443" lon="-99.15304228663445">
        <ele>2233.0</ele>
      </trkpt>
      <trkpt lat="19.436169555410743" lon="-99.15304228663445">
        <ele>2233.0</ele>
      </trkpt>
      <trkpt lat="19.436170561239123" lon="-99.15304228663445">
        <ele>2233.01</ele>
      </trkpt>
      <trkpt lat="19.436171734705567" lon="-99.15304228663445">
        <ele>2233.01</ele>
      </trkpt>
      <trkpt lat="19.436172991991043" lon="-99.15304228663445">
        <ele>2233.02</ele>
      </trkpt>
      <trkpt lat="19.436174416914582" lon="-99.15304228663445">
        <ele>2233.03</ele>
      </trkpt>
      <trkpt lat="19.436175925657153" lon="-99.15304228663445">
        <ele>2233.04</ele>
      </trkpt>
      <trkpt lat="19.436258235946298" lon="-99.15304547175765">
        <ele>2233.04</ele>
      </trkpt>
      <trkpt lat="19.43625924177468" lon="-99.15304555557668">
        <ele>2233.06</ele>
      </trkpt>
      <trkpt lat="19.43626024760306" lon="-99.15304563939571">
        <ele>2233.07</ele>
      </trkpt>
      <trkpt lat="19.43626133725047" lon="-99.15304572321475">
        <ele>2233.09</ele>
      </trkpt>
      <trkpt lat="19.43626225925982" lon="-99.15304580703378">
        <ele>2233.11</ele>
      </trkpt>
      <trkpt lat="19.436263348907232" lon="-99.15304589085281">
        <ele>2233.13</ele>
      </trkpt>
      <trkpt lat="19.436264354735613" lon="-99.15304597467184">
        <ele>2233.15</ele>
      </trkpt>
      <trkpt lat="19.436265444383025" lon="-99.15304605849087">
        <ele>2233.18</ele>
      </trkpt>
      <trkpt lat="19.436266534030437" lon="-99.1530461423099">
        <ele>2233.21</ele>
      </trkpt>
      <trkpt lat="19.43626804277301" lon="-99.15304622612894">
        <ele>2233.24</ele>
      </trkpt>
      <trkpt lat="19.436269467696548" lon="-99.15304630994797">
        <ele>2233.27</ele>
      </trkpt>
      <trkpt lat="19.43635990843177" lon="-99.15306248702109">
        <ele>2233.31</ele>
      </trkpt>
      <trkpt lat="19.43636099807918" lon="-99.15306273847818">
        <ele>2233.35</ele>
      </trkpt>
      <trkpt lat="19.436362087726593" lon="-99.15306298993528">
        <ele>2233.39</ele>
      </trkpt>
      <trkpt lat="19.436363261193037" lon="-99.15306324139237">
        <ele>2233.44</ele>
      </trkpt>
      <trkpt lat="19.436364183202386" lon="-99.15306340903044">
        <ele>2233.49</ele>
      </trkpt>
      <trkpt lat="19.43636535666883" lon="-99.15306366048753">
        <ele>2233.54</ele>
      </trkpt>
      <trkpt lat="19.436366530135274" lon="-99.15306391194463">
        <ele>2233.6</ele>
      </trkpt>
      <trkpt lat="19.436367703601718" lon="-99.15306416340172">
        <ele>2233.66</ele>
      </trkpt>
      <trkpt lat="19.436368877068162" lon="-99.15306441485882">
        <ele>2233.73</ele>
      </trkpt>
      <trkpt lat="19.436370385810733" lon="-99.15306475013494">
        <ele>2233.81</ele>
      </trkpt>
      <trkpt lat="19.436371894553304" lon="-99.15306508541107">
        <ele>2233.89</ele>
      </trkpt>
      <trkpt lat="19.43643433973193" lon="-99.15309526026249">
        <ele>2234.01</ele>
      </trkpt>
      <trkpt lat="19.43643517792225" lon="-99.15309567935765">
        <ele>2234.1</ele>
      </trkpt>
      <trkpt lat="19.436436016112566" lon="-99.1530960984528">
        <ele>2234.19</ele>
      </trkpt>
      <trkpt lat="19.436436938121915" lon="-99.15309651754797">
        <ele>2234.29</ele>
      </trkpt>
      <trkpt lat="19.4364376924932" lon="-99.15309685282409">
        <ele>2234.4</ele>
      </trkpt>
      <trkpt lat="19.43643861450255" lon="-99.15309727191925">
        <ele>2234.51</ele>
      </trkpt>
      <trkpt lat="19.436439452692866" lon="-99.15309769101441">
        <ele>2234.62</ele>
      </trkpt>
      <trkpt lat="19.436440374702215" lon="-99.1530981939286">
        <ele>2234.74</ele>
      </trkpt>
      <trkpt lat="19.436441296711564" lon="-99.15309861302376">
        <ele>2234.86</ele>
      </trkpt>
      <trkpt lat="19.43644263781607" lon="-99.15309928357601">
        <ele>2234.99</ele>
      </trkpt>
      <trkpt lat="19.436443895101547" lon="-99.15309995412827">
        <ele>2235.12</ele>
      </trkpt>
      <trkpt lat="19.43649535998702" lon="-99.15315703488886">
        <ele>2235.31</ele>
      </trkpt>
      <trkpt lat="19.436495946720243" lon="-99.15315770544112">
        <ele>2235.45</ele>
      </trkpt>
      <trkpt lat="19.436496449634433" lon="-99.15315829217434">
        <ele>2235.6</ele>
      </trkpt>
      <trkpt lat="19.436497120186687" lon="-99.15315904654562">
        <ele>2235.75</ele>
      </trkpt>
      <trkpt lat="19.436497623100877" lon="-99.15315954945982">
        <ele>2235.9</ele>
      </trkpt>
      <trkpt lat="19.43649829365313" lon="-99.15316022001207">
        <ele>2236.06</ele>
      </trkpt>
      <trkpt lat="19.436498880386353" lon="-99.15316089056432">
        <ele>2236.22</ele>
      </trkpt>
      <trkpt lat="19.436499550938606" lon="-99.15316156111658">
        <ele>2236.38</ele>
      </trkpt>
      <trkpt lat="19.43650022149086" lon="-99.15316231548786">
        <ele>2236.54</ele>
      </trkpt>
      <trkpt lat="19.43650114350021" lon="-99.15316332131624">
        <ele>2236.71</ele>
      </trkpt>
      <trkpt lat="19.436502065509558" lon="-99.15316432714462">
        <ele>2236.88</ele>
      </trkpt>
      <trkpt lat="19.436538107693195" lon="-99.15323155000806">
        <ele>2237.09</ele>
      </trkpt>
      <trkpt lat="19.436538526788354" lon="-99.15323222056031">
        <ele>2237.25</ele>
      </trkpt>
      <trkpt lat="19.43653886206448" lon="-99.15323280729353">
        <ele>2237.43</ele>
      </trkpt>
      <trkpt lat="19.43653928115964" lon="-99.15323356166482">
        <ele>2237.59</ele>
      </trkpt>
      <trkpt lat="19.436539616435766" lon="-99.15323414839804">
        <ele>2237.76</ele>
      </trkpt>
      <trkpt lat="19.436540035530925" lon="-99.15323490276933">
        <ele>2237.92</ele>
      </trkpt>
      <trkpt lat="19.436540454626083" lon="-99.15323565714061">
        <ele>2238.08</ele>
      </trkpt>
      <trkpt lat="19.436540873721242" lon="-99.1532364115119">
        <ele>2238.23</ele>
      </trkpt>
      <trkpt lat="19.4365412928164" lon="-99.15323716588318">
        <ele>2238.38</ele>
      </trkpt>
      <trkpt lat="19.436541963368654" lon="-99.15323833934963">
        <ele>2238.52</ele>
      </trkpt>
      <trkpt lat="19.436542550101876" lon="-99.15323942899704">
        <ele>2238.66</ele>
      </trkpt>
      <trkpt lat="19.43658580072224" lon="-99.15353631600738">
        <ele>2238.9</ele>
      </trkpt>
      <trkpt lat="19.436585884541273" lon="-99.15353681892157">
        <ele>2239.02</ele>
      </trkpt>
      <trkpt lat="19.436585968360305" lon="-99.15353723801672">
        <ele>2239.13</ele>
      </trkpt>
      <trkpt lat="19.436586052179337" lon="-99.15353782474995">
        <ele>2239.22</ele>
      </trkpt>
      <trkpt lat="19.43658613599837" lon="-99.1535382438451">
        <ele>2239.31</ele>
      </trkpt>
      <trkpt lat="19.4365862198174" lon="-99.15353883057833">
        <ele>2239.37</ele>
      </trkpt>
      <trkpt lat="19.43658630363643" lon="-99.15353933349252">
        <ele>2239.43</ele>
      </trkpt>
      <trkpt lat="19.436586387455463" lon="-99.15353992022574">
        <ele>2239.46</ele>
      </trkpt>
      <trkpt lat="19.436586471274495" lon="-99.15354050695896">
        <ele>2239.49</ele>
      </trkpt>
      <trkpt lat="19.43658663891256" lon="-99.15354159660637">
        <ele>2239.49</ele>
      </trkpt>
      <trkpt lat="19.436586806550622" lon="-99.15354251861572">
        <ele>2239.49</ele>
      </trkpt>
      <trkpt lat="19.436634834855795" lon="-99.15387192741036">
        <ele>2239.48</ele>
      </trkpt>
      <trkpt lat="19.436662243679166" lon="-99.15406295098364">
        <ele>2239.4</ele>
      </trkpt>
      <trkpt lat="19.43666241131723" lon="-99.1540636215359">
        <ele>2239.34</ele>
      </trkpt>
      <trkpt lat="19.436662578955293" lon="-99.15406429208815">
        <ele>2239.27</ele>
      </trkpt>
      <trkpt lat="19.436662746593356" lon="-99.15406504645944">
        <ele>2239.19</ele>
      </trkpt>
      <trkpt lat="19.436662830412388" lon="-99.15406563319266">
        <ele>2239.09</ele>
      </trkpt>
      <trkpt lat="19.43666299805045" lon="-99.15406638756394">
        <ele>2238.99</ele>
      </trkpt>
      <trkpt lat="19.436663165688515" lon="-99.1540670581162">
        <ele>2238.87</ele>
      </trkpt>
      <trkpt lat="19.436663333326578" lon="-99.15406781248748">
        <ele>2238.74</ele>
      </trkpt>
      <trkpt lat="19.43666350096464" lon="-99.1540686506778">
        <ele>2238.59</ele>
      </trkpt>
      <trkpt lat="19.436663752421737" lon="-99.15406990796328">
        <ele>2238.44</ele>
      </trkpt>
      <trkpt lat="19.4366639200598" lon="-99.15407091379166">
        <ele>2238.28</ele>
      </trkpt>
      <trkpt lat="19.436713121831417" lon="-99.1544000711292">
        <ele>2238.05</ele>
      </trkpt>
      <trkpt lat="19.436762323603034" lon="-99.15472931228578">
        <ele>2237.81</ele>
      </trkpt>
      <trkpt lat="19.43681152537465" lon="-99.15505855344236">
        <ele>2237.65</ele>
      </trkpt>
      <trkpt lat="19.436818985268474" lon="-99.15511110797524">
        <ele>2237.45</ele>
      </trkpt>
      <trkpt lat="19.436819152906537" lon="-99.15511194616556">
        <ele>2237.27</ele>
      </trkpt>
      <trkpt lat="19.4368193205446" lon="-99.15511286817491">
        <ele>2237.09</ele>
      </trkpt>
      <trkpt lat="19.436819488182664" lon="-99.15511379018426">
        <ele>2236.91</ele>
      </trkpt>
      <trkpt lat="19.436819655820727" lon="-99.15511454455554">
        <ele>2236.73</ele>
      </trkpt>
      <trkpt lat="19.43681982345879" lon="-99.1551154665649">
        <ele>2236.55</ele>
      </trkpt>
      <trkpt lat="19.436819991096854" lon="-99.15511638857424">
        <ele>2236.37</ele>
      </trkpt>
      <trkpt lat="19.436820158734918" lon="-99.15511739440262">
        <ele>2236.19</ele>
      </trkpt>
      <trkpt lat="19.43682032637298" lon="-99.15511831641197">
        <ele>2236.02</ele>
      </trkpt>
      <trkpt lat="19.436820577830076" lon="-99.15511974133551">
        <ele>2235.85</ele>
      </trkpt>
      <trkpt lat="19.43682082928717" lon="-99.15512099862099">
        <ele>2235.68</ele>
      </trkpt>
      <trkpt lat="19.43682753480971" lon="-99.15523868054152">
        <ele>2235.48</ele>
      </trkpt>
      <trkpt lat="19.43682761862874" lon="-99.1552394349128">
        <ele>2235.32</ele>
      </trkpt>
      <trkpt lat="19.436827702447772" lon="-99.15524027310312">
        <ele>2235.16</ele>
      </trkpt>
      <trkpt lat="19.436827786266804" lon="-99.15524111129344">
        <ele>2235.01</ele>
      </trkpt>
      <trkpt lat="19.436827870085835" lon="-99.15524186566472">
        <ele>2234.87</ele>
      </trkpt>
      <trkpt lat="19.436827953904867" lon="-99.1552428714931">
        <ele>2234.73</ele>
      </trkpt>
      <trkpt lat="19.4368280377239" lon="-99.15524379350245">
        <ele>2234.59</ele>
      </trkpt>
      <trkpt lat="19.43682812154293" lon="-99.15524479933083">
        <ele>2234.46</ele>
      </trkpt>
      <trkpt lat="19.436828205361962" lon="-99.15524572134018">
        <ele>2234.33</ele>
      </trkpt>
      <trkpt lat="19.436828373000026" lon="-99.15524723008275">
        <ele>2234.2</ele>
      </trkpt>
      <trkpt lat="19.436828456819057" lon="-99.1552484035492">
        <ele>2234.08</ele>
      </trkpt>
      <trkpt lat="19.436822924762964" lon="-99.15530070662498">
        <ele>2233.93</ele>
      </trkpt>
      <trkpt lat="19.436822840943933" lon="-99.15530162863433">
        <ele>2233.82</ele>
      </trkpt>
      <trkpt lat="19.4368227571249" lon="-99.15530246682465">
        <ele>2233.71</ele>
      </trkpt>
      <trkpt lat="19.43682267330587" lon="-99.155303388834">
        <ele>2233.6</ele>
      </trkpt>
      <trkpt lat="19.436822589486837" lon="-99.15530431084335">
        <ele>2233.49</ele>
      </trkpt>
      <trkpt lat="19.436822505667806" lon="-99.15530531667173">
        <ele>2233.39</ele>
      </trkpt>
      <trkpt lat="19.436822421848774" lon="-99.15530632250011">
        <ele>2233.28</ele>
      </trkpt>
      <trkpt lat="19.436822338029742" lon="-99.15530741214752">
        <ele>2233.18</ele>
      </trkpt>
      <trkpt lat="19.43682225421071" lon="-99.15530850179493">
        <ele>2233.08</ele>
      </trkpt>
      <trkpt lat="19.43682217039168" lon="-99.15531009435654">
        <ele>2232.99</ele>
      </trkpt>
      <trkpt lat="19.436822086572647" lon="-99.15531143546104">
        <ele>2232.89</ele>
      </trkpt>
      <trkpt lat="19.43678897805512" lon="-99.15537463501096">
        <ele>2232.76</ele>
      </trkpt>
      <trkpt lat="19.43678855895996" lon="-99.1553755570203">
        <ele>2232.67</ele>
      </trkpt>
      <trkpt lat="19.436788139864802" lon="-99.15537639521062">
        <ele>2232.58</ele>
      </trkpt>
      <trkpt lat="19.436787720769644" lon="-99.155377401039">
        <ele>2232.49</ele>
      </trkpt>
      <trkpt lat="19.436787385493517" lon="-99.15537823922932">
        <ele>2232.4</ele>
      </trkpt>
      <trkpt lat="19.436786882579327" lon="-99.15537932887673">
        <ele>2232.32</ele>
      </trkpt>
      <trkpt lat="19.436786463484168" lon="-99.15538033470511">
        <ele>2232.24</ele>
      </trkpt>
      <trkpt lat="19.436785960569978" lon="-99.1553813405335">
        <ele>2232.16</ele>
      </trkpt>
      <trkpt lat="19.436785457655787" lon="-99.15538243018091">
        <ele>2232.08</ele>
      </trkpt>
      <trkpt lat="19.436784787103534" lon="-99.15538393892348">
        <ele>2232.01</ele>
      </trkpt>
      <trkpt lat="19.43678420037031" lon="-99.15538519620895">
        <ele>2231.93</ele>
      </trkpt>
      <trkpt lat="19.436737429350615" lon="-99.15543171577156">
        <ele>2231.83</ele>
      </trkpt>
      <trkpt lat="19.43673667497933" lon="-99.15543255396187">
        <ele>2231.76</ele>
      </trkpt>
      <trkpt lat="19.436735920608044" lon="-99.15543339215219">
        <ele>2231.7</ele>
      </trkpt>
      <trkpt lat="19.436735082417727" lon="-99.15543431416154">
        <ele>2231.64</ele>
      </trkpt>
      <trkpt lat="19.43673432804644" lon="-99.15543515235186">
        <ele>2231.59</ele>
      </trkpt>
      <trkpt lat="19.436733489856124" lon="-99.1554360743612">
        <ele>2231.54</ele>
      </trkpt>
      <trkpt lat="19.436732651665807" lon="-99.15543699637055">
        <ele>2231.49</ele>
      </trkpt>
      <trkpt lat="19.436731729656458" lon="-99.15543800219893">
        <ele>2231.44</ele>
      </trkpt>
      <trkpt lat="19.43673080764711" lon="-99.15543900802732">
        <ele>2231.41</ele>
      </trkpt>
      <trkpt lat="19.436729634180665" lon="-99.15544034913182">
        <ele>2231.38</ele>
      </trkpt>
      <trkpt lat="19.436728544533253" lon="-99.15544152259827">
        <ele>2231.35</ele>
      </trkpt>
      <trkpt lat="19.43660474382341" lon="-99.15550790727139">
        <ele>2231.31</ele>
      </trkpt>
      <trkpt lat="19.4366034027189" lon="-99.15550866164267">
        <ele>2231.3</ele>
      </trkpt>
      <trkpt lat="19.436602061614394" lon="-99.15550941601396">
        <ele>2231.29</ele>
      </trkpt>
      <trkpt lat="19.436600552871823" lon="-99.15551025420427">
        <ele>2231.28</ele>
      </trkpt>
      <trkpt lat="19.436599211767316" lon="-99.15551100857556">
        <ele>2231.28</ele>
      </trkpt>
      <trkpt lat="19.436597703024745" lon="-99.15551184676588">
        <ele>2231.29</ele>
      </trkpt>
      <trkpt lat="19.436596194282174" lon="-99.1555126849562">
        <ele>2231.3</ele>
      </trkpt>
      <trkpt lat="19.436594685539603" lon="-99.15551360696554">
        <ele>2231.32</ele>
      </trkpt>
      <trkpt lat="19.436593176797032" lon="-99.15551452897489">
        <ele>2231.35</ele>
      </trkpt>
      <trkpt lat="19.436591248959303" lon="-99.1555156186223">
        <ele>2231.37</ele>
      </trkpt>
      <trkpt lat="19.436589488759637" lon="-99.15551662445068">
        <ele>2231.41</ele>
      </trkpt>
      <trkpt lat="19.436360159888864" lon="-99.15558569133282">
        <ele>2231.49</ele>
      </trkpt>
      <trkpt lat="19.436358148232102" lon="-99.15558636188507">
        <ele>2231.54</ele>
      </trkpt>
      <trkpt lat="19.43635613657534" lon="-99.15558703243732">
        <ele>2231.58</ele>
      </trkpt>
      <trkpt lat="19.436353957280517" lon="-99.15558770298958">
        <ele>2231.63</ele>
      </trkpt>
      <trkpt lat="19.436351861804724" lon="-99.15558837354183">
        <ele>2231.69</ele>
      </trkpt>
      <trkpt lat="19.436349598690867" lon="-99.15558912791312">
        <ele>2231.75</ele>
      </trkpt>
      <trkpt lat="19.436347419396043" lon="-99.1555898822844">
        <ele>2231.81</ele>
      </trkpt>
      <trkpt lat="19.436345156282187" lon="-99.15559063665569">
        <ele>2231.87</ele>
      </trkpt>
      <trkpt lat="19.43634289316833" lon="-99.15559139102697">
        <ele>2231.94</ele>
      </trkpt>
      <trkpt lat="19.436340210959315" lon="-99.15559222921729">
        <ele>2232.01</ele>
      </trkpt>
      <trkpt lat="19.436337696388364" lon="-99.15559306740761">
        <ele>2232.09</ele>
      </trkpt>
      <trkpt lat="19.436145247891545" lon="-99.15561184287071">
        <ele>2232.2</ele>
      </trkpt>
      <trkpt lat="19.436143236234784" lon="-99.15561209432781">
        <ele>2232.28</ele>
      </trkpt>
      <trkpt lat="19.436141308397055" lon="-99.1556123457849">
        <ele>2232.36</ele>
      </trkpt>
      <trkpt lat="19.43613912910223" lon="-99.155612597242">
        <ele>2232.45</ele>
      </trkpt>
      <trkpt lat="19.436137033626437" lon="-99.15561284869909">
        <ele>2232.54</ele>
      </trkpt>
      <trkpt lat="19.43613477051258" lon="-99.15561310015619">
        <ele>2232.64</ele>
      </trkpt>
      <trkpt lat="19.436132591217756" lon="-99.15561335161328">
        <ele>2232.74</ele>
      </trkpt>
      <trkpt lat="19.43613024428487" lon="-99.15561360307038">
        <ele>2232.84</ele>
      </trkpt>
      <trkpt lat="19.436127981171012" lon="-99.15561385452747">
        <ele>2232.95</ele>
      </trkpt>
      <trkpt lat="19.436125298961997" lon="-99.1556141898036">
        <ele>2233.06</ele>
      </trkpt>
      <trkpt lat="19.436122784391046" lon="-99.15561452507973">
        <ele>2233.18</ele>
      </trkpt>
      <trkpt lat="19.43592111580074" lon="-99.15559616871178">
        <ele>2233.37</ele>
      </trkpt>
      <trkpt lat="19.435919020324945" lon="-99.15559600107372">
        <ele>2233.5</ele>
      </trkpt>
      <trkpt lat="19.435917008668184" lon="-99.15559583343565">
        <ele>2233.63</ele>
      </trkpt>
      <trkpt lat="19.435914745554328" lon="-99.15559566579759">
        <ele>2233.78</ele>
      </trkpt>
      <trkpt lat="19.435912566259503" lon="-99.15559549815953">
        <ele>2233.93</ele>
      </trkpt>
      <trkpt lat="19.435910219326615" lon="-99.15559533052146">
        <ele>2234.08</ele>
      </trkpt>
      <trkpt lat="19.435907872393727" lon="-99.1555951628834">
        <ele>2234.25</ele>
      </trkpt>
      <trkpt lat="19.43590552546084" lon="-99.15559499524534">
        <ele>2234.42</ele>
      </trkpt>
      <trkpt lat="19.43590309470892" lon="-99.15559482760727">
        <ele>2234.6</ele>
      </trkpt>
      <trkpt lat="19.435900328680873" lon="-99.15559457615018">
        <ele>2234.79</ele>
      </trkpt>
      <trkpt lat="19.43589781410992" lon="-99.15559440851212">
        <ele>2234.99</ele>
      </trkpt>
      <trkpt lat="19.43578784354031" lon="-99.15554906241596">
        <ele>2235.25</ele>
      </trkpt>
      <trkpt lat="19.43578625097871" lon="-99.15554847568274">
        <ele>2235.46</ele>
      </trkpt>
      <trkpt lat="19.435784742236137" lon="-99.15554788894951">
        <ele>2235.69</ele>
      </trkpt>
      <trkpt lat="19.43578298203647" lon="-99.15554721839726">
        <ele>2235.93</ele>
      </trkpt>
      <trkpt lat="19.43578138947487" lon="-99.155546547845">
        <ele>2236.18</ele>
      </trkpt>
      <trkpt lat="19.435779629275203" lon="-99.15554587729275">
        <ele>2236.44</ele>
      </trkpt>
      <trkpt lat="19.435777869075537" lon="-99.1555452067405">
        <ele>2236.71</ele>
      </trkpt>
      <trkpt lat="19.43577602505684" lon="-99.15554445236921">
        <ele>2236.99</ele>
      </trkpt>
      <trkpt lat="19.435774264857173" lon="-99.15554378181696">
        <ele>2237.28</ele>
      </trkpt>
      <trkpt lat="19.435772001743317" lon="-99.15554285980761">
        <ele>2237.58</ele>
      </trkpt>
      <trkpt lat="19.435770073905587" lon="-99.15554210543633">
        <ele>2237.9</ele>
      </trkpt>
      <trkpt lat="19.435699665918946" lon="-99.1554014571011">
        <ele>2238.35</ele>
      </trkpt>
      <trkpt lat="19.435699079185724" lon="-99.15540028363466">
        <ele>2238.68</ele>
      </trkpt>
      <trkpt lat="19.435698576271534" lon="-99.15539919398725">
        <ele>2239.02</ele>
      </trkpt>
      <trkpt lat="19.43569790571928" lon="-99.15539785288274">
        <ele>2239.37</ele>
      </trkpt>
      <trkpt lat="19.43569731898606" lon="-99.1553966794163">
        <ele>2239.73</ele>
      </trkpt>
      <trkpt lat="19.435696648433805" lon="-99.15539533831179">
        <ele>2240.09</ele>
      </trkpt>
      <trkpt lat="19.43569597788155" lon="-99.15539399720728">
        <ele>2240.46</ele>
      </trkpt>
      <trkpt lat="19.435695307329297" lon="-99.15539257228374">
        <ele>2240.83</ele>
      </trkpt>
      <trkpt lat="19.435694636777043" lon="-99.15539123117924">
        <ele>2241.21</ele>
      </trkpt>
      <trkpt lat="19.435693714767694" lon="-99.15538938716054">
        <ele>2241.59</ele>
      </trkpt>
      <trkpt lat="19.43569296039641" lon="-99.15538787841797">
        <ele>2241.97</ele>
      </trkpt>
      <trkpt lat="19.435655660927296" lon="-99.15515972301364">
        <ele>2242.5</ele>
      </trkpt>
      <trkpt lat="19.435655493289232" lon="-99.15515863336623">
        <ele>2242.88</ele>
      </trkpt>
      <trkpt lat="19.43565532565117" lon="-99.15515762753785">
        <ele>2243.26</ele>
      </trkpt>
      <trkpt lat="19.435655158013105" lon="-99.15515637025237">
        <ele>2243.63</ele>
      </trkpt>
      <trkpt lat="19.435654990375042" lon="-99.15515519678593">
        <ele>2244.0</ele>
      </trkpt>
      <trkpt lat="19.43565482273698" lon="-99.15515385568142">
        <ele>2244.36</ele>
      </trkpt>
      <trkpt lat="19.435654655098915" lon="-99.15515251457691">
        <ele>2244.72</ele>
      </trkpt>
      <trkpt lat="19.43565448746085" lon="-99.1551511734724">
        <ele>2245.07</ele>
      </trkpt>
      <trkpt lat="19.43565431982279" lon="-99.1551498323679">
        <ele>2245.4</ele>
      </trkpt>
      <trkpt lat="19.435654068365693" lon="-99.1551479883492">
        <ele>2245.73</ele>
      </trkpt>
      <trkpt lat="19.435653816908598" lon="-99.15514647960663">
        <ele>2246.04</ele>
      </trkpt>
      <trkpt lat="19.435606626793742" lon="-99.15481690317392">
        <ele>2246.53</ele>
      </trkpt>
      <trkpt lat="19.435587264597416" lon="-99.15468354709446">
        <ele>2246.83</ele>
      </trkpt>
      <trkpt lat="19.435587096959352" lon="-99.15468237362802">
        <ele>2247.09</ele>
      </trkpt>
      <trkpt lat="19.43558692932129" lon="-99.15468120016158">
        <ele>2247.34</ele>
      </trkpt>
      <trkpt lat="19.435586761683226" lon="-99.15467977523804">
        <ele>2247.57</ele>
      </trkpt>
      <trkpt lat="19.435586594045162" lon="-99.15467851795256">
        <ele>2247.78</ele>
      </trkpt>
      <trkpt lat="19.4355864264071" lon="-99.15467700920999">
        <ele>2247.97</ele>
      </trkpt>
      <trkpt lat="19.435586258769035" lon="-99.15467566810548">
        <ele>2248.14</ele>
      </trkpt>
      <trkpt lat="19.435586091130972" lon="-99.15467415936291">
        <ele>2248.29</ele>
      </trkpt>
      <trkpt lat="19.43558592349291" lon="-99.15467273443937">
        <ele>2248.42</ele>
      </trkpt>
      <trkpt lat="19.435585672035813" lon="-99.15467072278261">
        <ele>2248.54</ele>
      </trkpt>
      <trkpt lat="19.43558550439775" lon="-99.15466904640198">
        <ele>2248.63</ele>
      </trkpt>
      <trkpt lat="19.43554258905351" lon="-99.15447416715324">
        <ele>2248.66</ele>
      </trkpt>
      <trkpt lat="19.435542337596416" lon="-99.1544729936868">
        <ele>2248.72</ele>
      </trkpt>
      <trkpt lat="19.43554208613932" lon="-99.15447182022035">
        <ele>2248.77</ele>
      </trkpt>
      <trkpt lat="19.435541834682226" lon="-99.15447039529681">
        <ele>2248.81</ele>
      </trkpt>
      <trkpt lat="19.43554158322513" lon="-99.15446922183037">
        <ele>2248.82</ele>
      </trkpt>
      <trkpt lat="19.435541331768036" lon="-99.1544677130878">
        <ele>2248.83</ele>
      </trkpt>
      <trkpt lat="19.43554108031094" lon="-99.15446637198329">
        <ele>2248.82</ele>
      </trkpt>
      <trkpt lat="19.435540828853846" lon="-99.15446494705975">
        <ele>2248.81</ele>
      </trkpt>
      <trkpt lat="19.43554057739675" lon="-99.15446343831718">
        <ele>2248.78</ele>
      </trkpt>
      <trkpt lat="19.435540158301592" lon="-99.15446151047945">
        <ele>2248.75</ele>
      </trkpt>
      <trkpt lat="19.435539823025465" lon="-99.15445983409882">
        <ele>2248.7</ele>
      </trkpt>
      <trkpt lat="19.43549749441445" lon="-99.15444231592119">
        <ele>2248.64</ele>
      </trkpt>
      <trkpt lat="19.43549606949091" lon="-99.15444172918797">
        <ele>2248.58</ele>
      </trkpt>
      <trkpt lat="19.435494728386402" lon="-99.15444122627378">
        <ele>2248.51</ele>
      </trkpt>
      <trkpt lat="19.435492968186736" lon="-99.15444055572152">
        <ele>2248.44</ele>
      </trkpt>
      <trkpt lat="19.435491459444165" lon="-99.1544399689883">
        <ele>2248.36</ele>
      </trkpt>
      <trkpt lat="19.43548978306353" lon="-99.15443929843605">
        <ele>2248.28</ele>
      </trkpt>
      <trkpt lat="19.435488106682897" lon="-99.15443862788379">
        <ele>2248.19</ele>
      </trkpt>
      <trkpt lat="19.43548634648323" lon="-99.15443795733154">
        <ele>2248.09</ele>
      </trkpt>
      <trkpt lat="19.435484586283565" lon="-99.15443728677928">
        <ele>2248.0</ele>
      </trkpt>
      <trkpt lat="19.43548240698874" lon="-99.15443644858897">
        <ele>2247.89</ele>
      </trkpt>
      <trkpt lat="19.43548039533198" lon="-99.15443569421768">
        <ele>2247.79</ele>
      </trkpt>
      <trkpt lat="19.435420548543334" lon="-99.15444239974022">
        <ele>2247.68</ele>
      </trkpt>
      <trkpt lat="19.4354188721627" lon="-99.15444265119731">
        <ele>2247.57</ele>
      </trkpt>
      <trkpt lat="19.435417279601097" lon="-99.15444290265441">
        <ele>2247.45</ele>
      </trkpt>
      <trkpt lat="19.435415267944336" lon="-99.1544431541115">
        <ele>2247.33</ele>
      </trkpt>
      <trkpt lat="19.43541350774467" lon="-99.1544434055686">
        <ele>2247.2</ele>
      </trkpt>
      <trkpt lat="19.43541149608791" lon="-99.1544436570257">
        <ele>2247.07</ele>
      </trkpt>
      <trkpt lat="19.43540956825018" lon="-99.15444390848279">
        <ele>2246.94</ele>
      </trkpt>
      <trkpt lat="19.435407556593418" lon="-99.15444415993989">
        <ele>2246.8</ele>
      </trkpt>
      <trkpt lat="19.435405544936657" lon="-99.15444441139698">
        <ele>2246.66</ele>
      </trkpt>
      <trkpt lat="19.435402946546674" lon="-99.15444474667311">
        <ele>2246.52</ele>
      </trkpt>
      <trkpt lat="19.43540076725185" lon="-99.15444508194923">
        <ele>2246.37</ele>
      </trkpt>
      <trkpt lat="19.435089798644185" lon="-99.154505264014">
        <ele>2246.23</ele>
      </trkpt>
      <trkpt lat="19.435059037059546" lon="-99.1545107960701">
        <ele>2246.08</ele>
      </trkpt>
      <trkpt lat="19.435057528316975" lon="-99.15451113134623">
        <ele>2245.92</ele>
      </trkpt>
      <trkpt lat="19.435056019574404" lon="-99.15451146662235">
        <ele>2245.77</ele>
      </trkpt>
      <trkpt lat="19.435054091736674" lon="-99.15451188571751">
        <ele>2245.61</ele>
      </trkpt>
      <trkpt lat="19.43505241535604" lon="-99.15451222099364">
        <ele>2245.45</ele>
      </trkpt>
      <trkpt lat="19.435050571337342" lon="-99.1545126400888">
        <ele>2245.3</ele>
      </trkpt>
      <trkpt lat="19.435048727318645" lon="-99.15451305918396">
        <ele>2245.14</ele>
      </trkpt>
      <trkpt lat="19.435046883299947" lon="-99.15451347827911">
        <ele>2244.99</ele>
      </trkpt>
      <trkpt lat="19.435044955462217" lon="-99.15451389737427">
        <ele>2244.84</ele>
      </trkpt>
      <trkpt lat="19.435042524710298" lon="-99.15451440028846">
        <ele>2244.69</ele>
      </trkpt>
      <trkpt lat="19.435040429234505" lon="-99.15451481938362">
        <ele>2244.55</ele>
      </trkpt>
      <trkpt lat="19.434727700427175" lon="-99.15456385351717">
        <ele>2244.3</ele>
      </trkpt>
      <trkpt lat="19.434414971619844" lon="-99.15461297146976">
        <ele>2244.0</ele>
      </trkpt>
      <trkpt lat="19.434327632188797" lon="-99.15462613105774">
        <ele>2243.92</ele>
      </trkpt>
      <trkpt lat="19.43432587198913" lon="-99.15462646633387">
        <ele>2243.82</ele>
      </trkpt>
      <trkpt lat="19.4343239441514" lon="-99.15462680161">
        <ele>2243.74</ele>
      </trkpt>
      <trkpt lat="19.434321764856577" lon="-99.15462722070515">
        <ele>2243.68</ele>
      </trkpt>
      <trkpt lat="19.434319837018847" lon="-99.15462755598128">
        <ele>2243.64</ele>
      </trkpt>
      <trkpt lat="19.43431757390499" lon="-99.15462797507644">
        <ele>2243.61</ele>
      </trkpt>
      <trkpt lat="19.434315394610167" lon="-99.1546283941716">
        <ele>2243.59</ele>
      </trkpt>
      <trkpt lat="19.43431313149631" lon="-99.15462881326675">
        <ele>2243.59</ele>
      </trkpt>
      <trkpt lat="19.434310868382454" lon="-99.15462923236191">
        <ele>2243.61</ele>
      </trkpt>
      <trkpt lat="19.434308102354407" lon="-99.1546297352761">
        <ele>2243.63</ele>
      </trkpt>
      <trkpt lat="19.434305671602488" lon="-99.15463015437126">
        <ele>2243.67</ele>
      </trkpt>
      <trkpt lat="19.433992439880967" lon="-99.15467575192451">
        <ele>2243.86</ele>
      </trkpt>
      <trkpt lat="19.43386109545827" lon="-99.15469452738762">
        <ele>2243.99</ele>
      </trkpt>
      <trkpt lat="19.433858999982476" lon="-99.15469486266375">
        <ele>2244.05</ele>
      </trkpt>
      <trkpt lat="19.43385682068765" lon="-99.15469519793987">
        <ele>2244.11</ele>
      </trkpt>
      <trkpt lat="19.433854389935732" lon="-99.15469561703503">
        <ele>2244.17</ele>
      </trkpt>
      <trkpt lat="19.433852126821876" lon="-99.15469595231116">
        <ele>2244.22</ele>
      </trkpt>
      <trkpt lat="19.433849612250924" lon="-99.15469637140632">
        <ele>2244.28</ele>
      </trkpt>
      <trkpt lat="19.433847181499004" lon="-99.15469679050148">
        <ele>2244.32</ele>
      </trkpt>
      <trkpt lat="19.433844666928053" lon="-99.15469720959663">
        <ele>2244.37</ele>
      </trkpt>
      <trkpt lat="19.43384206853807" lon="-99.15469762869179">
        <ele>2244.39</ele>
      </trkpt>
      <trkpt lat="19.433839051052928" lon="-99.15469813160598">
        <ele>2244.42</ele>
      </trkpt>
      <trkpt lat="19.433836368843913" lon="-99.15469855070114">
        <ele>2244.43</ele>
      </trkpt>
      <trkpt lat="19.43365632556379" lon="-99.15475303307176">
        <ele>2244.43</ele>
      </trkpt>
      <trkpt lat="19.433654062449932" lon="-99.15475378744304">
        <ele>2244.43</ele>
      </trkpt>
      <trkpt lat="19.433651715517044" lon="-99.15475454181433">
        <ele>2244.42</ele>
      </trkpt>
      <trkpt lat="19.43364911712706" lon="-99.15475538000464">
        <ele>2244.39</ele>
      </trkpt>
      <trkpt lat="19.43364668637514" lon="-99.15475621819496">
        <ele>2244.35</ele>
      </trkpt>
      <trkpt lat="19.433644004166126" lon="-99.15475705638528">
        <ele>2244.31</ele>
      </trkpt>
      <trkpt lat="19.433641405776143" lon="-99.1547578945756">
        <ele>2244.25</ele>
      </trkpt>
      <trkpt lat="19.433638639748096" lon="-99.15475881658494">
        <ele>2244.16</ele>
      </trkpt>
      <trkpt lat="19.43363595753908" lon="-99.15475965477526">
        <ele>2244.09</ele>
      </trkpt>
      <trkpt lat="19.433632688596845" lon="-99.15476066060364">
        <ele>2244.0</ele>
      </trkpt>
      <trkpt lat="19.433629922568798" lon="-99.15476158261299">
        <ele>2243.9</ele>
      </trkpt>
      <trkpt lat="19.433530597016215" lon="-99.15482721291482">
        <ele>2243.69</ele>
      </trkpt>
      <trkpt lat="19.433529004454613" lon="-99.15482830256224">
        <ele>2243.58</ele>
      </trkpt>
      <trkpt lat="19.43352732807398" lon="-99.15482947602868">
        <ele>2243.46</ele>
      </trkpt>
      <trkpt lat="19.43352540023625" lon="-99.15483081713319">
        <ele>2243.34</ele>
      </trkpt>
      <trkpt lat="19.433523640036583" lon="-99.15483207441866">
        <ele>2243.22</ele>
      </trkpt>
      <trkpt lat="19.433521712198853" lon="-99.15483341552317">
        <ele>2243.1</ele>
      </trkpt>
      <trkpt lat="19.433519784361124" lon="-99.15483475662768">
        <ele>2242.96</ele>
      </trkpt>
      <trkpt lat="19.433517772704363" lon="-99.15483618155122">
        <ele>2242.84</ele>
      </trkpt>
      <trkpt lat="19.4335157610476" lon="-99.15483760647476">
        <ele>2242.73</ele>
      </trkpt>
      <trkpt lat="19.433513330295682" lon="-99.15483928285539">
        <ele>2242.61</ele>
      </trkpt>
      <trkpt lat="19.43351123481989" lon="-99.15484070777893">
        <ele>2242.51</ele>
      </trkpt>
      <trkpt lat="19.43341987207532" lon="-99.15502988733351">
        <ele>2242.34</ele>
      </trkpt>
      <trkpt lat="19.433419201523066" lon="-99.15503139607608">
        <ele>2242.25</ele>
      </trkpt>
      <trkpt lat="19.433418530970812" lon="-99.15503298863769">
        <ele>2242.16</ele>
      </trkpt>
      <trkpt lat="19.433417692780495" lon="-99.15503483265638">
        <ele>2242.1</ele>
      </trkpt>
      <trkpt lat="19.43341693840921" lon="-99.15503650903702">
        <ele>2242.03</ele>
      </trkpt>
      <trkpt lat="19.43341601639986" lon="-99.15503843687475">
        <ele>2241.98</ele>
      </trkpt>
      <trkpt lat="19.433415178209543" lon="-99.15504028089345">
        <ele>2241.95</ele>
      </trkpt>
      <trkpt lat="19.433414256200194" lon="-99.15504220873117">
        <ele>2241.92</ele>
      </trkpt>
      <trkpt lat="19.433413334190845" lon="-99.1550441365689">
        <ele>2241.91</ele>
      </trkpt>
      <trkpt lat="19.433412244543433" lon="-99.15504656732082">
        <ele>2241.91</ele>
      </trkpt>
      <trkpt lat="19.433411322534084" lon="-99.15504857897758">
        <ele>2241.92</ele>
      </trkpt>
      <trkpt lat="19.433313170447946" lon="-99.15513809770346">
        <ele>2241.95</ele>
      </trkpt>
      <trkpt lat="19.433311745524406" lon="-99.15513943880796">
        <ele>2241.98</ele>
      </trkpt>
      <trkpt lat="19.433310236781836" lon="-99.1551408637315">
        <ele>2242.03</ele>
      </trkpt>
      <trkpt lat="19.4333085604012" lon="-99.1551424562931">
        <ele>2242.08</ele>
      </trkpt>
      <trkpt lat="19.43330705165863" lon="-99.15514396503568">
        <ele>2242.14</ele>
      </trkpt>
      <trkpt lat="19.433305291458964" lon="-99.15514564141631">
        <ele>2242.21</ele>
      </trkpt>
      <trkpt lat="19.4333035312593" lon="-99.15514731779695">
        <ele>2242.29</ele>
      </trkpt>
      <trkpt lat="19.433301771059632" lon="-99.15514899417758">
        <ele>2242.38</ele>
      </trkpt>
      <trkpt lat="19.433300010859966" lon="-99.15515067055821">
        <ele>2242.46</ele>
      </trkpt>
      <trkpt lat="19.43329783156514" lon="-99.155152766034">
        <ele>2242.56</ele>
      </trkpt>
      <trkpt lat="19.433295987546444" lon="-99.15515452623367">
        <ele>2242.65</ele>
      </trkpt>
      <trkpt lat="19.43317897617817" lon="-99.15522292256355">
        <ele>2242.81</ele>
      </trkpt>
      <trkpt lat="19.43317713215947" lon="-99.15522409603">
        <ele>2242.91</ele>
      </trkpt>
      <trkpt lat="19.433175288140774" lon="-99.15522526949644">
        <ele>2243.0</ele>
      </trkpt>
      <trkpt lat="19.43317310884595" lon="-99.15522661060095">
        <ele>2243.09</ele>
      </trkpt>
      <trkpt lat="19.43317118100822" lon="-99.15522778406739">
        <ele>2243.18</ele>
      </trkpt>
      <trkpt lat="19.433169001713395" lon="-99.1552291251719">
        <ele>2243.26</ele>
      </trkpt>
      <trkpt lat="19.43316682241857" lon="-99.15523046627641">
        <ele>2243.33</ele>
      </trkpt>
      <trkpt lat="19.433164559304714" lon="-99.15523180738091">
        <ele>2243.4</ele>
      </trkpt>
      <trkpt lat="19.433162296190858" lon="-99.15523323230445">
        <ele>2243.45</ele>
      </trkpt>
      <trkpt lat="19.43315953016281" lon="-99.15523490868509">
        <ele>2243.49</ele>
      </trkpt>
      <trkpt lat="19.43299583159387" lon="-99.1552309691906">
        <ele>2243.52</ele>
      </trkpt>
      <trkpt lat="19.43299340084195" lon="-99.1552309691906">
        <ele>2243.54</ele>
      </trkpt>
      <trkpt lat="19.432990802451968" lon="-99.1552309691906">
        <ele>2243.55</ele>
      </trkpt>
      <trkpt lat="19.43298803642392" lon="-99.1552309691906">
        <ele>2243.54</ele>
      </trkpt>
      <trkpt lat="19.432985354214907" lon="-99.1552309691906">
        <ele>2243.52</ele>
      </trkpt>
      <trkpt lat="19.43298250436783" lon="-99.1552309691906">
        <ele>2243.49</ele>
      </trkpt>
      <trkpt lat="19.43297957070172" lon="-99.1552309691906">
        <ele>2243.44</ele>
      </trkpt>
      <trkpt lat="19.432976553216577" lon="-99.1552309691906">
        <ele>2243.38</ele>
      </trkpt>
      <trkpt lat="19.432973451912403" lon="-99.1552309691906">
        <ele>2243.3</ele>
      </trkpt>
      <trkpt lat="19.43296984769404" lon="-99.1552309691906">
        <ele>2243.2</ele>
      </trkpt>
      <trkpt lat="19.43285216577351" lon="-99.15543138049543">
        <ele>2243.16</ele>
      </trkpt>
      <trkpt lat="19.432851243764162" lon="-99.15543305687606">
        <ele>2243.03</ele>
      </trkpt>
      <trkpt lat="19.43285023793578" lon="-99.15543481707573">
        <ele>2242.89</ele>
      </trkpt>
      <trkpt lat="19.43284914828837" lon="-99.15543682873249">
        <ele>2242.73</ele>
      </trkpt>
      <trkpt lat="19.43284822627902" lon="-99.15543858893216">
        <ele>2242.56</ele>
      </trkpt>
      <trkpt lat="19.432847136631608" lon="-99.15544060058892">
        <ele>2242.37</ele>
      </trkpt>
      <trkpt lat="19.432846046984196" lon="-99.15544261224568">
        <ele>2242.17</ele>
      </trkpt>
      <trkpt lat="19.43284487351775" lon="-99.15544470772147">
        <ele>2241.97</ele>
      </trkpt>
      <trkpt lat="19.432843700051308" lon="-99.1554468870163">
        <ele>2241.76</ele>
      </trkpt>
      <trkpt lat="19.432842191308737" lon="-99.15544956922531">
        <ele>2241.54</ele>
      </trkpt>
      <trkpt lat="19.432696513831615" lon="-99.15574536658823">
        <ele>2241.14</ele>
      </trkpt>
      <trkpt lat="19.43257019855082" lon="-99.15600067935884">
        <ele>2240.69</ele>
      </trkpt>
      <trkpt lat="19.432569360360503" lon="-99.1560024395585">
        <ele>2240.48</ele>
      </trkpt>
      <trkpt lat="19.432568522170186" lon="-99.1560042835772">
        <ele>2240.28</ele>
      </trkpt>
      <trkpt lat="19.432567516341805" lon="-99.156006379053">
        <ele>2240.1</ele>
      </trkpt>
      <trkpt lat="19.43256667815149" lon="-99.15600813925266">
        <ele>2239.93</ele>
      </trkpt>
      <trkpt lat="19.43256575614214" lon="-99.15601015090942">
        <ele>2239.78</ele>
      </trkpt>
      <trkpt lat="19.43256483413279" lon="-99.15601224638522">
        <ele>2239.64</ele>
      </trkpt>
      <trkpt lat="19.43256382830441" lon="-99.15601442568004">
        <ele>2239.53</ele>
      </trkpt>
      <trkpt lat="19.43256282247603" lon="-99.1560166887939">
        <ele>2239.43</ele>
      </trkpt>
      <trkpt lat="19.432561481371522" lon="-99.15601953864098">
        <ele>2239.36</ele>
      </trkpt>
      <trkpt lat="19.432417564094067" lon="-99.15631625801325">
        <ele>2239.43</ele>
      </trkpt>
      <trkpt lat="19.43227364681661" lon="-99.15661297738552">
        <ele>2239.44</ele>
      </trkpt>
      <trkpt lat="19.4321602396667" lon="-99.1568454913795">
        <ele>2239.43</ele>
      </trkpt>
      <trkpt lat="19.432159485295415" lon="-99.15684725157917">
        <ele>2239.42</ele>
      </trkpt>
      <trkpt lat="19.432158647105098" lon="-99.15684909559786">
        <ele>2239.42</ele>
      </trkpt>
      <trkpt lat="19.43215772509575" lon="-99.15685119107366">
        <ele>2239.44</ele>
      </trkpt>
      <trkpt lat="19.43215688690543" lon="-99.15685303509235">
        <ele>2239.46</ele>
      </trkpt>
      <trkpt lat="19.432155964896083" lon="-99.15685504674911">
        <ele>2239.49</ele>
      </trkpt>
      <trkpt lat="19.432155042886734" lon="-99.15685714222491">
        <ele>2239.53</ele>
      </trkpt>
      <trkpt lat="19.432154037058353" lon="-99.15685932151973">
        <ele>2239.58</ele>
      </trkpt>
      <trkpt lat="19.432153031229973" lon="-99.15686158463359">
        <ele>2239.63</ele>
      </trkpt>
      <trkpt lat="19.432151690125465" lon="-99.15686443448067">
        <ele>2239.69</ele>
      </trkpt>
      <trkpt lat="19.43201607093215" lon="-99.15716542862356">
        <ele>2239.7</ele>
      </trkpt>
      <trkpt lat="19.431880367919803" lon="-99.15746642276645">
        <ele>2239.75</ele>
      </trkpt>
      <trkpt lat="19.431744664907455" lon="-99.15776750072837">
        <ele>2239.9</ele>
      </trkpt>
      <trkpt lat="19.43160904571414" lon="-99.15806849487126">
        <ele>2239.96</ele>
      </trkpt>
      <trkpt lat="19.43155774846673" lon="-99.15818098001182">
        <ele>2240.01</ele>
      </trkpt>
      <trkpt lat="19.431556994095445" lon="-99.15818282403052">
        <ele>2240.06</ele>
      </trkpt>
      <trkpt lat="19.43155623972416" lon="-99.15818466804922">
        <ele>2240.11</ele>
      </trkpt>
      <trkpt lat="19.43155531771481" lon="-99.15818676352501">
        <ele>2240.14</ele>
      </trkpt>
      <trkpt lat="19.431554563343525" lon="-99.15818869136274">
        <ele>2240.17</ele>
      </trkpt>
      <trkpt lat="19.431553725153208" lon="-99.1581907030195">
        <ele>2240.2</ele>
      </trkpt>
      <trkpt lat="19.43155288696289" lon="-99.15819279849529">
        <ele>2240.21</ele>
      </trkpt>
      <trkpt lat="19.43155196495354" lon="-99.15819497779012">
        <ele>2240.22</ele>
      </trkpt>
      <trkpt lat="19.43155095912516" lon="-99.158197324723">
        <ele>2240.21</ele>
      </trkpt>
      <trkpt lat="19.431549701839685" lon="-99.15820017457008">
        <ele>2240.19</ele>
      </trkpt>
      <trkpt lat="19.43142246454954" lon="-99.15849186480045">
        <ele>2240.17</ele>
      </trkpt>
      <trkpt lat="19.431421710178256" lon="-99.15849362500012">
        <ele>2240.13</ele>
      </trkpt>
      <trkpt lat="19.43142095580697" lon="-99.15849546901882">
        <ele>2240.08</ele>
      </trkpt>
      <trkpt lat="19.431420117616653" lon="-99.15849764831364">
        <ele>2240.02</ele>
      </trkpt>
      <trkpt lat="19.431419363245368" lon="-99.15849949233234">
        <ele>2239.95</ele>
      </trkpt>
      <trkpt lat="19.43141852505505" lon="-99.15850158780813">
        <ele>2239.86</ele>
      </trkpt>
      <trkpt lat="19.43141793832183" lon="-99.1585030965507">
        <ele>2239.77</ele>
      </trkpt>
      <trkpt lat="19.431417603045702" lon="-99.15850368328393">
        <ele>2239.66</ele>
      </trkpt>
      <trkpt lat="19.43141659721732" lon="-99.15850594639778">
        <ele>2239.55</ele>
      </trkpt>
      <trkpt lat="19.43141559138894" lon="-99.1585083771497">
        <ele>2239.43</ele>
      </trkpt>
      <trkpt lat="19.431414417922497" lon="-99.15851131081581">
        <ele>2239.3</ele>
      </trkpt>
      <trkpt lat="19.43134526722133" lon="-99.15883644483984">
        <ele>2239.14</ele>
      </trkpt>
      <trkpt lat="19.431331185624003" lon="-99.15890073403716">
        <ele>2238.97</ele>
      </trkpt>
      <trkpt lat="19.431330766528845" lon="-99.15890266187489">
        <ele>2238.83</ele>
      </trkpt>
      <trkpt lat="19.431330347433686" lon="-99.15890467353165">
        <ele>2238.69</ele>
      </trkpt>
      <trkpt lat="19.431329928338528" lon="-99.15890702046454">
        <ele>2238.56</ele>
      </trkpt>
      <trkpt lat="19.4313295930624" lon="-99.15890894830227">
        <ele>2238.42</ele>
      </trkpt>
      <trkpt lat="19.431329173967242" lon="-99.15891121141613">
        <ele>2238.3</ele>
      </trkpt>
      <trkpt lat="19.431328754872084" lon="-99.15891347452998">
        <ele>2238.18</ele>
      </trkpt>
      <trkpt lat="19.431328251957893" lon="-99.15891598910093">
        <ele>2238.07</ele>
      </trkpt>
      <trkpt lat="19.431327749043703" lon="-99.15891858749092">
        <ele>2237.97</ele>
      </trkpt>
      <trkpt lat="19.43132716231048" lon="-99.15892168879509">
        <ele>2237.88</ele>
      </trkpt>
      <trkpt lat="19.43118684925139" lon="-99.15916132740676">
        <ele>2237.7</ele>
      </trkpt>
      <trkpt lat="19.431185759603977" lon="-99.1591632552445">
        <ele>2237.65</ele>
      </trkpt>
      <trkpt lat="19.431184669956565" lon="-99.15916526690125">
        <ele>2237.61</ele>
      </trkpt>
      <trkpt lat="19.43118341267109" lon="-99.15916753001511">
        <ele>2237.59</ele>
      </trkpt>
      <trkpt lat="19.431182323023677" lon="-99.15916954167187">
        <ele>2237.59</ele>
      </trkpt>
      <trkpt lat="19.4311810657382" lon="-99.1591717209667">
        <ele>2237.62</ele>
      </trkpt>
      <trkpt lat="19.431179808452725" lon="-99.15917398408055">
        <ele>2237.67</ele>
      </trkpt>
      <trkpt lat="19.431178467348218" lon="-99.15917641483247">
        <ele>2237.74</ele>
      </trkpt>
      <trkpt lat="19.43117704242468" lon="-99.15917892940342">
        <ele>2237.84</ele>
      </trkpt>
      <trkpt lat="19.431175449863076" lon="-99.15918186306953">
        <ele>2237.96</ele>
      </trkpt>
      <trkpt lat="19.43099037744105" lon="-99.15945201180875">
        <ele>2238.17</ele>
      </trkpt>
      <trkpt lat="19.430946707725525" lon="-99.1595150437206">
        <ele>2238.38</ele>
      </trkpt>
      <trkpt lat="19.43094553425908" lon="-99.1595168877393">
        <ele>2238.56</ele>
      </trkpt>
      <trkpt lat="19.430944276973605" lon="-99.159518731758">
        <ele>2238.77</ele>
      </trkpt>
      <trkpt lat="19.430942852050066" lon="-99.15952091105282">
        <ele>2239.0</ele>
      </trkpt>
      <trkpt lat="19.43094159476459" lon="-99.15952283889055">
        <ele>2239.25</ele>
      </trkpt>
      <trkpt lat="19.430940253660083" lon="-99.15952493436635">
        <ele>2239.51</ele>
      </trkpt>
      <trkpt lat="19.430938828736544" lon="-99.15952711366117">
        <ele>2239.8</ele>
      </trkpt>
      <trkpt lat="19.430937319993973" lon="-99.15952937677503">
        <ele>2240.09</ele>
      </trkpt>
      <trkpt lat="19.43093572743237" lon="-99.15953180752695">
        <ele>2240.4</ele>
      </trkpt>
      <trkpt lat="19.430933883413672" lon="-99.15953457355499">
        <ele>2240.73</ele>
      </trkpt>
      <trkpt lat="19.430787786841393" lon="-99.15983011946082">
        <ele>2241.17</ele>
      </trkpt>
      <trkpt lat="19.43070463836193" lon="-99.1599973384291">
        <ele>2241.52</ele>
      </trkpt>
      <trkpt lat="19.430703716352582" lon="-99.15999935008585">
        <ele>2241.87</ele>
      </trkpt>
      <trkpt lat="19.4307027105242" lon="-99.16000144556165">
        <ele>2242.22</ele>
      </trkpt>
      <trkpt lat="19.43070162087679" lon="-99.16000379249454">
        <ele>2242.57</ele>
      </trkpt>
      <trkpt lat="19.43070069886744" lon="-99.16000588797033">
        <ele>2242.92</ele>
      </trkpt>
      <trkpt lat="19.430699609220028" lon="-99.16000815108418">
        <ele>2243.27</ele>
      </trkpt>
      <trkpt lat="19.430698519572616" lon="-99.1600105818361">
        <ele>2243.62</ele>
      </trkpt>
      <trkpt lat="19.43069734610617" lon="-99.16001309640706">
        <ele>2243.97</ele>
      </trkpt>
      <trkpt lat="19.430696088820696" lon="-99.16001569479704">
        <ele>2244.3</ele>
      </trkpt>
      <trkpt lat="19.430694663897157" lon="-99.16001871228218">
        <ele>2244.63</ele>
      </trkpt>
      <trkpt lat="19.430553261190653" lon="-99.16031677275896">
        <ele>2245.12</ele>
      </trkpt>
      <trkpt lat="19.43041194230318" lon="-99.16061491705477">
        <ele>2245.46</ele>
      </trkpt>
      <trkpt lat="19.430270539596677" lon="-99.16091297753155">
        <ele>2245.82</ele>
      </trkpt>
      <trkpt lat="19.430174650624394" lon="-99.16111431084573">
        <ele>2246.09</ele>
      </trkpt>
      <trkpt lat="19.430173728615046" lon="-99.1611163225025">
        <ele>2246.34</ele>
      </trkpt>
      <trkpt lat="19.430172806605697" lon="-99.16111841797829">
        <ele>2246.56</ele>
      </trkpt>
      <trkpt lat="19.430171716958284" lon="-99.16112076491117">
        <ele>2246.77</ele>
      </trkpt>
      <trkpt lat="19.430170794948936" lon="-99.16112286038697">
        <ele>2246.95</ele>
      </trkpt>
      <trkpt lat="19.430169789120555" lon="-99.16112520731986">
        <ele>2247.11</ele>
      </trkpt>
      <trkpt lat="19.430168699473143" lon="-99.16112755425274">
        <ele>2247.25</ele>
      </trkpt>
      <trkpt lat="19.4301675260067" lon="-99.16113015264273">
        <ele>2247.37</ele>
      </trkpt>
      <trkpt lat="19.430166352540255" lon="-99.16113275103271">
        <ele>2247.47</ele>
      </trkpt>
      <trkpt lat="19.430164927616715" lon="-99.16113585233688">
        <ele>2247.54</ele>
      </trkpt>
      <trkpt lat="19.430023608729243" lon="-99.16143391281366">
        <ele>2247.44</ele>
      </trkpt>
      <trkpt lat="19.42988220602274" lon="-99.16173205710948">
        <ele>2247.52</ele>
      </trkpt>
      <trkpt lat="19.429740887135267" lon="-99.16203020140529">
        <ele>2247.61</ele>
      </trkpt>
      <trkpt lat="19.429599568247795" lon="-99.16232826188207">
        <ele>2247.58</ele>
      </trkpt>
      <trkpt lat="19.429542990401387" lon="-99.16244661435485">
        <ele>2247.56</ele>
      </trkpt>
      <trkpt lat="19.42954206839204" lon="-99.16244870983064">
        <ele>2247.57</ele>
      </trkpt>
      <trkpt lat="19.429541062563658" lon="-99.1624509729445">
        <ele>2247.56</ele>
      </trkpt>
      <trkpt lat="19.429539972916245" lon="-99.16245340369642">
        <ele>2247.55</ele>
      </trkpt>
      <trkpt lat="19.429538967087865" lon="-99.16245558299124">
        <ele>2247.53</ele>
      </trkpt>
      <trkpt lat="19.429537877440453" lon="-99.16245792992413">
        <ele>2247.51</ele>
      </trkpt>
      <trkpt lat="19.42953678779304" lon="-99.16246044449508">
        <ele>2247.49</ele>
      </trkpt>
      <trkpt lat="19.429535614326596" lon="-99.16246304288507">
        <ele>2247.46</ele>
      </trkpt>
      <trkpt lat="19.42953435704112" lon="-99.16246580891311">
        <ele>2247.43</ele>
      </trkpt>
      <trkpt lat="19.42953293211758" lon="-99.16246891021729">
        <ele>2247.4</ele>
      </trkpt>
      <trkpt lat="19.429374178871512" lon="-99.16275716386735">
        <ele>2247.37</ele>
      </trkpt>
      <trkpt lat="19.429342411458492" lon="-99.16281407698989">
        <ele>2247.37</ele>
      </trkpt>
      <trkpt lat="19.42934132181108" lon="-99.16281617246568">
        <ele>2247.34</ele>
      </trkpt>
      <trkpt lat="19.429340148344636" lon="-99.16281843557954">
        <ele>2247.31</ele>
      </trkpt>
      <trkpt lat="19.42933889105916" lon="-99.16282086633146">
        <ele>2247.28</ele>
      </trkpt>
      <trkpt lat="19.429337717592716" lon="-99.16282304562628">
        <ele>2247.25</ele>
      </trkpt>
      <trkpt lat="19.42933646030724" lon="-99.16282539255917">
        <ele>2247.21</ele>
      </trkpt>
      <trkpt lat="19.429335119202733" lon="-99.16282790713012">
        <ele>2247.17</ele>
      </trkpt>
      <trkpt lat="19.429333694279194" lon="-99.1628305055201">
        <ele>2247.14</ele>
      </trkpt>
      <trkpt lat="19.429332269355655" lon="-99.16283327154815">
        <ele>2247.1</ele>
      </trkpt>
      <trkpt lat="19.42933059297502" lon="-99.16283637285233">
        <ele>2247.05</ele>
      </trkpt>
      <trkpt lat="19.429199919104576" lon="-99.16313979774714">
        <ele>2247.1</ele>
      </trkpt>
      <trkpt lat="19.42914049141109" lon="-99.16327692568302">
        <ele>2247.04</ele>
      </trkpt>
      <trkpt lat="19.42913956940174" lon="-99.16327918879688">
        <ele>2246.98</ele>
      </trkpt>
      <trkpt lat="19.429138647392392" lon="-99.16328153572977">
        <ele>2246.9</ele>
      </trkpt>
      <trkpt lat="19.42913755774498" lon="-99.16328413411975">
        <ele>2246.82</ele>
      </trkpt>
      <trkpt lat="19.42913663573563" lon="-99.1632863972336">
        <ele>2246.73</ele>
      </trkpt>
      <trkpt lat="19.42913562990725" lon="-99.16328891180456">
        <ele>2246.63</ele>
      </trkpt>
      <trkpt lat="19.429134540259838" lon="-99.16329151019454">
        <ele>2246.53</ele>
      </trkpt>
      <trkpt lat="19.429133366793394" lon="-99.16329427622259">
        <ele>2246.42</ele>
      </trkpt>
      <trkpt lat="19.42913219332695" lon="-99.16329712606966">
        <ele>2246.3</ele>
      </trkpt>
      <trkpt lat="19.429130852222443" lon="-99.1633003950119">
        <ele>2246.18</ele>
      </trkpt>
      <trkpt lat="19.429098330438137" lon="-99.16344783268869">
        <ele>2245.93</ele>
      </trkpt>
      <trkpt lat="19.42909791134298" lon="-99.16345009580255">
        <ele>2245.79</ele>
      </trkpt>
      <trkpt lat="19.429097408428788" lon="-99.16345252655447">
        <ele>2245.66</ele>
      </trkpt>
      <trkpt lat="19.429096905514598" lon="-99.16345520876348">
        <ele>2245.52</ele>
      </trkpt>
      <trkpt lat="19.429096402600408" lon="-99.16345755569637">
        <ele>2245.38</ele>
      </trkpt>
      <trkpt lat="19.429095899686217" lon="-99.16346015408635">
        <ele>2245.24</ele>
      </trkpt>
      <trkpt lat="19.429095396772027" lon="-99.16346283629537">
        <ele>2245.1</ele>
      </trkpt>
      <trkpt lat="19.429094810038805" lon="-99.16346568614244">
        <ele>2244.95</ele>
      </trkpt>
      <trkpt lat="19.429094223305583" lon="-99.16346861980855">
        <ele>2244.82</ele>
      </trkpt>
      <trkpt lat="19.42909355275333" lon="-99.16347205638885">
        <ele>2244.68</ele>
      </trkpt>
      <trkpt lat="19.42910679616034" lon="-99.1635541152209">
        <ele>2244.51</ele>
      </trkpt>
      <trkpt lat="19.4291072152555" lon="-99.16355654597282">
        <ele>2244.38</ele>
      </trkpt>
      <trkpt lat="19.429107634350657" lon="-99.16355906054378">
        <ele>2244.25</ele>
      </trkpt>
      <trkpt lat="19.429108137264848" lon="-99.16356182657182">
        <ele>2244.13</ele>
      </trkpt>
      <trkpt lat="19.429108556360006" lon="-99.16356425732374">
        <ele>2244.01</ele>
      </trkpt>
      <trkpt lat="19.429109059274197" lon="-99.16356693953276">
        <ele>2243.9</ele>
      </trkpt>
      <trkpt lat="19.429109562188387" lon="-99.16356978937984">
        <ele>2243.79</ele>
      </trkpt>
      <trkpt lat="19.429110065102577" lon="-99.16357272304595">
        <ele>2243.68</ele>
      </trkpt>
      <trkpt lat="19.4291106518358" lon="-99.16357582435012">
        <ele>2243.58</ele>
      </trkpt>
      <trkpt lat="19.42911123856902" lon="-99.16357934474945">
        <ele>2243.49</ele>
      </trkpt>
      <trkpt lat="19.42911509424448" lon="-99.16362938471138">
        <ele>2243.39</ele>
      </trkpt>
      <trkpt lat="19.429115345701575" lon="-99.16363189928234">
        <ele>2243.3</ele>
      </trkpt>
      <trkpt lat="19.42911559715867" lon="-99.16363458149135">
        <ele>2243.22</ele>
      </trkpt>
      <trkpt lat="19.429115848615766" lon="-99.16363743133843">
        <ele>2243.15</ele>
      </trkpt>
      <trkpt lat="19.42911610007286" lon="-99.16364002972841">
        <ele>2243.07</ele>
      </trkpt>
      <trkpt lat="19.429116351529956" lon="-99.16364287957549">
        <ele>2243.01</ele>
      </trkpt>
      <trkpt lat="19.42911660298705" lon="-99.1636458132416">
        <ele>2242.95</ele>
      </trkpt>
      <trkpt lat="19.429116938263178" lon="-99.16364891454577">
        <ele>2242.89</ele>
      </trkpt>
      <trkpt lat="19.429117273539305" lon="-99.16365209966898">
        <ele>2242.84</ele>
      </trkpt>
      <trkpt lat="19.42911760881543" lon="-99.16365578770638">
        <ele>2242.79</ele>
      </trkpt>
      <trkpt lat="19.42911115474999" lon="-99.16371236555278">
        <ele>2242.72</ele>
      </trkpt>
      <trkpt lat="19.429110903292894" lon="-99.16371496394277">
        <ele>2242.68</ele>
      </trkpt>
      <trkpt lat="19.4291106518358" lon="-99.16371756233275">
        <ele>2242.65</ele>
      </trkpt>
      <trkpt lat="19.429110400378704" lon="-99.16372041217983">
        <ele>2242.61</ele>
      </trkpt>
      <trkpt lat="19.42911014892161" lon="-99.16372301056981">
        <ele>2242.58</ele>
      </trkpt>
      <trkpt lat="19.429109897464514" lon="-99.16372586041689">
        <ele>2242.56</ele>
      </trkpt>
      <trkpt lat="19.42910964600742" lon="-99.163728794083">
        <ele>2242.54</ele>
      </trkpt>
      <trkpt lat="19.429109394550323" lon="-99.16373189538717">
        <ele>2242.52</ele>
      </trkpt>
      <trkpt lat="19.429109059274197" lon="-99.16373516432941">
        <ele>2242.5</ele>
      </trkpt>
      <trkpt lat="19.42910872399807" lon="-99.16373893618584">
        <ele>2242.48</ele>
      </trkpt>
      <trkpt lat="19.429082237184048" lon="-99.16383650153875">
        <ele>2242.47</ele>
      </trkpt>
      <trkpt lat="19.429081650450826" lon="-99.16383893229067">
        <ele>2242.47</ele>
      </trkpt>
      <trkpt lat="19.429081063717604" lon="-99.16384144686162">
        <ele>2242.46</ele>
      </trkpt>
      <trkpt lat="19.42908039316535" lon="-99.1638442967087">
        <ele>2242.45</ele>
      </trkpt>
      <trkpt lat="19.429079806432128" lon="-99.16384681127965">
        <ele>2242.44</ele>
      </trkpt>
      <trkpt lat="19.429079135879874" lon="-99.1638495773077">
        <ele>2242.43</ele>
      </trkpt>
      <trkpt lat="19.42907838150859" lon="-99.16385242715478">
        <ele>2242.42</ele>
      </trkpt>
      <trkpt lat="19.429077627137303" lon="-99.16385544463992">
        <ele>2242.42</ele>
      </trkpt>
      <trkpt lat="19.429076788946986" lon="-99.16385862976313">
        <ele>2242.41</ele>
      </trkpt>
      <trkpt lat="19.429075866937637" lon="-99.16386231780052">
        <ele>2242.4</ele>
      </trkpt>
      <trkpt lat="19.429054409265518" lon="-99.16390581987798">
        <ele>2242.41</ele>
      </trkpt>
      <trkpt lat="19.429053319618106" lon="-99.16390816681087">
        <ele>2242.4</ele>
      </trkpt>
      <trkpt lat="19.429052229970694" lon="-99.16391059756279">
        <ele>2242.37</ele>
      </trkpt>
      <trkpt lat="19.429050972685218" lon="-99.16391336359084">
        <ele>2242.35</ele>
      </trkpt>
      <trkpt lat="19.429049883037806" lon="-99.16391579434276">
        <ele>2242.34</ele>
      </trkpt>
      <trkpt lat="19.42904870957136" lon="-99.16391839273274">
        <ele>2242.31</ele>
      </trkpt>
      <trkpt lat="19.429047452285886" lon="-99.16392115876079">
        <ele>2242.28</ele>
      </trkpt>
      <trkpt lat="19.42904611118138" lon="-99.16392400860786">
        <ele>2242.27</ele>
      </trkpt>
      <trkpt lat="19.42904468625784" lon="-99.16392719373107">
        <ele>2242.24</ele>
      </trkpt>
      <trkpt lat="19.429043009877205" lon="-99.1639307141304">
        <ele>2242.22</ele>
      </trkpt>
      <trkpt lat="19.429007302969694" lon="-99.16396130807698">
        <ele>2242.2</ele>
      </trkpt>
      <trkpt lat="19.429005291312933" lon="-99.16396315209568">
        <ele>2242.18</ele>
      </trkpt>
      <trkpt lat="19.42900319583714" lon="-99.1639650799334">
        <ele>2242.16</ele>
      </trkpt>
      <trkpt lat="19.429000932723284" lon="-99.1639671754092">
        <ele>2242.16</ele>
      </trkpt>
      <trkpt lat="19.42899883724749" lon="-99.1639690194279">
        <ele>2242.15</ele>
      </trkpt>
      <trkpt lat="19.428996574133635" lon="-99.16397103108466">
        <ele>2242.16</ele>
      </trkpt>
      <trkpt lat="19.428994227200747" lon="-99.16397312656045">
        <ele>2242.17</ele>
      </trkpt>
      <trkpt lat="19.428991796448827" lon="-99.16397530585527">
        <ele>2242.2</ele>
      </trkpt>
      <trkpt lat="19.428989114239812" lon="-99.16397765278816">
        <ele>2242.24</ele>
      </trkpt>
      <trkpt lat="19.42898609675467" lon="-99.16398033499718">
        <ele>2242.29</ele>
      </trkpt>
      <trkpt lat="19.428888112306595" lon="-99.16401176713407">
        <ele>2242.3</ele>
      </trkpt>
      <trkpt lat="19.428885262459517" lon="-99.16401277296245">
        <ele>2242.39</ele>
      </trkpt>
      <trkpt lat="19.428882328793406" lon="-99.16401377879083">
        <ele>2242.51</ele>
      </trkpt>
      <trkpt lat="19.42887905985117" lon="-99.16401486843824">
        <ele>2242.64</ele>
      </trkpt>
      <trkpt lat="19.42887612618506" lon="-99.16401587426662">
        <ele>2242.79</ele>
      </trkpt>
      <trkpt lat="19.428873024880886" lon="-99.16401696391404">
        <ele>2242.97</ele>
      </trkpt>
      <trkpt lat="19.42886975593865" lon="-99.16401805356145">
        <ele>2243.17</ele>
      </trkpt>
      <trkpt lat="19.428866235539317" lon="-99.1640192270279">
        <ele>2243.4</ele>
      </trkpt>
      <trkpt lat="19.42886254750192" lon="-99.16402048431337">
        <ele>2243.66</ele>
      </trkpt>
      <trkpt lat="19.428858440369368" lon="-99.16402190923691">
        <ele>2243.95</ele>
      </trkpt>
      <trkpt lat="19.42880035378039" lon="-99.1640567779541">
        <ele>2244.27</ele>
      </trkpt>
      <trkpt lat="19.42879792302847" lon="-99.16405828669667">
        <ele>2244.6</ele>
      </trkpt>
      <trkpt lat="19.428795408457518" lon="-99.16405987925828">
        <ele>2244.98</ele>
      </trkpt>
      <trkpt lat="19.42879264242947" lon="-99.16406163945794">
        <ele>2245.37</ele>
      </trkpt>
      <trkpt lat="19.42879021167755" lon="-99.16406323201954">
        <ele>2245.78</ele>
      </trkpt>
      <trkpt lat="19.428787529468536" lon="-99.16406490840018">
        <ele>2246.22</ele>
      </trkpt>
      <trkpt lat="19.42878476344049" lon="-99.16406666859984">
        <ele>2246.68</ele>
      </trkpt>
      <trkpt lat="19.428781745955348" lon="-99.16406859643757">
        <ele>2247.15</ele>
      </trkpt>
      <trkpt lat="19.428778560832143" lon="-99.16407060809433">
        <ele>2247.64</ele>
      </trkpt>
      <trkpt lat="19.42877495661378" lon="-99.16407287120819">
        <ele>2248.14</ele>
      </trkpt>
      <trkpt lat="19.42867487668991" lon="-99.16425609961152">
        <ele>2248.81</ele>
      </trkpt>
      <trkpt lat="19.428673535585403" lon="-99.16425861418247">
        <ele>2249.33</ele>
      </trkpt>
      <trkpt lat="19.428672194480896" lon="-99.16426112875342">
        <ele>2249.84</ele>
      </trkpt>
      <trkpt lat="19.428670685738325" lon="-99.1642639786005">
        <ele>2250.34</ele>
      </trkpt>
      <trkpt lat="19.428669344633818" lon="-99.16426649317145">
        <ele>2250.84</ele>
      </trkpt>
      <trkpt lat="19.42866791971028" lon="-99.1642692591995">
        <ele>2251.32</ele>
      </trkpt>
      <trkpt lat="19.42866649478674" lon="-99.16427202522755">
        <ele>2251.77</ele>
      </trkpt>
      <trkpt lat="19.428664902225137" lon="-99.16427512653172">
        <ele>2252.21</ele>
      </trkpt>
      <trkpt lat="19.42866314202547" lon="-99.16427839547396">
        <ele>2252.6</ele>
      </trkpt>
      <trkpt lat="19.42866121418774" lon="-99.16428208351135">
        <ele>2252.97</ele>
      </trkpt>
      <trkpt lat="19.428520062938333" lon="-99.1645803116262">
        <ele>2253.64</ele>
      </trkpt>
      <trkpt lat="19.428378995507956" lon="-99.16487853974104">
        <ele>2254.01</ele>
      </trkpt>
      <trkpt lat="19.428285118192434" lon="-99.16507601737976">
        <ele>2254.38</ele>
      </trkpt>
      <trkpt lat="19.42828394472599" lon="-99.16507869958878">
        <ele>2254.52</ele>
      </trkpt>
      <trkpt lat="19.428282771259546" lon="-99.16508129797876">
        <ele>2254.62</ele>
      </trkpt>
      <trkpt lat="19.42828143015504" lon="-99.16508414782584">
        <ele>2254.62</ele>
      </trkpt>
      <trkpt lat="19.428280256688595" lon="-99.16508674621582">
        <ele>2254.55</ele>
      </trkpt>
      <trkpt lat="19.42827899940312" lon="-99.1650895960629">
        <ele>2254.44</ele>
      </trkpt>
      <trkpt lat="19.42827765829861" lon="-99.16509252972901">
        <ele>2254.23</ele>
      </trkpt>
      <trkpt lat="19.428276233375072" lon="-99.16509563103318">
        <ele>2253.95</ele>
      </trkpt>
      <trkpt lat="19.42827464081347" lon="-99.16509906761348">
        <ele>2253.62</ele>
      </trkpt>
      <trkpt lat="19.428272880613804" lon="-99.16510283946991">
        <ele>2253.21</ele>
      </trkpt>
      <trkpt lat="19.428132316097617" lon="-99.16540131904185">
        <ele>2252.49</ele>
      </trkpt>
      <trkpt lat="19.4279916677624" lon="-99.16569979861379">
        <ele>2251.6</ele>
      </trkpt>
      <trkpt lat="19.427851103246212" lon="-99.16599836200476">
        <ele>2250.92</ele>
      </trkpt>
      <trkpt lat="19.427710538730025" lon="-99.1662968415767">
        <ele>2250.38</ele>
      </trkpt>
      <trkpt lat="19.427686985582113" lon="-99.16634595952928">
        <ele>2249.73</ele>
      </trkpt>
      <trkpt lat="19.42768581211567" lon="-99.16634855791926">
        <ele>2249.08</ele>
      </trkpt>
      <trkpt lat="19.42754901945591" lon="-99.16664904914796">
        <ele>2248.39</ele>
      </trkpt>
      <trkpt lat="19.427412310615182" lon="-99.16694954037666">
        <ele>2247.67</ele>
      </trkpt>
      <trkpt lat="19.427275601774454" lon="-99.16725003160536">
        <ele>2246.85</ele>
      </trkpt>
      <trkpt lat="19.42725053988397" lon="-99.16730493307114">
        <ele>2246.12</ele>
      </trkpt>
      <trkpt lat="19.427249366417527" lon="-99.16730761528015">
        <ele>2245.42</ele>
      </trkpt>
      <trkpt lat="19.42731700837612" lon="-99.1673962958157">
        <ele>2244.72</ele>
      </trkpt>
      <trkpt lat="19.42731893621385" lon="-99.16739881038666">
        <ele>2244.04</ele>
      </trkpt>
      <trkpt lat="19.42735841497779" lon="-99.16751934215426">
        <ele>2243.37</ele>
      </trkpt>
      <trkpt lat="19.42735942080617" lon="-99.16752219200134">
        <ele>2242.73</ele>
      </trkpt>
      <trkpt lat="19.427369982004166" lon="-99.16764607653022">
        <ele>2242.03</ele>
      </trkpt>
      <trkpt lat="19.42737023346126" lon="-99.1676489263773">
        <ele>2241.43</ele>
      </trkpt>
      <trkpt lat="19.42736973054707" lon="-99.16765194386244">
        <ele>2240.85</ele>
      </trkpt>
      <trkpt lat="19.42736922763288" lon="-99.16765521280468">
        <ele>2240.3</ele>
      </trkpt>
      <trkpt lat="19.42736880853772" lon="-99.16765814647079">
        <ele>2239.79</ele>
      </trkpt>
      <trkpt lat="19.42736830562353" lon="-99.16766133159399">
        <ele>2239.3</ele>
      </trkpt>
      <trkpt lat="19.42736780270934" lon="-99.16766460053623">
        <ele>2238.85</ele>
      </trkpt>
      <trkpt lat="19.42736721597612" lon="-99.16766820475459">
        <ele>2238.42</ele>
      </trkpt>
      <trkpt lat="19.427366629242897" lon="-99.16767197661102">
        <ele>2238.04</ele>
      </trkpt>
      <trkpt lat="19.427365958690643" lon="-99.1676764190197">
        <ele>2237.68</ele>
      </trkpt>
      <trkpt lat="19.427343411371112" lon="-99.16779770515859">
        <ele>2237.35</ele>
      </trkpt>
      <trkpt lat="19.42734290845692" lon="-99.1678006388247">
        <ele>2237.06</ele>
      </trkpt>
      <trkpt lat="19.42734240554273" lon="-99.16780357249081">
        <ele>2236.81</ele>
      </trkpt>
      <trkpt lat="19.42734181880951" lon="-99.16780684143305">
        <ele>2236.58</ele>
      </trkpt>
      <trkpt lat="19.42734131589532" lon="-99.16780985891819">
        <ele>2236.39</ele>
      </trkpt>
      <trkpt lat="19.42734081298113" lon="-99.16781296022236">
        <ele>2236.22</ele>
      </trkpt>
      <trkpt lat="19.427340226247907" lon="-99.1678162291646">
        <ele>2236.08</ele>
      </trkpt>
      <trkpt lat="19.427339639514685" lon="-99.16781983338296">
        <ele>2235.97</ele>
      </trkpt>
      <trkpt lat="19.42733896896243" lon="-99.16782360523939">
        <ele>2235.89</ele>
      </trkpt>
      <trkpt lat="19.427338214591146" lon="-99.16782796382904">
        <ele>2235.82</ele>
      </trkpt>
      <trkpt lat="19.427295215427876" lon="-99.16789292357862">
        <ele>2235.78</ele>
      </trkpt>
      <trkpt lat="19.42729345522821" lon="-99.16789568960667">
        <ele>2235.76</ele>
      </trkpt>
      <trkpt lat="19.427291695028543" lon="-99.16789837181568">
        <ele>2235.76</ele>
      </trkpt>
      <trkpt lat="19.427289767190814" lon="-99.16790138930082">
        <ele>2235.79</ele>
      </trkpt>
      <trkpt lat="19.427288006991148" lon="-99.16790407150984">
        <ele>2235.82</ele>
      </trkpt>
      <trkpt lat="19.42728616297245" lon="-99.16790692135692">
        <ele>2235.88</ele>
      </trkpt>
      <trkpt lat="19.42728423513472" lon="-99.16790993884206">
        <ele>2235.95</ele>
      </trkpt>
      <trkpt lat="19.427282139658928" lon="-99.1679132077843">
        <ele>2236.04</ele>
      </trkpt>
      <trkpt lat="19.427279960364103" lon="-99.1679166443646">
        <ele>2236.13</ele>
      </trkpt>
      <trkpt lat="19.427277529612184" lon="-99.16792050004005">
        <ele>2236.24</ele>
      </trkpt>
      <trkpt lat="19.42720544524491" lon="-99.16800658218563">
        <ele>2236.4</ele>
      </trkpt>
      <trkpt lat="19.427203265950084" lon="-99.16800926439464">
        <ele>2236.53</ele>
      </trkpt>
      <trkpt lat="19.42720117047429" lon="-99.16801186278462">
        <ele>2236.67</ele>
      </trkpt>
      <trkpt lat="19.427198823541403" lon="-99.16801479645073">
        <ele>2236.81</ele>
      </trkpt>
      <trkpt lat="19.42719672806561" lon="-99.16801739484072">
        <ele>2236.95</ele>
      </trkpt>
      <trkpt lat="19.427194464951754" lon="-99.16802016086876">
        <ele>2237.1</ele>
      </trkpt>
      <trkpt lat="19.427192118018866" lon="-99.16802309453487">
        <ele>2237.25</ele>
      </trkpt>
      <trkpt lat="19.427189603447914" lon="-99.16802619583905">
        <ele>2237.41</ele>
      </trkpt>
      <trkpt lat="19.4271869212389" lon="-99.16802946478128">
        <ele>2237.57</ele>
      </trkpt>
      <trkpt lat="19.427183903753757" lon="-99.16803315281868">
        <ele>2237.73</ele>
      </trkpt>
      <trkpt lat="19.427112322300673" lon="-99.16806609369814">
        <ele>2237.91</ele>
      </trkpt>
      <trkpt lat="19.427109137177467" lon="-99.16806760244071">
        <ele>2238.07</ele>
      </trkpt>
      <trkpt lat="19.427105952054262" lon="-99.16806911118329">
        <ele>2238.23</ele>
      </trkpt>
      <trkpt lat="19.427102599292994" lon="-99.16807070374489">
        <ele>2238.39</ele>
      </trkpt>
      <trkpt lat="19.427099330350757" lon="-99.16807229630649">
        <ele>2238.56</ele>
      </trkpt>
      <trkpt lat="19.427095893770456" lon="-99.16807397268713">
        <ele>2238.72</ele>
      </trkpt>
      <trkpt lat="19.427092373371124" lon="-99.16807564906776">
        <ele>2238.89</ele>
      </trkpt>
      <trkpt lat="19.42708868533373" lon="-99.16807740926743">
        <ele>2239.06</ele>
      </trkpt>
      <trkpt lat="19.427084662020206" lon="-99.16807933710515">
        <ele>2239.23</ele>
      </trkpt>
      <trkpt lat="19.427080219611526" lon="-99.16808143258095">
        <ele>2239.41</ele>
      </trkpt>
      <trkpt lat="19.427023893222213" lon="-99.16809098795056">
        <ele>2239.6</ele>
      </trkpt>
      <trkpt lat="19.427020456641912" lon="-99.16809165850282">
        <ele>2239.78</ele>
      </trkpt>
      <trkpt lat="19.427017103880644" lon="-99.16809224523604">
        <ele>2239.97</ele>
      </trkpt>
      <trkpt lat="19.427013332024217" lon="-99.16809291578829">
        <ele>2240.16</ele>
      </trkpt>
      <trkpt lat="19.427009895443916" lon="-99.16809358634055">
        <ele>2240.36</ele>
      </trkpt>
      <trkpt lat="19.42700620740652" lon="-99.1680942568928">
        <ele>2240.56</ele>
      </trkpt>
      <trkpt lat="19.427002351731062" lon="-99.16809501126409">
        <ele>2240.77</ele>
      </trkpt>
      <trkpt lat="19.42699832841754" lon="-99.16809576563537">
        <ele>2240.99</ele>
      </trkpt>
      <trkpt lat="19.426994053646922" lon="-99.16809660382569">
        <ele>2241.22</ele>
      </trkpt>
      <trkpt lat="19.426989192143083" lon="-99.16809752583504">
        <ele>2241.45</ele>
      </trkpt>
      <trkpt lat="19.42692314274609" lon="-99.16812099516392">
        <ele>2241.72</ele>
      </trkpt>
      <trkpt lat="19.426919789984822" lon="-99.1681222524494">
        <ele>2241.98</ele>
      </trkpt>
      <trkpt lat="19.426916437223554" lon="-99.16812350973487">
        <ele>2242.24</ele>
      </trkpt>
      <trkpt lat="19.42691283300519" lon="-99.16812485083938">
        <ele>2242.51</ele>
      </trkpt>
      <trkpt lat="19.42690939642489" lon="-99.16812610812485">
        <ele>2242.79</ele>
      </trkpt>
      <trkpt lat="19.426905792206526" lon="-99.16812744922936">
        <ele>2243.08</ele>
      </trkpt>
      <trkpt lat="19.4269020203501" lon="-99.1681288741529">
        <ele>2243.38</ele>
      </trkpt>
      <trkpt lat="19.426898080855608" lon="-99.16813038289547">
        <ele>2243.69</ele>
      </trkpt>
      <trkpt lat="19.426893889904022" lon="-99.16813197545707">
        <ele>2244.01</ele>
      </trkpt>
      <trkpt lat="19.426889196038246" lon="-99.16813373565674">
        <ele>2244.33</ele>
      </trkpt>
      <trkpt lat="19.426787858828902" lon="-99.16830531321466">
        <ele>2244.77</ele>
      </trkpt>
      <trkpt lat="19.426786098629236" lon="-99.16830841451883">
        <ele>2245.12</ele>
      </trkpt>
      <trkpt lat="19.426784422248602" lon="-99.16831143200397">
        <ele>2245.46</ele>
      </trkpt>
      <trkpt lat="19.426782494410872" lon="-99.16831478476524">
        <ele>2245.8</ele>
      </trkpt>
      <trkpt lat="19.426780734211206" lon="-99.16831796988845">
        <ele>2246.15</ele>
      </trkpt>
      <trkpt lat="19.42677889019251" lon="-99.16832115501165">
        <ele>2246.49</ele>
      </trkpt>
      <trkpt lat="19.42677696235478" lon="-99.16832450777292">
        <ele>2246.84</ele>
      </trkpt>
      <trkpt lat="19.426774950698018" lon="-99.16832811199129">
        <ele>2247.17</ele>
      </trkpt>
      <trkpt lat="19.426772771403193" lon="-99.16833196766675">
        <ele>2247.51</ele>
      </trkpt>
      <trkpt lat="19.426770340651274" lon="-99.16833624243736">
        <ele>2247.84</ele>
      </trkpt>
      <trkpt lat="19.426615107804537" lon="-99.1686265077442">
        <ele>2248.36</ele>
      </trkpt>
      <trkpt lat="19.4264598749578" lon="-99.16891685687006">
        <ele>2248.58</ele>
      </trkpt>
      <trkpt lat="19.42643254995346" lon="-99.16896714828908">
        <ele>2248.83</ele>
      </trkpt>
      <trkpt lat="19.426430873572826" lon="-99.16897033341229">
        <ele>2249.1</ele>
      </trkpt>
      <trkpt lat="19.426429281011224" lon="-99.16897343471646">
        <ele>2249.35</ele>
      </trkpt>
      <trkpt lat="19.426427520811558" lon="-99.16897687129676">
        <ele>2249.58</ele>
      </trkpt>
      <trkpt lat="19.426425844430923" lon="-99.16898005641997">
        <ele>2249.78</ele>
      </trkpt>
      <trkpt lat="19.426424084231257" lon="-99.16898340918124">
        <ele>2249.97</ele>
      </trkpt>
      <trkpt lat="19.42642232403159" lon="-99.1689867619425">
        <ele>2250.13</ele>
      </trkpt>
      <trkpt lat="19.426420396193862" lon="-99.1689904499799">
        <ele>2250.26</ele>
      </trkpt>
      <trkpt lat="19.4264183845371" lon="-99.16899438947439">
        <ele>2250.36</ele>
      </trkpt>
      <trkpt lat="19.426416121423244" lon="-99.16899874806404">
        <ele>2250.43</ele>
      </trkpt>
      <trkpt lat="19.426283687353134" lon="-99.16930133476853">
        <ele>2250.43</ele>
      </trkpt>
      <trkpt lat="19.426151253283024" lon="-99.16960392147303">
        <ele>2250.78</ele>
      </trkpt>
      <trkpt lat="19.426018819212914" lon="-99.16990659199655">
        <ele>2251.08</ele>
      </trkpt>
      <trkpt lat="19.425886385142803" lon="-99.17020917870104">
        <ele>2250.66</ele>
      </trkpt>
      <trkpt lat="19.42583198659122" lon="-99.1703324764967">
        <ele>2250.48</ele>
      </trkpt>
      <trkpt lat="19.425830645486712" lon="-99.17033574543893">
        <ele>2250.31</ele>
      </trkpt>
      <trkpt lat="19.425829220563173" lon="-99.17033901438117">
        <ele>2250.1</ele>
      </trkpt>
      <trkpt lat="19.425827711820602" lon="-99.1703425347805">
        <ele>2249.86</ele>
      </trkpt>
      <trkpt lat="19.425826286897063" lon="-99.17034588754177">
        <ele>2249.57</ele>
      </trkpt>
      <trkpt lat="19.425824861973524" lon="-99.17034932412207">
        <ele>2249.25</ele>
      </trkpt>
      <trkpt lat="19.425823353230953" lon="-99.17035292834044">
        <ele>2248.88</ele>
      </trkpt>
      <trkpt lat="19.42582176066935" lon="-99.17035670019686">
        <ele>2248.49</ele>
      </trkpt>
      <trkpt lat="19.425820000469685" lon="-99.17036080732942">
        <ele>2248.06</ele>
      </trkpt>
      <trkpt lat="19.425818072631955" lon="-99.17036533355713">
        <ele>2247.6</ele>
      </trkpt>
      <trkpt lat="19.425679687410593" lon="-99.17066498659551">
        <ele>2247.01</ele>
      </trkpt>
      <trkpt lat="19.42554130218923" lon="-99.1709646396339">
        <ele>2246.28</ele>
      </trkpt>
      <trkpt lat="19.42545086145401" lon="-99.1711594350636">
        <ele>2245.64</ele>
      </trkpt>
      <trkpt lat="19.42544935271144" lon="-99.17116278782487">
        <ele>2245.12</ele>
      </trkpt>
      <trkpt lat="19.42544784396887" lon="-99.1711660567671">
        <ele>2244.59</ele>
      </trkpt>
      <trkpt lat="19.425446251407266" lon="-99.17116966098547">
        <ele>2244.06</ele>
      </trkpt>
      <trkpt lat="19.425444742664695" lon="-99.17117309756577">
        <ele>2243.53</ele>
      </trkpt>
      <trkpt lat="19.425443150103092" lon="-99.1711766179651">
        <ele>2243.01</ele>
      </trkpt>
      <trkpt lat="19.42544155754149" lon="-99.17118022218347">
        <ele>2242.5</ele>
      </trkpt>
      <trkpt lat="19.425439881160855" lon="-99.17118407785892">
        <ele>2241.99</ele>
      </trkpt>
      <trkpt lat="19.425438037142158" lon="-99.17118826881051">
        <ele>2241.5</ele>
      </trkpt>
      <trkpt lat="19.425436025485396" lon="-99.17119279503822">
        <ele>2241.03</ele>
      </trkpt>
      <trkpt lat="19.425355894491076" lon="-99.17142832651734">
        <ele>2240.49</ele>
      </trkpt>
      <trkpt lat="19.425354804843664" lon="-99.17143167927861">
        <ele>2240.06</ele>
      </trkpt>
      <trkpt lat="19.425353715196252" lon="-99.17143511585891">
        <ele>2239.65</ele>
      </trkpt>
      <trkpt lat="19.425352541729808" lon="-99.17143880389631">
        <ele>2239.26</ele>
      </trkpt>
      <trkpt lat="19.425351452082396" lon="-99.17144224047661">
        <ele>2238.89</ele>
      </trkpt>
      <trkpt lat="19.42535027861595" lon="-99.17144584469497">
        <ele>2238.55</ele>
      </trkpt>
      <trkpt lat="19.425349105149508" lon="-99.17144953273237">
        <ele>2238.24</ele>
      </trkpt>
      <trkpt lat="19.425347847864032" lon="-99.17145347222686">
        <ele>2237.95</ele>
      </trkpt>
      <trkpt lat="19.425346506759524" lon="-99.17145774699748">
        <ele>2237.68</ele>
      </trkpt>
      <trkpt lat="19.425344998016953" lon="-99.17146235704422">
        <ele>2237.44</ele>
      </trkpt>
      <trkpt lat="19.425344998016953" lon="-99.17158188298345">
        <ele>2237.2</ele>
      </trkpt>
      <trkpt lat="19.425344998016953" lon="-99.17158548720181">
        <ele>2237.0</ele>
      </trkpt>
      <trkpt lat="19.425344998016953" lon="-99.17158909142017">
        <ele>2236.84</ele>
      </trkpt>
      <trkpt lat="19.425344998016953" lon="-99.17159294709563">
        <ele>2236.69</ele>
      </trkpt>
      <trkpt lat="19.425344998016953" lon="-99.17159663513303">
        <ele>2236.57</ele>
      </trkpt>
      <trkpt lat="19.425344998016953" lon="-99.17160040698946">
        <ele>2236.47</ele>
      </trkpt>
      <trkpt lat="19.425344998016953" lon="-99.17160434648395">
        <ele>2236.38</ele>
      </trkpt>
      <trkpt lat="19.425344998016953" lon="-99.17160853743553">
        <ele>2236.32</ele>
      </trkpt>
      <trkpt lat="19.425344998016953" lon="-99.17161297984421">
        <ele>2236.27</ele>
      </trkpt>
      <trkpt lat="19.425344998016953" lon="-99.17161792516708">
        <ele>2236.24</ele>
      </trkpt>
      <trkpt lat="19.42533753812313" lon="-99.17164701037109">
        <ele>2236.23</ele>
      </trkpt>
      <trkpt lat="19.425336616113782" lon="-99.17165069840848">
        <ele>2236.23</ele>
      </trkpt>
      <trkpt lat="19.425335777923465" lon="-99.17165430262685">
        <ele>2236.23</ele>
      </trkpt>
      <trkpt lat="19.425334855914116" lon="-99.17165832594037">
        <ele>2236.25</ele>
      </trkpt>
      <trkpt lat="19.4253340177238" lon="-99.17166201397777">
        <ele>2236.28</ele>
      </trkpt>
      <trkpt lat="19.42533309571445" lon="-99.17166586965322">
        <ele>2236.32</ele>
      </trkpt>
      <trkpt lat="19.4253321737051" lon="-99.17166989296675">
        <ele>2236.36</ele>
      </trkpt>
      <trkpt lat="19.42533116787672" lon="-99.17167416773736">
        <ele>2236.41</ele>
      </trkpt>
      <trkpt lat="19.42533016204834" lon="-99.17167861014605">
        <ele>2236.46</ele>
      </trkpt>
      <trkpt lat="19.425328988581896" lon="-99.17168363928795">
        <ele>2236.52</ele>
      </trkpt>
      <trkpt lat="19.42531105130911" lon="-99.17171850800514">
        <ele>2236.58</ele>
      </trkpt>
      <trkpt lat="19.425309374928474" lon="-99.17172194458544">
        <ele>2236.64</ele>
      </trkpt>
      <trkpt lat="19.42530769854784" lon="-99.17172538116574">
        <ele>2236.7</ele>
      </trkpt>
      <trkpt lat="19.425305854529142" lon="-99.17172906920314">
        <ele>2236.76</ele>
      </trkpt>
      <trkpt lat="19.425304094329476" lon="-99.17173258960247">
        <ele>2236.81</ele>
      </trkpt>
      <trkpt lat="19.42530233412981" lon="-99.17173619382083">
        <ele>2236.87</ele>
      </trkpt>
      <trkpt lat="19.425300490111113" lon="-99.17173988185823">
        <ele>2236.92</ele>
      </trkpt>
      <trkpt lat="19.425298562273383" lon="-99.17174390517175">
        <ele>2236.96</ele>
      </trkpt>
      <trkpt lat="19.42529646679759" lon="-99.17174809612334">
        <ele>2237.01</ele>
      </trkpt>
      <trkpt lat="19.425294203683734" lon="-99.17175270617008">
        <ele>2237.04</ele>
      </trkpt>
      <trkpt lat="19.42527936771512" lon="-99.17176838032901">
        <ele>2237.08</ele>
      </trkpt>
      <trkpt lat="19.425276769325137" lon="-99.17177123017609">
        <ele>2237.11</ele>
      </trkpt>
      <trkpt lat="19.425274170935154" lon="-99.17177408002317">
        <ele>2237.13</ele>
      </trkpt>
      <trkpt lat="19.425271404907107" lon="-99.17177718132734">
        <ele>2237.15</ele>
      </trkpt>
      <trkpt lat="19.425268806517124" lon="-99.17178011499345">
        <ele>2237.16</ele>
      </trkpt>
      <trkpt lat="19.425266040489078" lon="-99.1717831324786">
        <ele>2237.17</ele>
      </trkpt>
      <trkpt lat="19.42526327446103" lon="-99.17178623378277">
        <ele>2237.17</ele>
      </trkpt>
      <trkpt lat="19.42526034079492" lon="-99.17178958654404">
        <ele>2237.17</ele>
      </trkpt>
      <trkpt lat="19.425257155671716" lon="-99.17179310694337">
        <ele>2237.16</ele>
      </trkpt>
      <trkpt lat="19.425253719091415" lon="-99.17179696261883">
        <ele>2237.15</ele>
      </trkpt>
      <trkpt lat="19.425241816788912" lon="-99.17180450633168">
        <ele>2237.14</ele>
      </trkpt>
      <trkpt lat="19.425238547846675" lon="-99.17180660180748">
        <ele>2237.12</ele>
      </trkpt>
      <trkpt lat="19.425235278904438" lon="-99.17180869728327">
        <ele>2237.1</ele>
      </trkpt>
      <trkpt lat="19.425231758505106" lon="-99.17181096039712">
        <ele>2237.08</ele>
      </trkpt>
      <trkpt lat="19.425228405743837" lon="-99.17181313969195">
        <ele>2237.06</ele>
      </trkpt>
      <trkpt lat="19.42522505298257" lon="-99.1718154028058">
        <ele>2237.03</ele>
      </trkpt>
      <trkpt lat="19.425221532583237" lon="-99.1718177497387">
        <ele>2237.01</ele>
      </trkpt>
      <trkpt lat="19.42521776072681" lon="-99.17182026430964">
        <ele>2236.99</ele>
      </trkpt>
      <trkpt lat="19.42521382123232" lon="-99.17182286269963">
        <ele>2236.97</ele>
      </trkpt>
      <trkpt lat="19.42520946264267" lon="-99.17182579636574">
        <ele>2236.96</ele>
      </trkpt>
      <trkpt lat="19.425194123759866" lon="-99.17183216661215">
        <ele>2236.95</ele>
      </trkpt>
      <trkpt lat="19.425190519541502" lon="-99.17183375917375">
        <ele>2236.94</ele>
      </trkpt>
      <trkpt lat="19.425186831504107" lon="-99.17183535173535">
        <ele>2236.94</ele>
      </trkpt>
      <trkpt lat="19.425182975828648" lon="-99.17183702811599">
        <ele>2236.95</ele>
      </trkpt>
      <trkpt lat="19.425179287791252" lon="-99.17183862067759">
        <ele>2236.97</ele>
      </trkpt>
      <trkpt lat="19.425175432115793" lon="-99.17184029705822">
        <ele>2236.99</ele>
      </trkpt>
      <trkpt lat="19.425171576440334" lon="-99.17184197343886">
        <ele>2237.03</ele>
      </trkpt>
      <trkpt lat="19.42516738548875" lon="-99.17184381745756">
        <ele>2237.08</ele>
      </trkpt>
      <trkpt lat="19.4251630268991" lon="-99.17184574529529">
        <ele>2237.14</ele>
      </trkpt>
      <trkpt lat="19.42515816539526" lon="-99.17184792459011">
        <ele>2237.21</ele>
      </trkpt>
      <trkpt lat="19.425132516771555" lon="-99.17187307029963">
        <ele>2237.3</ele>
      </trkpt>
      <trkpt lat="19.425129666924477" lon="-99.1718759201467">
        <ele>2237.41</ele>
      </trkpt>
      <trkpt lat="19.4251268170774" lon="-99.17187876999378">
        <ele>2237.52</ele>
      </trkpt>
      <trkpt lat="19.425123799592257" lon="-99.17188187129796">
        <ele>2237.66</ele>
      </trkpt>
      <trkpt lat="19.425120865926147" lon="-99.17188480496407">
        <ele>2237.81</ele>
      </trkpt>
      <trkpt lat="19.425117932260036" lon="-99.17188782244921">
        <ele>2237.97</ele>
      </trkpt>
      <trkpt lat="19.425114830955863" lon="-99.17189092375338">
        <ele>2238.16</ele>
      </trkpt>
      <trkpt lat="19.425111645832658" lon="-99.17189419269562">
        <ele>2238.36</ele>
      </trkpt>
      <trkpt lat="19.425108209252357" lon="-99.17189771309495">
        <ele>2238.57</ele>
      </trkpt>
      <trkpt lat="19.42510443739593" lon="-99.17190156877041">
        <ele>2238.8</ele>
      </trkpt>
      <trkpt lat="19.424987845122814" lon="-99.17213751934469">
        <ele>2239.11</ele>
      </trkpt>
      <trkpt lat="19.424986084923148" lon="-99.17214120738208">
        <ele>2239.37</ele>
      </trkpt>
      <trkpt lat="19.424984324723482" lon="-99.17214489541948">
        <ele>2239.65</ele>
      </trkpt>
      <trkpt lat="19.424982396885753" lon="-99.172148918733">
        <ele>2239.94</ele>
      </trkpt>
      <trkpt lat="19.424980636686087" lon="-99.17215269058943">
        <ele>2240.25</ele>
      </trkpt>
      <trkpt lat="19.42497879266739" lon="-99.17215654626489">
        <ele>2240.56</ele>
      </trkpt>
      <trkpt lat="19.42497694864869" lon="-99.17216040194035">
        <ele>2240.89</ele>
      </trkpt>
      <trkpt lat="19.42497493699193" lon="-99.17216459289193">
        <ele>2241.23</ele>
      </trkpt>
      <trkpt lat="19.424972841516137" lon="-99.17216895148158">
        <ele>2241.57</ele>
      </trkpt>
      <trkpt lat="19.42497049458325" lon="-99.17217381298542">
        <ele>2241.92</ele>
      </trkpt>
      <trkpt lat="19.42481962032616" lon="-99.17246667668223">
        <ele>2242.41</ele>
      </trkpt>
      <trkpt lat="19.424752900376916" lon="-99.17259525507689">
        <ele>2242.83</ele>
      </trkpt>
      <trkpt lat="19.424750972539186" lon="-99.17259902693331">
        <ele>2243.18</ele>
      </trkpt>
      <trkpt lat="19.42474912852049" lon="-99.17260271497071">
        <ele>2243.52</ele>
      </trkpt>
      <trkpt lat="19.424747116863728" lon="-99.17260673828423">
        <ele>2243.86</ele>
      </trkpt>
      <trkpt lat="19.424745189025998" lon="-99.17261059395969">
        <ele>2244.19</ele>
      </trkpt>
      <trkpt lat="19.42474326118827" lon="-99.17261444963515">
        <ele>2244.51</ele>
      </trkpt>
      <trkpt lat="19.424741249531507" lon="-99.17261838912964">
        <ele>2244.81</ele>
      </trkpt>
      <trkpt lat="19.424739154055715" lon="-99.17262249626219">
        <ele>2245.1</ele>
      </trkpt>
      <trkpt lat="19.42473697476089" lon="-99.17262693867087">
        <ele>2245.38</ele>
      </trkpt>
      <trkpt lat="19.42473454400897" lon="-99.17263180017471">
        <ele>2245.63</ele>
      </trkpt>
      <trkpt lat="19.424592135474086" lon="-99.17292927391827">
        <ele>2245.93</ele>
      </trkpt>
      <trkpt lat="19.424500688910484" lon="-99.17311895638704">
        <ele>2246.22</ele>
      </trkpt>
      <trkpt lat="19.42449892871082" lon="-99.1731228120625">
        <ele>2246.41</ele>
      </trkpt>
      <trkpt lat="19.424497168511152" lon="-99.17312658391893">
        <ele>2246.57</ele>
      </trkpt>
      <trkpt lat="19.424495240673423" lon="-99.17313069105148">
        <ele>2246.71</ele>
      </trkpt>
      <trkpt lat="19.424493480473757" lon="-99.17313454672694">
        <ele>2246.82</ele>
      </trkpt>
      <trkpt lat="19.42449163645506" lon="-99.17313848622143">
        <ele>2246.9</ele>
      </trkpt>
      <trkpt lat="19.42448979243636" lon="-99.17314250953496">
        <ele>2246.96</ele>
      </trkpt>
      <trkpt lat="19.424487864598632" lon="-99.17314670048654">
        <ele>2246.99</ele>
      </trkpt>
      <trkpt lat="19.42448576912284" lon="-99.17315122671425">
        <ele>2246.99</ele>
      </trkpt>
      <trkpt lat="19.424483506008983" lon="-99.17315617203712">
        <ele>2246.97</ele>
      </trkpt>
      <trkpt lat="19.42434126511216" lon="-99.17345372959971">
        <ele>2247.04</ele>
      </trkpt>
      <trkpt lat="19.42419902421534" lon="-99.17375137098134">
        <ele>2246.83</ele>
      </trkpt>
      <trkpt lat="19.424134232103825" lon="-99.1738860681653">
        <ele>2246.66</ele>
      </trkpt>
      <trkpt lat="19.42413247190416" lon="-99.17388992384076">
        <ele>2246.54</ele>
      </trkpt>
      <trkpt lat="19.424130711704493" lon="-99.17389369569719">
        <ele>2246.39</ele>
      </trkpt>
      <trkpt lat="19.424128783866763" lon="-99.17389780282974">
        <ele>2246.24</ele>
      </trkpt>
      <trkpt lat="19.424126939848065" lon="-99.1739016585052">
        <ele>2246.07</ele>
      </trkpt>
      <trkpt lat="19.424125095829368" lon="-99.17390559799969">
        <ele>2245.88</ele>
      </trkpt>
      <trkpt lat="19.42412325181067" lon="-99.17390962131321">
        <ele>2245.69</ele>
      </trkpt>
      <trkpt lat="19.42412132397294" lon="-99.1739138122648">
        <ele>2245.49</ele>
      </trkpt>
      <trkpt lat="19.424119228497148" lon="-99.17391825467348">
        <ele>2245.28</ele>
      </trkpt>
      <trkpt lat="19.42411688156426" lon="-99.17392328381538">
        <ele>2245.07</ele>
      </trkpt>
      <trkpt lat="19.423974053934216" lon="-99.17422058992088">
        <ele>2244.7</ele>
      </trkpt>
      <trkpt lat="19.42393315024674" lon="-99.1743044089526">
        <ele>2244.46</ele>
      </trkpt>
      <trkpt lat="19.423931390047073" lon="-99.17430818080902">
        <ele>2244.25</ele>
      </trkpt>
      <trkpt lat="19.423929629847407" lon="-99.17431203648448">
        <ele>2244.06</ele>
      </trkpt>
      <trkpt lat="19.423927702009678" lon="-99.174316059798">
        <ele>2243.88</ele>
      </trkpt>
      <trkpt lat="19.42392585799098" lon="-99.17431999929249">
        <ele>2243.7</ele>
      </trkpt>
      <trkpt lat="19.423924013972282" lon="-99.17432385496795">
        <ele>2243.54</ele>
      </trkpt>
      <trkpt lat="19.423922169953585" lon="-99.17432787828147">
        <ele>2243.39</ele>
      </trkpt>
      <trkpt lat="19.423920242115855" lon="-99.17433206923306">
        <ele>2243.25</ele>
      </trkpt>
      <trkpt lat="19.423918146640062" lon="-99.17433659546077">
        <ele>2243.13</ele>
      </trkpt>
      <trkpt lat="19.423915799707174" lon="-99.17434170842171">
        <ele>2243.02</ele>
      </trkpt>
      <trkpt lat="19.42377531901002" lon="-99.17464018799365">
        <ele>2242.92</ele>
      </trkpt>
      <trkpt lat="19.423681190237403" lon="-99.17483917437494">
        <ele>2242.94</ele>
      </trkpt>
      <trkpt lat="19.423679430037737" lon="-99.17484311386943">
        <ele>2242.87</ele>
      </trkpt>
      <trkpt lat="19.42367766983807" lon="-99.17484705336392">
        <ele>2242.81</ele>
      </trkpt>
      <trkpt lat="19.42367574200034" lon="-99.17485116049647">
        <ele>2242.76</ele>
      </trkpt>
      <trkpt lat="19.423673981800675" lon="-99.17485501617193">
        <ele>2242.71</ele>
      </trkpt>
      <trkpt lat="19.42367222160101" lon="-99.17485895566642">
        <ele>2242.67</ele>
      </trkpt>
      <trkpt lat="19.42367037758231" lon="-99.17486297897995">
        <ele>2242.64</ele>
      </trkpt>
      <trkpt lat="19.423668449744582" lon="-99.17486716993153">
        <ele>2242.61</ele>
      </trkpt>
      <trkpt lat="19.42366635426879" lon="-99.17487169615924">
        <ele>2242.58</ele>
      </trkpt>
      <trkpt lat="19.4236640073359" lon="-99.17487680912018">
        <ele>2242.56</ele>
      </trkpt>
      <trkpt lat="19.42352855578065" lon="-99.17516849935055">
        <ele>2242.53</ele>
      </trkpt>
      <trkpt lat="19.423526795580983" lon="-99.17517243884504">
        <ele>2242.51</ele>
      </trkpt>
      <trkpt lat="19.42352511920035" lon="-99.17517621070147">
        <ele>2242.48</ele>
      </trkpt>
      <trkpt lat="19.423524951562285" lon="-99.17517637833953">
        <ele>2242.45</ele>
      </trkpt>
      <trkpt lat="19.423522939905524" lon="-99.17518056929111">
        <ele>2242.41</ele>
      </trkpt>
      <trkpt lat="19.423521095886827" lon="-99.1751845087856">
        <ele>2242.37</ele>
      </trkpt>
      <trkpt lat="19.42351925186813" lon="-99.17518853209913">
        <ele>2242.33</ele>
      </trkpt>
      <trkpt lat="19.4235173240304" lon="-99.17519263923168">
        <ele>2242.28</ele>
      </trkpt>
      <trkpt lat="19.42351539619267" lon="-99.1751969140023">
        <ele>2242.22</ele>
      </trkpt>
      <trkpt lat="19.423513300716877" lon="-99.17520152404904">
        <ele>2242.16</ele>
      </trkpt>
      <trkpt lat="19.42351095378399" lon="-99.17520672082901">
        <ele>2242.09</ele>
      </trkpt>
      <trkpt lat="19.42343870177865" lon="-99.17539120651782">
        <ele>2241.99</ele>
      </trkpt>
      <trkpt lat="19.42343719303608" lon="-99.17539522983134">
        <ele>2241.9</ele>
      </trkpt>
      <trkpt lat="19.423435600474477" lon="-99.17539933696389">
        <ele>2241.81</ele>
      </trkpt>
      <trkpt lat="19.423433924093843" lon="-99.17540369555354">
        <ele>2241.72</ele>
      </trkpt>
      <trkpt lat="19.42343241535127" lon="-99.1754078026861">
        <ele>2241.62</ele>
      </trkpt>
      <trkpt lat="19.42343082278967" lon="-99.17541190981865">
        <ele>2241.51</ele>
      </trkpt>
      <trkpt lat="19.423429230228066" lon="-99.17541618458927">
        <ele>2241.4</ele>
      </trkpt>
      <trkpt lat="19.423427553847432" lon="-99.17542062699795">
        <ele>2241.28</ele>
      </trkpt>
      <trkpt lat="19.423425793647766" lon="-99.17542540468276">
        <ele>2241.15</ele>
      </trkpt>
      <trkpt lat="19.423423781991005" lon="-99.17543068528175">
        <ele>2241.03</ele>
      </trkpt>
      <trkpt lat="19.42337960936129" lon="-99.17568809352815">
        <ele>2240.86</ele>
      </trkpt>
      <trkpt lat="19.423378938809037" lon="-99.1756922006607">
        <ele>2240.73</ele>
      </trkpt>
      <trkpt lat="19.423378268256783" lon="-99.17569639161229">
        <ele>2240.6</ele>
      </trkpt>
      <trkpt lat="19.42337759770453" lon="-99.17570083402097">
        <ele>2240.46</ele>
      </trkpt>
      <trkpt lat="19.423376927152276" lon="-99.17570502497256">
        <ele>2240.33</ele>
      </trkpt>
      <trkpt lat="19.423376256600022" lon="-99.17570921592414">
        <ele>2240.21</ele>
      </trkpt>
      <trkpt lat="19.42337558604777" lon="-99.1757135745138">
        <ele>2240.08</ele>
      </trkpt>
      <trkpt lat="19.423374831676483" lon="-99.1757181007415">
        <ele>2239.96</ele>
      </trkpt>
      <trkpt lat="19.423374077305198" lon="-99.17572296224535">
        <ele>2239.85</ele>
      </trkpt>
      <trkpt lat="19.42337315529585" lon="-99.1757284104824">
        <ele>2239.75</ele>
      </trkpt>
      <trkpt lat="19.423360414803028" lon="-99.17591071687639">
        <ele>2239.52</ele>
      </trkpt>
      <trkpt lat="19.423360163345933" lon="-99.175914991647">
        <ele>2239.43</ele>
      </trkpt>
      <trkpt lat="19.423359911888838" lon="-99.17591935023665">
        <ele>2239.36</ele>
      </trkpt>
      <trkpt lat="19.423359660431743" lon="-99.1759239602834">
        <ele>2239.3</ele>
      </trkpt>
      <trkpt lat="19.423359408974648" lon="-99.17592823505402">
        <ele>2239.26</ele>
      </trkpt>
      <trkpt lat="19.423359157517552" lon="-99.17593259364367">
        <ele>2239.23</ele>
      </trkpt>
      <trkpt lat="19.423358906060457" lon="-99.17593711987138">
        <ele>2239.23</ele>
      </trkpt>
      <trkpt lat="19.423358654603362" lon="-99.17594172991812">
        <ele>2239.24</ele>
      </trkpt>
      <trkpt lat="19.423358319327235" lon="-99.17594675906003">
        <ele>2239.27</ele>
      </trkpt>
      <trkpt lat="19.42335798405111" lon="-99.17595237493515">
        <ele>2239.32</ele>
      </trkpt>
      <trkpt lat="19.423422189429402" lon="-99.17624909430742">
        <ele>2239.44</ele>
      </trkpt>
      <trkpt lat="19.42342311143875" lon="-99.17625328525901">
        <ele>2239.53</ele>
      </trkpt>
      <trkpt lat="19.4234240334481" lon="-99.17625756002963">
        <ele>2239.64</ele>
      </trkpt>
      <trkpt lat="19.42342503927648" lon="-99.1762620024383">
        <ele>2239.77</ele>
      </trkpt>
      <trkpt lat="19.42342596128583" lon="-99.17626619338989">
        <ele>2239.92</ele>
      </trkpt>
      <trkpt lat="19.42342688329518" lon="-99.17627046816051">
        <ele>2240.08</ele>
      </trkpt>
      <trkpt lat="19.42342788912356" lon="-99.17627482675016">
        <ele>2240.26</ele>
      </trkpt>
      <trkpt lat="19.42342847585678" lon="-99.17627717368305">
        <ele>2240.45</ele>
      </trkpt>
      <trkpt lat="19.42342889495194" lon="-99.17627935297787">
        <ele>2240.65</ele>
      </trkpt>
      <trkpt lat="19.423430068418384" lon="-99.17628454975784">
        <ele>2240.86</ele>
      </trkpt>
      <trkpt lat="19.42343132570386" lon="-99.17629033327103">
        <ele>2241.08</ele>
      </trkpt>
      <trkpt lat="19.423481365665793" lon="-99.17661932297051">
        <ele>2241.48</ele>
      </trkpt>
      <trkpt lat="19.423502823337913" lon="-99.17676256969571">
        <ele>2241.77</ele>
      </trkpt>
      <trkpt lat="19.423503493890166" lon="-99.17676692828536">
        <ele>2242.0</ele>
      </trkpt>
      <trkpt lat="19.42350424826145" lon="-99.17677145451307">
        <ele>2242.23</ele>
      </trkpt>
      <trkpt lat="19.423505002632737" lon="-99.17677614837885">
        <ele>2242.46</ele>
      </trkpt>
      <trkpt lat="19.42350567318499" lon="-99.17678059078753">
        <ele>2242.68</ele>
      </trkpt>
      <trkpt lat="19.423506427556276" lon="-99.17678511701524">
        <ele>2242.89</ele>
      </trkpt>
      <trkpt lat="19.42350718192756" lon="-99.17678972706199">
        <ele>2243.1</ele>
      </trkpt>
      <trkpt lat="19.423507936298847" lon="-99.17679442092776">
        <ele>2243.29</ele>
      </trkpt>
      <trkpt lat="19.423508774489164" lon="-99.1767995338887">
        <ele>2243.48</ele>
      </trkpt>
      <trkpt lat="19.423509696498513" lon="-99.17680531740189">
        <ele>2243.65</ele>
      </trkpt>
      <trkpt lat="19.42357691936195" lon="-99.1771309543401">
        <ele>2243.82</ele>
      </trkpt>
      <trkpt lat="19.42362243309617" lon="-99.17735315859318">
        <ele>2244.02</ele>
      </trkpt>
      <trkpt lat="19.42362335510552" lon="-99.17735751718283">
        <ele>2244.16</ele>
      </trkpt>
      <trkpt lat="19.423624277114868" lon="-99.17736195959151">
        <ele>2244.28</ele>
      </trkpt>
      <trkpt lat="19.42362528294325" lon="-99.17736656963825">
        <ele>2244.39</ele>
      </trkpt>
      <trkpt lat="19.423626204952598" lon="-99.17737101204693">
        <ele>2244.48</ele>
      </trkpt>
      <trkpt lat="19.423627126961946" lon="-99.17737545445561">
        <ele>2244.56</ele>
      </trkpt>
      <trkpt lat="19.423628132790327" lon="-99.17737998068333">
        <ele>2244.63</ele>
      </trkpt>
      <trkpt lat="19.423629138618708" lon="-99.1773846745491">
        <ele>2244.69</ele>
      </trkpt>
      <trkpt lat="19.42363022826612" lon="-99.17738978751004">
        <ele>2244.74</ele>
      </trkpt>
      <trkpt lat="19.423631401732564" lon="-99.17739540338516">
        <ele>2244.78</ele>
      </trkpt>
      <trkpt lat="19.423691080883145" lon="-99.17772263288498">
        <ele>2244.77</ele>
      </trkpt>
      <trkpt lat="19.423724440857768" lon="-99.17790728621185">
        <ele>2244.72</ele>
      </trkpt>
      <trkpt lat="19.423725279048085" lon="-99.17791181243956">
        <ele>2244.75</ele>
      </trkpt>
      <trkpt lat="19.423726117238402" lon="-99.17791633866727">
        <ele>2244.77</ele>
      </trkpt>
      <trkpt lat="19.42372703924775" lon="-99.17792111635208">
        <ele>2244.8</ele>
      </trkpt>
      <trkpt lat="19.42372787743807" lon="-99.1779256425798">
        <ele>2244.83</ele>
      </trkpt>
      <trkpt lat="19.423728715628386" lon="-99.1779301688075">
        <ele>2244.86</ele>
      </trkpt>
      <trkpt lat="19.423729553818703" lon="-99.17793486267328">
        <ele>2244.9</ele>
      </trkpt>
      <trkpt lat="19.42373047582805" lon="-99.17793964035809">
        <ele>2244.95</ele>
      </trkpt>
      <trkpt lat="19.423731481656432" lon="-99.17794483713806">
        <ele>2245.01</ele>
      </trkpt>
      <trkpt lat="19.423732571303844" lon="-99.17795062065125">
        <ele>2245.08</ele>
      </trkpt>
      <trkpt lat="19.423790741711855" lon="-99.1782531235367">
        <ele>2245.14</ele>
      </trkpt>
      <trkpt lat="19.423791579902172" lon="-99.17825748212636">
        <ele>2245.23</ele>
      </trkpt>
      <trkpt lat="19.42379250191152" lon="-99.17826192453504">
        <ele>2245.34</ele>
      </trkpt>
      <trkpt lat="19.42379342392087" lon="-99.17826661840081">
        <ele>2245.46</ele>
      </trkpt>
      <trkpt lat="19.42379434593022" lon="-99.17827097699046">
        <ele>2245.59</ele>
      </trkpt>
      <trkpt lat="19.423795267939568" lon="-99.17827550321817">
        <ele>2245.74</ele>
      </trkpt>
      <trkpt lat="19.423795603215694" lon="-99.17827717959881">
        <ele>2245.89</ele>
      </trkpt>
      <trkpt lat="19.423796106129885" lon="-99.17828011326492">
        <ele>2246.06</ele>
      </trkpt>
      <trkpt lat="19.423797111958265" lon="-99.17828514240682">
        <ele>2246.24</ele>
      </trkpt>
      <trkpt lat="19.423798201605678" lon="-99.17829067446291">
        <ele>2246.43</ele>
      </trkpt>
      <trkpt lat="19.42379937507212" lon="-99.17829662561417">
        <ele>2246.64</ele>
      </trkpt>
      <trkpt lat="19.423844385892153" lon="-99.17862645350397">
        <ele>2246.98</ele>
      </trkpt>
      <trkpt lat="19.423886630684137" lon="-99.1789375897497">
        <ele>2247.28</ele>
      </trkpt>
      <trkpt lat="19.42388730123639" lon="-99.17894203215837">
        <ele>2247.48</ele>
      </trkpt>
      <trkpt lat="19.423887971788645" lon="-99.17894647456706">
        <ele>2247.7</ele>
      </trkpt>
      <trkpt lat="19.4238886423409" lon="-99.17895116843283">
        <ele>2247.9</ele>
      </trkpt>
      <trkpt lat="19.423889312893152" lon="-99.17895569466054">
        <ele>2248.11</ele>
      </trkpt>
      <trkpt lat="19.423889396712184" lon="-99.17895628139377">
        <ele>2248.31</ele>
      </trkpt>
      <trkpt lat="19.423889899626374" lon="-99.17896022088826">
        <ele>2248.51</ele>
      </trkpt>
      <trkpt lat="19.423890570178628" lon="-99.17896525003016">
        <ele>2248.7</ele>
      </trkpt>
      <trkpt lat="19.42389124073088" lon="-99.17897027917206">
        <ele>2248.89</ele>
      </trkpt>
      <trkpt lat="19.4238920789212" lon="-99.17897589504719">
        <ele>2249.07</ele>
      </trkpt>
      <trkpt lat="19.423892917111516" lon="-99.17898193001747">
        <ele>2249.24</ele>
      </trkpt>
      <trkpt lat="19.423944130539894" lon="-99.17931075207889">
        <ele>2249.49</ele>
      </trkpt>
      <trkpt lat="19.423965252935886" lon="-99.17944771237671">
        <ele>2249.6</ele>
      </trkpt>
      <trkpt lat="19.423966007307172" lon="-99.17945240624249">
        <ele>2249.74</ele>
      </trkpt>
      <trkpt lat="19.423966761678457" lon="-99.1794571839273">
        <ele>2249.87</ele>
      </trkpt>
      <trkpt lat="19.423967599868774" lon="-99.17946212925017">
        <ele>2249.99</ele>
      </trkpt>
      <trkpt lat="19.42396835424006" lon="-99.17946690693498">
        <ele>2250.09</ele>
      </trkpt>
      <trkpt lat="19.423969108611345" lon="-99.17947168461978">
        <ele>2250.19</ele>
      </trkpt>
      <trkpt lat="19.42396986298263" lon="-99.17947654612362">
        <ele>2250.28</ele>
      </trkpt>
      <trkpt lat="19.423970701172948" lon="-99.17948157526553">
        <ele>2250.37</ele>
      </trkpt>
      <trkpt lat="19.423971623182297" lon="-99.17948702350259">
        <ele>2250.44</ele>
      </trkpt>
      <trkpt lat="19.423972545191646" lon="-99.17949289083481">
        <ele>2250.52</ele>
      </trkpt>
      <trkpt lat="19.424023842439055" lon="-99.17982171289623">
        <ele>2250.55</ele>
      </trkpt>
      <trkpt lat="19.424075055867434" lon="-99.18015053495765">
        <ele>2250.61</ele>
      </trkpt>
      <trkpt lat="19.4240992795676" lon="-99.18030736036599">
        <ele>2250.67</ele>
      </trkpt>
      <trkpt lat="19.424100033938885" lon="-99.18031205423176">
        <ele>2250.73</ele>
      </trkpt>
      <trkpt lat="19.42410078831017" lon="-99.18031683191657">
        <ele>2250.8</ele>
      </trkpt>
      <trkpt lat="19.424101626500487" lon="-99.18032177723944">
        <ele>2250.86</ele>
      </trkpt>
      <trkpt lat="19.424102380871773" lon="-99.18032655492425">
        <ele>2250.93</ele>
      </trkpt>
      <trkpt lat="19.424103135243058" lon="-99.18033133260906">
        <ele>2251.0</ele>
      </trkpt>
      <trkpt lat="19.424103889614344" lon="-99.1803361941129">
        <ele>2251.07</ele>
      </trkpt>
      <trkpt lat="19.42410472780466" lon="-99.1803412232548">
        <ele>2251.15</ele>
      </trkpt>
      <trkpt lat="19.42410564981401" lon="-99.18034667149186">
        <ele>2251.23</ele>
      </trkpt>
      <trkpt lat="19.42410657182336" lon="-99.18035253882408">
        <ele>2251.31</ele>
      </trkpt>
      <trkpt lat="19.424155605956912" lon="-99.18068169616163">
        <ele>2251.41</ele>
      </trkpt>
      <trkpt lat="19.424204640090466" lon="-99.1810109373182">
        <ele>2251.46</ele>
      </trkpt>
      <trkpt lat="19.42425367422402" lon="-99.18134017847478">
        <ele>2251.55</ele>
      </trkpt>
      <trkpt lat="19.424302708357573" lon="-99.18166941963136">
        <ele>2251.76</ele>
      </trkpt>
      <trkpt lat="19.42434118129313" lon="-99.18193093501031">
        <ele>2251.88</ele>
      </trkpt>
      <trkpt lat="19.424341935664415" lon="-99.18193554505706">
        <ele>2251.98</ele>
      </trkpt>
      <trkpt lat="19.4243426900357" lon="-99.18194023892283">
        <ele>2252.07</ele>
      </trkpt>
      <trkpt lat="19.424343444406986" lon="-99.18194510042667">
        <ele>2252.17</ele>
      </trkpt>
      <trkpt lat="19.42434419877827" lon="-99.18194971047342">
        <ele>2252.26</ele>
      </trkpt>
      <trkpt lat="19.424344953149557" lon="-99.1819544043392">
        <ele>2252.35</ele>
      </trkpt>
      <trkpt lat="19.424345707520843" lon="-99.18195926584303">
        <ele>2252.43</ele>
      </trkpt>
      <trkpt lat="19.424346461892128" lon="-99.18196412734687">
        <ele>2252.51</ele>
      </trkpt>
      <trkpt lat="19.424347300082445" lon="-99.1819694917649">
        <ele>2252.59</ele>
      </trkpt>
      <trkpt lat="19.424348222091794" lon="-99.18197527527809">
        <ele>2252.66</ele>
      </trkpt>
      <trkpt lat="19.424395663663745" lon="-99.18230468407273">
        <ele>2252.77</ele>
      </trkpt>
      <trkpt lat="19.424443105235696" lon="-99.1826341766864">
        <ele>2252.85</ele>
      </trkpt>
      <trkpt lat="19.424490546807647" lon="-99.18296366930008">
        <ele>2252.81</ele>
      </trkpt>
      <trkpt lat="19.42449063062668" lon="-99.18296492658556">
        <ele>2252.85</ele>
      </trkpt>
      <trkpt lat="19.424491301178932" lon="-99.18296987190843">
        <ele>2252.87</ele>
      </trkpt>
      <trkpt lat="19.424491971731186" lon="-99.1829748172313">
        <ele>2252.89</ele>
      </trkpt>
      <trkpt lat="19.42449272610247" lon="-99.18298001401126">
        <ele>2252.9</ele>
      </trkpt>
      <trkpt lat="19.424493480473757" lon="-99.18298495933414">
        <ele>2252.9</ele>
      </trkpt>
      <trkpt lat="19.424494234845042" lon="-99.18298998847604">
        <ele>2252.89</ele>
      </trkpt>
      <trkpt lat="19.424494989216328" lon="-99.18299501761794">
        <ele>2252.86</ele>
      </trkpt>
      <trkpt lat="19.424495743587613" lon="-99.18300021439791">
        <ele>2252.83</ele>
      </trkpt>
      <trkpt lat="19.42449658177793" lon="-99.18300583027303">
        <ele>2252.78</ele>
      </trkpt>
      <trkpt lat="19.42449750378728" lon="-99.18301194906235">
        <ele>2252.72</ele>
      </trkpt>
      <trkpt lat="19.424538826569915" lon="-99.18334227986634">
        <ele>2252.63</ele>
      </trkpt>
      <trkpt lat="19.42458014935255" lon="-99.18367269448936">
        <ele>2252.65</ele>
      </trkpt>
      <trkpt lat="19.42458249628544" lon="-99.18369297869503">
        <ele>2252.55</ele>
      </trkpt>
      <trkpt lat="19.424583166837692" lon="-99.18369800783694">
        <ele>2252.44</ele>
      </trkpt>
      <trkpt lat="19.424583753570914" lon="-99.18370295315981">
        <ele>2252.32</ele>
      </trkpt>
      <trkpt lat="19.424584424123168" lon="-99.18370814993978">
        <ele>2252.18</ele>
      </trkpt>
      <trkpt lat="19.42458501085639" lon="-99.18371309526265">
        <ele>2252.03</ele>
      </trkpt>
      <trkpt lat="19.424585681408644" lon="-99.18371812440455">
        <ele>2251.87</ele>
      </trkpt>
      <trkpt lat="19.424586351960897" lon="-99.18372323736548">
        <ele>2251.69</ele>
      </trkpt>
      <trkpt lat="19.42458702251315" lon="-99.18372843414545">
        <ele>2251.51</ele>
      </trkpt>
      <trkpt lat="19.424587776884437" lon="-99.18373405002058">
        <ele>2251.32</ele>
      </trkpt>
      <trkpt lat="19.424588531255722" lon="-99.18374016880989">
        <ele>2251.12</ele>
      </trkpt>
      <trkpt lat="19.424644019454718" lon="-99.18406823650002">
        <ele>2250.91</ele>
      </trkpt>
      <trkpt lat="19.424699507653713" lon="-99.18439630419016">
        <ele>2250.57</ele>
      </trkpt>
      <trkpt lat="19.42471845075488" lon="-99.184509543702">
        <ele>2250.31</ele>
      </trkpt>
      <trkpt lat="19.424719288945198" lon="-99.18451440520585">
        <ele>2250.1</ele>
      </trkpt>
      <trkpt lat="19.424720127135515" lon="-99.18451926670969">
        <ele>2249.91</ele>
      </trkpt>
      <trkpt lat="19.424720965325832" lon="-99.18452429585159">
        <ele>2249.72</ele>
      </trkpt>
      <trkpt lat="19.42472180351615" lon="-99.18452915735543">
        <ele>2249.54</ele>
      </trkpt>
      <trkpt lat="19.424722641706467" lon="-99.18453401885927">
        <ele>2249.38</ele>
      </trkpt>
      <trkpt lat="19.424723479896784" lon="-99.18453896418214">
        <ele>2249.22</ele>
      </trkpt>
      <trkpt lat="19.424724401906133" lon="-99.18454407714307">
        <ele>2249.08</ele>
      </trkpt>
      <trkpt lat="19.424725407734513" lon="-99.18454960919917">
        <ele>2248.96</ele>
      </trkpt>
      <trkpt lat="19.424726413562894" lon="-99.18455556035042">
        <ele>2248.86</ele>
      </trkpt>
      <trkpt lat="19.424800341948867" lon="-99.184879520908">
        <ele>2248.76</ele>
      </trkpt>
      <trkpt lat="19.424801599234343" lon="-99.18488538824022">
        <ele>2248.7</ele>
      </trkpt>
      <trkpt lat="19.424802688881755" lon="-99.18489041738212">
        <ele>2248.66</ele>
      </trkpt>
      <trkpt lat="19.424803778529167" lon="-99.18489527888596">
        <ele>2248.65</ele>
      </trkpt>
      <trkpt lat="19.42480495199561" lon="-99.18490047566593">
        <ele>2248.67</ele>
      </trkpt>
      <trkpt lat="19.424806041643023" lon="-99.1849054209888">
        <ele>2248.7</ele>
      </trkpt>
      <trkpt lat="19.424807215109468" lon="-99.1849104501307">
        <ele>2248.76</ele>
      </trkpt>
      <trkpt lat="19.42480838857591" lon="-99.18491556309164">
        <ele>2248.85</ele>
      </trkpt>
      <trkpt lat="19.424809562042356" lon="-99.1849207598716">
        <ele>2248.96</ele>
      </trkpt>
      <trkpt lat="19.424810903146863" lon="-99.18492637574673">
        <ele>2249.09</ele>
      </trkpt>
      <trkpt lat="19.424812328070402" lon="-99.18493241071701">
        <ele>2249.25</ele>
      </trkpt>
      <trkpt lat="19.424869492650032" lon="-99.18526014313102">
        <ele>2249.52</ele>
      </trkpt>
      <trkpt lat="19.424880975857377" lon="-99.18532744981349">
        <ele>2249.74</ele>
      </trkpt>
      <trkpt lat="19.424881897866726" lon="-99.18533247895539">
        <ele>2249.96</ele>
      </trkpt>
      <trkpt lat="19.424882736057043" lon="-99.18533742427826">
        <ele>2250.19</ele>
      </trkpt>
      <trkpt lat="19.424883658066392" lon="-99.18534270487726">
        <ele>2250.45</ele>
      </trkpt>
      <trkpt lat="19.42488458007574" lon="-99.18534773401916">
        <ele>2250.72</ele>
      </trkpt>
      <trkpt lat="19.42488550208509" lon="-99.18535276316106">
        <ele>2251.0</ele>
      </trkpt>
      <trkpt lat="19.42488642409444" lon="-99.185357876122">
        <ele>2251.3</ele>
      </trkpt>
      <trkpt lat="19.424887346103787" lon="-99.185363156721">
        <ele>2251.6</ele>
      </trkpt>
      <trkpt lat="19.424888351932168" lon="-99.18536885641515">
        <ele>2251.93</ele>
      </trkpt>
      <trkpt lat="19.42488944157958" lon="-99.18537497520447">
        <ele>2252.25</ele>
      </trkpt>
      <trkpt lat="19.424934284761548" lon="-99.18570480309427">
        <ele>2252.62</ele>
      </trkpt>
      <trkpt lat="19.424979044124484" lon="-99.1860347148031">
        <ele>2252.94</ele>
      </trkpt>
      <trkpt lat="19.42502380348742" lon="-99.18636462651193">
        <ele>2253.33</ele>
      </trkpt>
      <trkpt lat="19.42506378516555" lon="-99.18666117824614">
        <ele>2253.81</ele>
      </trkpt>
      <trkpt lat="19.425064455717802" lon="-99.18666603974998">
        <ele>2254.16</ele>
      </trkpt>
      <trkpt lat="19.425065126270056" lon="-99.18667081743479">
        <ele>2254.5</ele>
      </trkpt>
      <trkpt lat="19.42506588064134" lon="-99.18667593039572">
        <ele>2254.83</ele>
      </trkpt>
      <trkpt lat="19.425066551193595" lon="-99.18668079189956">
        <ele>2255.17</ele>
      </trkpt>
      <trkpt lat="19.42506722174585" lon="-99.1866856534034">
        <ele>2255.49</ele>
      </trkpt>
      <trkpt lat="19.425067976117134" lon="-99.1866906825453">
        <ele>2255.81</ele>
      </trkpt>
      <trkpt lat="19.425068562850356" lon="-99.18669453822076">
        <ele>2256.12</ele>
      </trkpt>
      <trkpt lat="19.425068646669388" lon="-99.18669579550624">
        <ele>2256.42</ele>
      </trkpt>
      <trkpt lat="19.425069484859705" lon="-99.18670174665749">
        <ele>2256.7</ele>
      </trkpt>
      <trkpt lat="19.425070406869054" lon="-99.18670803308487">
        <ele>2256.98</ele>
      </trkpt>
      <trkpt lat="19.425119189545512" lon="-99.18703727424145">
        <ele>2257.33</ele>
      </trkpt>
      <trkpt lat="19.4251249730587" lon="-99.18707767501473">
        <ele>2257.59</ele>
      </trkpt>
      <trkpt lat="19.425125727429986" lon="-99.18708278797567">
        <ele>2257.83</ele>
      </trkpt>
      <trkpt lat="19.42512648180127" lon="-99.18708781711757">
        <ele>2258.06</ele>
      </trkpt>
      <trkpt lat="19.42512731999159" lon="-99.1870931815356">
        <ele>2258.27</ele>
      </trkpt>
      <trkpt lat="19.425128074362874" lon="-99.18709837831557">
        <ele>2258.47</ele>
      </trkpt>
      <trkpt lat="19.42512882873416" lon="-99.1871034912765">
        <ele>2258.65</ele>
      </trkpt>
      <trkpt lat="19.425129666924477" lon="-99.1871087718755">
        <ele>2258.83</ele>
      </trkpt>
      <trkpt lat="19.425130505114794" lon="-99.18711422011256">
        <ele>2258.99</ele>
      </trkpt>
      <trkpt lat="19.425131427124143" lon="-99.18712017126381">
        <ele>2259.14</ele>
      </trkpt>
      <trkpt lat="19.42513234913349" lon="-99.18712645769119">
        <ele>2259.28</ele>
      </trkpt>
      <trkpt lat="19.425183814018965" lon="-99.18745519593358">
        <ele>2259.34</ele>
      </trkpt>
      <trkpt lat="19.425185155123472" lon="-99.18746441602707">
        <ele>2259.46</ele>
      </trkpt>
      <trkpt lat="19.425185909494758" lon="-99.18746969662607">
        <ele>2259.58</ele>
      </trkpt>
      <trkpt lat="19.425186747685075" lon="-99.18747489340603">
        <ele>2259.68</ele>
      </trkpt>
      <trkpt lat="19.425187585875392" lon="-99.1874803416431">
        <ele>2259.78</ele>
      </trkpt>
      <trkpt lat="19.42518842406571" lon="-99.18748553842306">
        <ele>2259.87</ele>
      </trkpt>
      <trkpt lat="19.425189262256026" lon="-99.18749073520303">
        <ele>2259.96</ele>
      </trkpt>
      <trkpt lat="19.425190100446343" lon="-99.18749609962106">
        <ele>2260.04</ele>
      </trkpt>
      <trkpt lat="19.425191022455692" lon="-99.18750171549618">
        <ele>2260.12</ele>
      </trkpt>
      <trkpt lat="19.425192028284073" lon="-99.18750766664743">
        <ele>2260.2</ele>
      </trkpt>
      <trkpt lat="19.425193034112453" lon="-99.18751403689384">
        <ele>2260.27</ele>
      </trkpt>
      <trkpt lat="19.425229663029313" lon="-99.18784503825009">
        <ele>2260.44</ele>
      </trkpt>
      <trkpt lat="19.425231758505106" lon="-99.18786507099867">
        <ele>2260.51</ele>
      </trkpt>
      <trkpt lat="19.425232345238328" lon="-99.18787035159767">
        <ele>2260.56</ele>
      </trkpt>
      <trkpt lat="19.42523293197155" lon="-99.1878754645586">
        <ele>2260.6</ele>
      </trkpt>
      <trkpt lat="19.425233518704772" lon="-99.1878809966147">
        <ele>2260.64</ele>
      </trkpt>
      <trkpt lat="19.425234105437994" lon="-99.18788627721369">
        <ele>2260.67</ele>
      </trkpt>
      <trkpt lat="19.425234692171216" lon="-99.18789155781269">
        <ele>2260.69</ele>
      </trkpt>
      <trkpt lat="19.425235278904438" lon="-99.18789692223072">
        <ele>2260.71</ele>
      </trkpt>
      <trkpt lat="19.42523594945669" lon="-99.18790253810585">
        <ele>2260.73</ele>
      </trkpt>
      <trkpt lat="19.425236620008945" lon="-99.18790857307613">
        <ele>2260.73</ele>
      </trkpt>
      <trkpt lat="19.42523737438023" lon="-99.18791502714157">
        <ele>2260.73</ele>
      </trkpt>
      <trkpt lat="19.425287330523133" lon="-99.18824410066009">
        <ele>2260.71</ele>
      </trkpt>
      <trkpt lat="19.425337202847004" lon="-99.1885731741786">
        <ele>2260.6</ele>
      </trkpt>
      <trkpt lat="19.425342064350843" lon="-99.18860686942935">
        <ele>2260.6</ele>
      </trkpt>
      <trkpt lat="19.42534290254116" lon="-99.18861206620932">
        <ele>2260.58</ele>
      </trkpt>
      <trkpt lat="19.425343740731478" lon="-99.18861734680831">
        <ele>2260.57</ele>
      </trkpt>
      <trkpt lat="19.425344578921795" lon="-99.18862279504538">
        <ele>2260.56</ele>
      </trkpt>
      <trkpt lat="19.425345417112112" lon="-99.18862799182534">
        <ele>2260.54</ele>
      </trkpt>
      <trkpt lat="19.42534625530243" lon="-99.18863327242434">
        <ele>2260.53</ele>
      </trkpt>
      <trkpt lat="19.425347093492746" lon="-99.18863863684237">
        <ele>2260.52</ele>
      </trkpt>
      <trkpt lat="19.425347931683064" lon="-99.18864416889846">
        <ele>2260.5</ele>
      </trkpt>
      <trkpt lat="19.425348853692412" lon="-99.18865020386875">
        <ele>2260.48</ele>
      </trkpt>
      <trkpt lat="19.425349859520793" lon="-99.18865665793419">
        <ele>2260.46</ele>
      </trkpt>
      <trkpt lat="19.425397468730807" lon="-99.18898606672883">
        <ele>2260.53</ele>
      </trkpt>
      <trkpt lat="19.42544507794082" lon="-99.1893155593425">
        <ele>2260.61</ele>
      </trkpt>
      <trkpt lat="19.425492687150836" lon="-99.18964505195618">
        <ele>2260.55</ele>
      </trkpt>
      <trkpt lat="19.425495453178883" lon="-99.18966550379992">
        <ele>2260.5</ele>
      </trkpt>
      <trkpt lat="19.425496207550168" lon="-99.18967078439891">
        <ele>2260.46</ele>
      </trkpt>
      <trkpt lat="19.425496961921453" lon="-99.18967614881694">
        <ele>2260.41</ele>
      </trkpt>
      <trkpt lat="19.42549780011177" lon="-99.18968176469207">
        <ele>2260.36</ele>
      </trkpt>
      <trkpt lat="19.425498554483056" lon="-99.18968704529107">
        <ele>2260.3</ele>
      </trkpt>
      <trkpt lat="19.42549930885434" lon="-99.1896924097091">
        <ele>2260.24</ele>
      </trkpt>
      <trkpt lat="19.42550014704466" lon="-99.18969785794616">
        <ele>2260.17</ele>
      </trkpt>
      <trkpt lat="19.425500985234976" lon="-99.18970355764031">
        <ele>2260.1</ele>
      </trkpt>
      <trkpt lat="19.425501907244325" lon="-99.18970967642963">
        <ele>2260.03</ele>
      </trkpt>
      <trkpt lat="19.425502913072705" lon="-99.18971613049507">
        <ele>2259.95</ele>
      </trkpt>
      <trkpt lat="19.42555974237621" lon="-99.19004394672811">
        <ele>2259.86</ele>
      </trkpt>
      <trkpt lat="19.425573656335473" lon="-99.19012575410306">
        <ele>2259.78</ele>
      </trkpt>
      <trkpt lat="19.425574578344822" lon="-99.19013103470206">
        <ele>2259.71</ele>
      </trkpt>
      <trkpt lat="19.42557550035417" lon="-99.19013639912009">
        <ele>2259.64</ele>
      </trkpt>
      <trkpt lat="19.42557650618255" lon="-99.19014193117619">
        <ele>2259.59</ele>
      </trkpt>
      <trkpt lat="19.4255774281919" lon="-99.19014721177518">
        <ele>2259.54</ele>
      </trkpt>
      <trkpt lat="19.42557835020125" lon="-99.19015249237418">
        <ele>2259.5</ele>
      </trkpt>
      <trkpt lat="19.42557935602963" lon="-99.19015794061124">
        <ele>2259.48</ele>
      </trkpt>
      <trkpt lat="19.42558036185801" lon="-99.19016355648637">
        <ele>2259.47</ele>
      </trkpt>
      <trkpt lat="19.425581451505423" lon="-99.19016967527568">
        <ele>2259.48</ele>
      </trkpt>
      <trkpt lat="19.425582624971867" lon="-99.19017612934113">
        <ele>2259.5</ele>
      </trkpt>
      <trkpt lat="19.425633419305086" lon="-99.19050503522158">
        <ele>2259.47</ele>
      </trkpt>
      <trkpt lat="19.425642723217607" lon="-99.19056722894311">
        <ele>2259.53</ele>
      </trkpt>
      <trkpt lat="19.425643561407924" lon="-99.19057267718017">
        <ele>2259.62</ele>
      </trkpt>
      <trkpt lat="19.42564439959824" lon="-99.19057812541723">
        <ele>2259.74</ele>
      </trkpt>
      <trkpt lat="19.42564532160759" lon="-99.19058374129236">
        <ele>2259.89</ele>
      </trkpt>
      <trkpt lat="19.425646159797907" lon="-99.19058918952942">
        <ele>2260.06</ele>
      </trkpt>
      <trkpt lat="19.425646997988224" lon="-99.19059463776648">
        <ele>2260.27</ele>
      </trkpt>
      <trkpt lat="19.425647919997573" lon="-99.19060016982257">
        <ele>2260.51</ele>
      </trkpt>
      <trkpt lat="19.42564884200692" lon="-99.19060586951673">
        <ele>2260.78</ele>
      </trkpt>
      <trkpt lat="19.425649847835302" lon="-99.19061207212508">
        <ele>2261.09</ele>
      </trkpt>
      <trkpt lat="19.425650937482715" lon="-99.19061869382858">
        <ele>2261.42</ele>
      </trkpt>
      <trkpt lat="19.425714556127787" lon="-99.19094508513808">
        <ele>2261.87</ele>
      </trkpt>
      <trkpt lat="19.425748335197568" lon="-99.19111959636211">
        <ele>2262.33</ele>
      </trkpt>
      <trkpt lat="19.42574942484498" lon="-99.19112487696111">
        <ele>2262.77</ele>
      </trkpt>
      <trkpt lat="19.425750514492393" lon="-99.19113024137914">
        <ele>2263.24</ele>
      </trkpt>
      <trkpt lat="19.425751604139805" lon="-99.1911356896162">
        <ele>2263.74</ele>
      </trkpt>
      <trkpt lat="19.425752693787217" lon="-99.1911409702152">
        <ele>2264.25</ele>
      </trkpt>
      <trkpt lat="19.42575378343463" lon="-99.1911462508142">
        <ele>2264.8</ele>
      </trkpt>
      <trkpt lat="19.42575487308204" lon="-99.19115169905126">
        <ele>2265.37</ele>
      </trkpt>
      <trkpt lat="19.425755962729454" lon="-99.19115731492639">
        <ele>2265.96</ele>
      </trkpt>
      <trkpt lat="19.425757136195898" lon="-99.19116334989667">
        <ele>2266.57</ele>
      </trkpt>
      <trkpt lat="19.425758477300406" lon="-99.19116988778114">
        <ele>2267.19</ele>
      </trkpt>
      <trkpt lat="19.425795525312424" lon="-99.19143634848297">
        <ele>2268.03</ele>
      </trkpt>
      <trkpt lat="19.42579627968371" lon="-99.19144162908196">
        <ele>2268.67</ele>
      </trkpt>
      <trkpt lat="19.425797034054995" lon="-99.19144690968096">
        <ele>2269.32</ele>
      </trkpt>
      <trkpt lat="19.42579778842628" lon="-99.19145235791802">
        <ele>2269.97</ele>
      </trkpt>
      <trkpt lat="19.425798542797565" lon="-99.19145763851702">
        <ele>2270.62</ele>
      </trkpt>
      <trkpt lat="19.42579929716885" lon="-99.19146283529699">
        <ele>2271.25</ele>
      </trkpt>
      <trkpt lat="19.425800051540136" lon="-99.19146828353405">
        <ele>2271.89</ele>
      </trkpt>
      <trkpt lat="19.425800889730453" lon="-99.19147381559014">
        <ele>2272.5</ele>
      </trkpt>
      <trkpt lat="19.425801811739802" lon="-99.19147985056043">
        <ele>2273.1</ele>
      </trkpt>
      <trkpt lat="19.42580273374915" lon="-99.1914863884449">
        <ele>2273.68</ele>
      </trkpt>
      <trkpt lat="19.42586182616651" lon="-99.19178402982652">
        <ele>2274.5</ele>
      </trkpt>
      <trkpt lat="19.425862915813923" lon="-99.19178931042552">
        <ele>2275.01</ele>
      </trkpt>
      <trkpt lat="19.425864005461335" lon="-99.19179467484355">
        <ele>2275.49</ele>
      </trkpt>
      <trkpt lat="19.425865095108747" lon="-99.19180012308061">
        <ele>2275.93</ele>
      </trkpt>
      <trkpt lat="19.42586618475616" lon="-99.19180540367961">
        <ele>2276.32</ele>
      </trkpt>
      <trkpt lat="19.425867274403572" lon="-99.19181068427861">
        <ele>2276.68</ele>
      </trkpt>
      <trkpt lat="19.42586769349873" lon="-99.19181244447827">
        <ele>2276.98</ele>
      </trkpt>
      <trkpt lat="19.425868364050984" lon="-99.19181604869664">
        <ele>2277.24</ele>
      </trkpt>
      <trkpt lat="19.42586953751743" lon="-99.19182199984789">
        <ele>2277.44</ele>
      </trkpt>
      <trkpt lat="19.425870794802904" lon="-99.19182828627527">
        <ele>2277.6</ele>
      </trkpt>
      <trkpt lat="19.425872219726443" lon="-99.19183507561684">
        <ele>2277.7</ele>
      </trkpt>
      <trkpt lat="19.42588185891509" lon="-99.19188427738845">
        <ele>2277.73</ele>
      </trkpt>
      <trkpt lat="19.425882948562503" lon="-99.19188980944455">
        <ele>2277.71</ele>
      </trkpt>
      <trkpt lat="19.425884038209915" lon="-99.19189542531967">
        <ele>2277.63</ele>
      </trkpt>
      <trkpt lat="19.42588521167636" lon="-99.19190120883286">
        <ele>2277.49</ele>
      </trkpt>
      <trkpt lat="19.42588630132377" lon="-99.19190674088895">
        <ele>2277.3</ele>
      </trkpt>
      <trkpt lat="19.425887474790215" lon="-99.19191235676408">
        <ele>2277.07</ele>
      </trkpt>
      <trkpt lat="19.42588864825666" lon="-99.19191805645823">
        <ele>2276.78</ele>
      </trkpt>
      <trkpt lat="19.425889821723104" lon="-99.19192392379045">
        <ele>2276.45</ele>
      </trkpt>
      <trkpt lat="19.42589107900858" lon="-99.19193021021783">
        <ele>2276.06</ele>
      </trkpt>
      <trkpt lat="19.425892420113087" lon="-99.1919369995594">
        <ele>2275.64</ele>
      </trkpt>
      <trkpt lat="19.42588185891509" lon="-99.1919803339988">
        <ele>2275.12</ele>
      </trkpt>
      <trkpt lat="19.425880517810583" lon="-99.19198594987392">
        <ele>2274.62</ele>
      </trkpt>
      <trkpt lat="19.425879176706076" lon="-99.19199156574905">
        <ele>2274.09</ele>
      </trkpt>
      <trkpt lat="19.425877835601568" lon="-99.19199743308127">
        <ele>2273.54</ele>
      </trkpt>
      <trkpt lat="19.425876578316092" lon="-99.1920030489564">
        <ele>2272.96</ele>
      </trkpt>
      <trkpt lat="19.425875321030617" lon="-99.19200866483152">
        <ele>2272.35</ele>
      </trkpt>
      <trkpt lat="19.42587397992611" lon="-99.19201444834471">
        <ele>2271.72</ele>
      </trkpt>
      <trkpt lat="19.425872638821602" lon="-99.19202039949596">
        <ele>2271.1</ele>
      </trkpt>
      <trkpt lat="19.425871213898063" lon="-99.19202676974237">
        <ele>2270.45</ele>
      </trkpt>
      <trkpt lat="19.425869705155492" lon="-99.19203355908394">
        <ele>2269.79</ele>
      </trkpt>
      <trkpt lat="19.4259175658226" lon="-99.19236296787858">
        <ele>2268.89</ele>
      </trkpt>
      <trkpt lat="19.425964169204235" lon="-99.19268474914134">
        <ele>2268.22</ele>
      </trkpt>
      <trkpt lat="19.425965007394552" lon="-99.1926901973784">
        <ele>2267.59</ele>
      </trkpt>
      <trkpt lat="19.42596534267068" lon="-99.19269237667322">
        <ele>2266.97</ele>
      </trkpt>
      <trkpt lat="19.425965761765838" lon="-99.19269564561546">
        <ele>2266.37</ele>
      </trkpt>
      <trkpt lat="19.425966599956155" lon="-99.19270168058574">
        <ele>2265.79</ele>
      </trkpt>
      <trkpt lat="19.425967438146472" lon="-99.19270746409893">
        <ele>2265.22</ele>
      </trkpt>
      <trkpt lat="19.42596827633679" lon="-99.19271333143115">
        <ele>2264.69</ele>
      </trkpt>
      <trkpt lat="19.425969114527106" lon="-99.1927192825824">
        <ele>2264.18</ele>
      </trkpt>
      <trkpt lat="19.425970036536455" lon="-99.19272540137172">
        <ele>2263.7</ele>
      </trkpt>
      <trkpt lat="19.425971042364836" lon="-99.19273193925619">
        <ele>2263.25</ele>
      </trkpt>
      <trkpt lat="19.425972132012248" lon="-99.19273898005486">
        <ele>2262.84</ele>
      </trkpt>
      <trkpt lat="19.426027704030275" lon="-99.19306704774499">
        <ele>2262.48</ele>
      </trkpt>
      <trkpt lat="19.426083276048303" lon="-99.19339511543512">
        <ele>2262.13</ele>
      </trkpt>
      <trkpt lat="19.42613884806633" lon="-99.19372318312526">
        <ele>2261.76</ele>
      </trkpt>
      <trkpt lat="19.426141027361155" lon="-99.19373701326549">
        <ele>2261.5</ele>
      </trkpt>
      <trkpt lat="19.426141949370503" lon="-99.19374279677868">
        <ele>2261.28</ele>
      </trkpt>
      <trkpt lat="19.426142955198884" lon="-99.19374858029187">
        <ele>2261.1</ele>
      </trkpt>
      <trkpt lat="19.426143961027265" lon="-99.19375461526215">
        <ele>2260.96</ele>
      </trkpt>
      <trkpt lat="19.426144966855645" lon="-99.19376039877534">
        <ele>2260.87</ele>
      </trkpt>
      <trkpt lat="19.426145972684026" lon="-99.19376618228853">
        <ele>2260.83</ele>
      </trkpt>
      <trkpt lat="19.426146978512406" lon="-99.19377213343978">
        <ele>2260.83</ele>
      </trkpt>
      <trkpt lat="19.42614806815982" lon="-99.1937782522291">
        <ele>2260.87</ele>
      </trkpt>
      <trkpt lat="19.426149241626263" lon="-99.19378479011357">
        <ele>2260.96</ele>
      </trkpt>
      <trkpt lat="19.42615049891174" lon="-99.1937917470932">
        <ele>2261.1</ele>
      </trkpt>
      <trkpt lat="19.4261974375695" lon="-99.19412123970687">
        <ele>2261.15</ele>
      </trkpt>
      <trkpt lat="19.42624446004629" lon="-99.19445081613958">
        <ele>2261.42</ele>
      </trkpt>
      <trkpt lat="19.426291482523084" lon="-99.19478039257228">
        <ele>2261.96</ele>
      </trkpt>
      <trkpt lat="19.426338504999876" lon="-99.19510996900499">
        <ele>2262.21</ele>
      </trkpt>
      <trkpt lat="19.426342360675335" lon="-99.19513813219965">
        <ele>2262.55</ele>
      </trkpt>
      <trkpt lat="19.426343198865652" lon="-99.19514399953187">
        <ele>2262.94</ele>
      </trkpt>
      <trkpt lat="19.42634403705597" lon="-99.19514978304505">
        <ele>2263.36</ele>
      </trkpt>
      <trkpt lat="19.426344875246286" lon="-99.19515581801534">
        <ele>2263.83</ele>
      </trkpt>
      <trkpt lat="19.426345713436604" lon="-99.19516168534756">
        <ele>2264.32</ele>
      </trkpt>
      <trkpt lat="19.42634655162692" lon="-99.19516746886075">
        <ele>2264.85</ele>
      </trkpt>
      <trkpt lat="19.426347389817238" lon="-99.195173420012">
        <ele>2265.41</ele>
      </trkpt>
      <trkpt lat="19.426348311826587" lon="-99.19517953880131">
        <ele>2266.0</ele>
      </trkpt>
      <trkpt lat="19.426349317654967" lon="-99.19518616050482">
        <ele>2266.62</ele>
      </trkpt>
      <trkpt lat="19.426350323483348" lon="-99.19519320130348">
        <ele>2267.25</ele>
      </trkpt>
      <trkpt lat="19.42635677754879" lon="-99.19535304419696">
        <ele>2267.99</ele>
      </trkpt>
      <trkpt lat="19.426357029005885" lon="-99.19535882771015">
        <ele>2268.67</ele>
      </trkpt>
      <trkpt lat="19.42635728046298" lon="-99.19536461122334">
        <ele>2269.36</ele>
      </trkpt>
      <trkpt lat="19.426357531920075" lon="-99.19537064619362">
        <ele>2270.06</ele>
      </trkpt>
      <trkpt lat="19.42635778337717" lon="-99.19537634588778">
        <ele>2270.76</ele>
      </trkpt>
      <trkpt lat="19.426358034834266" lon="-99.19538221322">
        <ele>2271.46</ele>
      </trkpt>
      <trkpt lat="19.42635828629136" lon="-99.19538808055222">
        <ele>2272.16</ele>
      </trkpt>
      <trkpt lat="19.426358537748456" lon="-99.19539419934154">
        <ele>2272.85</ele>
      </trkpt>
      <trkpt lat="19.426358873024583" lon="-99.19540073722601">
        <ele>2273.52</ele>
      </trkpt>
      <trkpt lat="19.42635920830071" lon="-99.19540777802467">
        <ele>2274.17</ele>
      </trkpt>
      <trkpt lat="19.4263993576169" lon="-99.19569603167474">
        <ele>2275.28</ele>
      </trkpt>
      <trkpt lat="19.42640019580722" lon="-99.19570164754987">
        <ele>2275.88</ele>
      </trkpt>
      <trkpt lat="19.426401033997536" lon="-99.19570726342499">
        <ele>2276.43</ele>
      </trkpt>
      <trkpt lat="19.426401872187853" lon="-99.19571313075721">
        <ele>2276.93</ele>
      </trkpt>
      <trkpt lat="19.42640271037817" lon="-99.19571874663234">
        <ele>2277.37</ele>
      </trkpt>
      <trkpt lat="19.426403548568487" lon="-99.19572436250746">
        <ele>2277.75</ele>
      </trkpt>
      <trkpt lat="19.426404386758804" lon="-99.19573014602065">
        <ele>2278.07</ele>
      </trkpt>
      <trkpt lat="19.42640522494912" lon="-99.1957360971719">
        <ele>2278.32</ele>
      </trkpt>
      <trkpt lat="19.426405476406217" lon="-99.19573743827641">
        <ele>2278.51</ele>
      </trkpt>
      <trkpt lat="19.42640614695847" lon="-99.19574255123734">
        <ele>2278.63</ele>
      </trkpt>
      <trkpt lat="19.426407236605883" lon="-99.19574975967407">
        <ele>2278.67</ele>
      </trkpt>
      <trkpt lat="19.42645258270204" lon="-99.19599635526538">
        <ele>2278.76</ele>
      </trkpt>
      <trkpt lat="19.426453672349453" lon="-99.19600205495954">
        <ele>2278.67</ele>
      </trkpt>
      <trkpt lat="19.426454761996865" lon="-99.19600775465369">
        <ele>2278.49</ele>
      </trkpt>
      <trkpt lat="19.426455851644278" lon="-99.19601362198591">
        <ele>2278.25</ele>
      </trkpt>
      <trkpt lat="19.42645694129169" lon="-99.19601932168007">
        <ele>2277.94</ele>
      </trkpt>
      <trkpt lat="19.426458030939102" lon="-99.19602502137423">
        <ele>2277.58</ele>
      </trkpt>
      <trkpt lat="19.426459120586514" lon="-99.19603080488741">
        <ele>2277.14</ele>
      </trkpt>
      <trkpt lat="19.42646029405296" lon="-99.19603675603867">
        <ele>2276.65</ele>
      </trkpt>
      <trkpt lat="19.426461551338434" lon="-99.19604321010411">
        <ele>2276.12</ele>
      </trkpt>
      <trkpt lat="19.42646289244294" lon="-99.19605016708374">
        <ele>2275.53</ele>
      </trkpt>
      <trkpt lat="19.426511339843273" lon="-99.19637949205935">
        <ele>2274.49</ele>
      </trkpt>
      <trkpt lat="19.426559787243605" lon="-99.19670881703496">
        <ele>2273.56</ele>
      </trkpt>
      <trkpt lat="19.42660010419786" lon="-99.19698441401124">
        <ele>2272.8</ele>
      </trkpt>
      <trkpt lat="19.426600942388177" lon="-99.1969901137054">
        <ele>2272.14</ele>
      </trkpt>
      <trkpt lat="19.426601780578494" lon="-99.19699589721859">
        <ele>2271.47</ele>
      </trkpt>
      <trkpt lat="19.426602702587843" lon="-99.1970017645508">
        <ele>2270.82</ele>
      </trkpt>
      <trkpt lat="19.42660354077816" lon="-99.19700746424496">
        <ele>2270.18</ele>
      </trkpt>
      <trkpt lat="19.426604378968477" lon="-99.19701324775815">
        <ele>2269.55</ele>
      </trkpt>
      <trkpt lat="19.426605300977826" lon="-99.19701903127134">
        <ele>2268.94</ele>
      </trkpt>
      <trkpt lat="19.426606222987175" lon="-99.19702506624162">
        <ele>2268.36</ele>
      </trkpt>
      <trkpt lat="19.426607228815556" lon="-99.1970316041261">
        <ele>2267.81</ele>
      </trkpt>
      <trkpt lat="19.426608234643936" lon="-99.19703814201057">
        <ele>2267.29</ele>
      </trkpt>
      <trkpt lat="19.426608318462968" lon="-99.19703856110573">
        <ele>2266.8</ele>
      </trkpt>
      <trkpt lat="19.426659615710378" lon="-99.19736738316715">
        <ele>2266.41</ele>
      </trkpt>
      <trkpt lat="19.426710912957788" lon="-99.19769620522857">
        <ele>2266.01</ele>
      </trkpt>
      <trkpt lat="19.426713092252612" lon="-99.19771146029234">
        <ele>2265.62</ele>
      </trkpt>
      <trkpt lat="19.42671401426196" lon="-99.19771741144359">
        <ele>2265.28</ele>
      </trkpt>
      <trkpt lat="19.42671493627131" lon="-99.19772344641387">
        <ele>2264.96</ele>
      </trkpt>
      <trkpt lat="19.42671594209969" lon="-99.19772964902222">
        <ele>2264.69</ele>
      </trkpt>
      <trkpt lat="19.42671686410904" lon="-99.19773560017347">
        <ele>2264.45</ele>
      </trkpt>
      <trkpt lat="19.426717786118388" lon="-99.19774163514376">
        <ele>2264.24</ele>
      </trkpt>
      <trkpt lat="19.42671879194677" lon="-99.19774775393307">
        <ele>2264.07</ele>
      </trkpt>
      <trkpt lat="19.42671979777515" lon="-99.19775404036045">
        <ele>2263.93</ele>
      </trkpt>
      <trkpt lat="19.42672088742256" lon="-99.19776082970202">
        <ele>2263.82</ele>
      </trkpt>
      <trkpt lat="19.426722060889006" lon="-99.19776812195778">
        <ele>2263.74</ele>
      </trkpt>
      <trkpt lat="19.426777213811874" lon="-99.19809627346694">
        <ele>2263.72</ele>
      </trkpt>
      <trkpt lat="19.426781991496682" lon="-99.19812586158514">
        <ele>2263.7</ele>
      </trkpt>
      <trkpt lat="19.426782997325063" lon="-99.19813189655542">
        <ele>2263.7</ele>
      </trkpt>
      <trkpt lat="19.426784003153443" lon="-99.19813784770668">
        <ele>2263.72</ele>
      </trkpt>
      <trkpt lat="19.426785092800856" lon="-99.19814405031502">
        <ele>2263.77</ele>
      </trkpt>
      <trkpt lat="19.426786098629236" lon="-99.19815000146627">
        <ele>2263.83</ele>
      </trkpt>
      <trkpt lat="19.426787104457617" lon="-99.19815603643656">
        <ele>2263.91</ele>
      </trkpt>
      <trkpt lat="19.42678819410503" lon="-99.19816215522587">
        <ele>2264.0</ele>
      </trkpt>
      <trkpt lat="19.42678928375244" lon="-99.19816844165325">
        <ele>2264.11</ele>
      </trkpt>
      <trkpt lat="19.426790457218885" lon="-99.19817514717579">
        <ele>2264.23</ele>
      </trkpt>
      <trkpt lat="19.42679171450436" lon="-99.19818252325058">
        <ele>2264.36</ele>
      </trkpt>
      <trkpt lat="19.426822559908032" lon="-99.1984423622489">
        <ele>2264.51</ele>
      </trkpt>
      <trkpt lat="19.426823314279318" lon="-99.19844822958112">
        <ele>2264.65</ele>
      </trkpt>
      <trkpt lat="19.426824068650603" lon="-99.19845409691334">
        <ele>2264.79</ele>
      </trkpt>
      <trkpt lat="19.42682482302189" lon="-99.19846013188362">
        <ele>2264.93</ele>
      </trkpt>
      <trkpt lat="19.426825577393174" lon="-99.19846591539681">
        <ele>2265.07</ele>
      </trkpt>
      <trkpt lat="19.42682633176446" lon="-99.19847178272903">
        <ele>2265.21</ele>
      </trkpt>
      <trkpt lat="19.426827086135745" lon="-99.19847773388028">
        <ele>2265.34</ele>
      </trkpt>
      <trkpt lat="19.42682784050703" lon="-99.19848393648863">
        <ele>2265.47</ele>
      </trkpt>
      <trkpt lat="19.426828678697348" lon="-99.1984904743731">
        <ele>2265.59</ele>
      </trkpt>
      <trkpt lat="19.426829600706697" lon="-99.19849768280983">
        <ele>2265.7</ele>
      </trkpt>
      <trkpt lat="19.42688701674342" lon="-99.19882541522384">
        <ele>2265.86</ele>
      </trkpt>
      <trkpt lat="19.426891459152102" lon="-99.19885198585689">
        <ele>2265.96</ele>
      </trkpt>
      <trkpt lat="19.426892464980483" lon="-99.19885802082717">
        <ele>2266.03</ele>
      </trkpt>
      <trkpt lat="19.426893554627895" lon="-99.19886413961649">
        <ele>2266.1</ele>
      </trkpt>
      <trkpt lat="19.426894644275308" lon="-99.19887042604387">
        <ele>2266.15</ele>
      </trkpt>
      <trkpt lat="19.42689573392272" lon="-99.19887646101415">
        <ele>2266.18</ele>
      </trkpt>
      <trkpt lat="19.426896823570132" lon="-99.19888257980347">
        <ele>2266.2</ele>
      </trkpt>
      <trkpt lat="19.426897913217545" lon="-99.19888869859278">
        <ele>2266.2</ele>
      </trkpt>
      <trkpt lat="19.42689908668399" lon="-99.19889506883919">
        <ele>2266.2</ele>
      </trkpt>
      <trkpt lat="19.426900343969464" lon="-99.1989019419998">
        <ele>2266.17</ele>
      </trkpt>
      <trkpt lat="19.42690168507397" lon="-99.19890940189362">
        <ele>2266.14</ele>
      </trkpt>
      <trkpt lat="19.426951222121716" lon="-99.19923847541213">
        <ele>2266.1</ele>
      </trkpt>
      <trkpt lat="19.42700075916946" lon="-99.19956763274968">
        <ele>2265.99</ele>
      </trkpt>
      <trkpt lat="19.42705021239817" lon="-99.19989679008722">
        <ele>2265.82</ele>
      </trkpt>
      <trkpt lat="19.427099749445915" lon="-99.20022594742477">
        <ele>2265.71</ele>
      </trkpt>
      <trkpt lat="19.427102515473962" lon="-99.20024572871625">
        <ele>2265.63</ele>
      </trkpt>
      <trkpt lat="19.42710343748331" lon="-99.2002519313246">
        <ele>2265.54</ele>
      </trkpt>
      <trkpt lat="19.42710435949266" lon="-99.20025813393295">
        <ele>2265.45</ele>
      </trkpt>
      <trkpt lat="19.42710536532104" lon="-99.20026450417936">
        <ele>2265.36</ele>
      </trkpt>
      <trkpt lat="19.42710628733039" lon="-99.2002707067877">
        <ele>2265.28</ele>
      </trkpt>
      <trkpt lat="19.427107209339738" lon="-99.20027690939605">
        <ele>2265.19</ele>
      </trkpt>
      <trkpt lat="19.42710821516812" lon="-99.20028319582343">
        <ele>2265.11</ele>
      </trkpt>
      <trkpt lat="19.4271092209965" lon="-99.2002897337079">
        <ele>2265.02</ele>
      </trkpt>
      <trkpt lat="19.42711031064391" lon="-99.2002966068685">
        <ele>2264.95</ele>
      </trkpt>
      <trkpt lat="19.427111484110355" lon="-99.20030415058136">
        <ele>2264.87</ele>
      </trkpt>
      <trkpt lat="19.42715523764491" lon="-99.20057220384479">
        <ele>2264.8</ele>
      </trkpt>
      <trkpt lat="19.42715624347329" lon="-99.20057815499604">
        <ele>2264.74</ele>
      </trkpt>
      <trkpt lat="19.427157249301672" lon="-99.20058418996632">
        <ele>2264.68</ele>
      </trkpt>
      <trkpt lat="19.427158338949084" lon="-99.20059039257467">
        <ele>2264.64</ele>
      </trkpt>
      <trkpt lat="19.427159344777465" lon="-99.20059634372592">
        <ele>2264.6</ele>
      </trkpt>
      <trkpt lat="19.427160350605845" lon="-99.20060229487717">
        <ele>2264.57</ele>
      </trkpt>
      <trkpt lat="19.427161356434226" lon="-99.20060841366649">
        <ele>2264.54</ele>
      </trkpt>
      <trkpt lat="19.42716244608164" lon="-99.2006147839129">
        <ele>2264.52</ele>
      </trkpt>
      <trkpt lat="19.42716353572905" lon="-99.2006214056164">
        <ele>2264.51</ele>
      </trkpt>
      <trkpt lat="19.427164793014526" lon="-99.20062869787216">
        <ele>2264.5</ele>
      </trkpt>
      <trkpt lat="19.427230088040233" lon="-99.20095475390553">
        <ele>2264.54</ele>
      </trkpt>
      <trkpt lat="19.427290689200163" lon="-99.20125868171453">
        <ele>2264.57</ele>
      </trkpt>
      <trkpt lat="19.42729194648564" lon="-99.20126463286579">
        <ele>2264.58</ele>
      </trkpt>
      <trkpt lat="19.427293203771114" lon="-99.20127058401704">
        <ele>2264.59</ele>
      </trkpt>
      <trkpt lat="19.42729446105659" lon="-99.20127670280635">
        <ele>2264.61</ele>
      </trkpt>
      <trkpt lat="19.427295299246907" lon="-99.20128080993891">
        <ele>2264.62</ele>
      </trkpt>
      <trkpt lat="19.427295634523034" lon="-99.20128273777664">
        <ele>2264.64</ele>
      </trkpt>
      <trkpt lat="19.42729689180851" lon="-99.20128902420402">
        <ele>2264.66</ele>
      </trkpt>
      <trkpt lat="19.427298149093986" lon="-99.20129547826946">
        <ele>2264.68</ele>
      </trkpt>
      <trkpt lat="19.427299490198493" lon="-99.20130209997296">
        <ele>2264.7</ele>
      </trkpt>
      <trkpt lat="19.427300915122032" lon="-99.20130914077163">
        <ele>2264.73</ele>
      </trkpt>
      <trkpt lat="19.427302507683635" lon="-99.20131668448448">
        <ele>2264.75</ele>
      </trkpt>
      <trkpt lat="19.42747031338513" lon="-99.20158440247178">
        <ele>2264.79</ele>
      </trkpt>
      <trkpt lat="19.42747374996543" lon="-99.20158993452787">
        <ele>2264.82</ele>
      </trkpt>
      <trkpt lat="19.42747676745057" lon="-99.20159471221268">
        <ele>2264.84</ele>
      </trkpt>
      <trkpt lat="19.42747727036476" lon="-99.201595550403">
        <ele>2264.87</ele>
      </trkpt>
      <trkpt lat="19.42748070694506" lon="-99.20160108245909">
        <ele>2264.9</ele>
      </trkpt>
      <trkpt lat="19.427484143525362" lon="-99.20160653069615">
        <ele>2264.93</ele>
      </trkpt>
      <trkpt lat="19.427487580105662" lon="-99.20161197893322">
        <ele>2264.96</ele>
      </trkpt>
      <trkpt lat="19.427491100504994" lon="-99.20161751098931">
        <ele>2264.99</ele>
      </trkpt>
      <trkpt lat="19.427494704723358" lon="-99.2016232945025">
        <ele>2265.03</ele>
      </trkpt>
      <trkpt lat="19.427498476579785" lon="-99.20162932947278">
        <ele>2265.07</ele>
      </trkpt>
      <trkpt lat="19.42750258371234" lon="-99.20163586735725">
        <ele>2265.11</ele>
      </trkpt>
      <trkpt lat="19.427644573152065" lon="-99.2018268071115">
        <ele>2265.16</ele>
      </trkpt>
      <trkpt lat="19.427648512646556" lon="-99.2018320877105">
        <ele>2265.21</ele>
      </trkpt>
      <trkpt lat="19.427652452141047" lon="-99.2018373683095">
        <ele>2265.27</ele>
      </trkpt>
      <trkpt lat="19.42765647545457" lon="-99.20184281654656">
        <ele>2265.33</ele>
      </trkpt>
      <trkpt lat="19.42766049876809" lon="-99.20184818096459">
        <ele>2265.4</ele>
      </trkpt>
      <trkpt lat="19.427664605900645" lon="-99.20185362920165">
        <ele>2265.48</ele>
      </trkpt>
      <trkpt lat="19.427668629214168" lon="-99.20185907743871">
        <ele>2265.57</ele>
      </trkpt>
      <trkpt lat="19.427672903984785" lon="-99.20186477713287">
        <ele>2265.66</ele>
      </trkpt>
      <trkpt lat="19.427677346393466" lon="-99.20187081210315">
        <ele>2265.77</ele>
      </trkpt>
      <trkpt lat="19.427682124078274" lon="-99.2018772661686">
        <ele>2265.88</ele>
      </trkpt>
      <trkpt lat="19.427818162366748" lon="-99.20217809267342">
        <ele>2266.04</ele>
      </trkpt>
      <trkpt lat="19.427832579240203" lon="-99.20221036300063">
        <ele>2266.19</ele>
      </trkpt>
      <trkpt lat="19.427835261449218" lon="-99.20221631415188">
        <ele>2266.34</ele>
      </trkpt>
      <trkpt lat="19.427837943658233" lon="-99.2022221814841">
        <ele>2266.5</ele>
      </trkpt>
      <trkpt lat="19.42784070968628" lon="-99.20222821645439">
        <ele>2266.67</ele>
      </trkpt>
      <trkpt lat="19.427843391895294" lon="-99.20223416760564">
        <ele>2266.85</ele>
      </trkpt>
      <trkpt lat="19.42784607410431" lon="-99.20224011875689">
        <ele>2267.04</ele>
      </trkpt>
      <trkpt lat="19.427848840132356" lon="-99.20224615372717">
        <ele>2267.25</ele>
      </trkpt>
      <trkpt lat="19.427851689979434" lon="-99.20225244015455">
        <ele>2267.47</ele>
      </trkpt>
      <trkpt lat="19.427854707464576" lon="-99.20225906185806">
        <ele>2267.7</ele>
      </trkpt>
      <trkpt lat="19.427857976406813" lon="-99.20226618647575">
        <ele>2267.95</ele>
      </trkpt>
      <trkpt lat="19.42789250984788" lon="-99.20245788060129">
        <ele>2268.26</ele>
      </trkpt>
      <trkpt lat="19.427893683314323" lon="-99.20246416702867">
        <ele>2268.53</ele>
      </trkpt>
      <trkpt lat="19.427894856780767" lon="-99.20247036963701">
        <ele>2268.81</ele>
      </trkpt>
      <trkpt lat="19.42789603024721" lon="-99.20247673988342">
        <ele>2269.1</ele>
      </trkpt>
      <trkpt lat="19.427897203713655" lon="-99.20248294249177">
        <ele>2269.4</ele>
      </trkpt>
      <trkpt lat="19.4278983771801" lon="-99.20248931273818">
        <ele>2269.72</ele>
      </trkpt>
      <trkpt lat="19.427899550646544" lon="-99.20249568298459">
        <ele>2270.04</ele>
      </trkpt>
      <trkpt lat="19.42790080793202" lon="-99.20250238850713">
        <ele>2270.37</ele>
      </trkpt>
      <trkpt lat="19.427902065217495" lon="-99.20250934548676">
        <ele>2270.7</ele>
      </trkpt>
      <trkpt lat="19.427903490141034" lon="-99.20251697301865">
        <ele>2271.05</ele>
      </trkpt>
      <trkpt lat="19.427899215370417" lon="-99.2027303762734">
        <ele>2271.45</ele>
      </trkpt>
      <trkpt lat="19.427899131551385" lon="-99.2027367465198">
        <ele>2271.81</ele>
      </trkpt>
      <trkpt lat="19.427899047732353" lon="-99.20274311676621">
        <ele>2272.17</ele>
      </trkpt>
      <trkpt lat="19.42789896391332" lon="-99.20274957083166">
        <ele>2272.53</ele>
      </trkpt>
      <trkpt lat="19.42789888009429" lon="-99.20275594107807">
        <ele>2272.89</ele>
      </trkpt>
      <trkpt lat="19.427898796275258" lon="-99.20276239514351">
        <ele>2273.25</ele>
      </trkpt>
      <trkpt lat="19.427898712456226" lon="-99.20276893302798">
        <ele>2273.61</ele>
      </trkpt>
      <trkpt lat="19.427898628637195" lon="-99.20277572236955">
        <ele>2273.96</ele>
      </trkpt>
      <trkpt lat="19.427898544818163" lon="-99.20278284698725">
        <ele>2274.31</ele>
      </trkpt>
      <trkpt lat="19.42789846099913" lon="-99.20279055833817">
        <ele>2274.64</ele>
      </trkpt>
      <trkpt lat="19.427861412987113" lon="-99.20308015309274">
        <ele>2275.21</ele>
      </trkpt>
      <trkpt lat="19.427860658615828" lon="-99.20308643952012">
        <ele>2275.52</ele>
      </trkpt>
      <trkpt lat="19.427859904244542" lon="-99.2030927259475">
        <ele>2275.82</ele>
      </trkpt>
      <trkpt lat="19.427859149873257" lon="-99.20309918001294">
        <ele>2276.1</ele>
      </trkpt>
      <trkpt lat="19.42785839550197" lon="-99.20310546644032">
        <ele>2276.36</ele>
      </trkpt>
      <trkpt lat="19.427857641130686" lon="-99.20311192050576">
        <ele>2276.6</ele>
      </trkpt>
      <trkpt lat="19.4278568867594" lon="-99.2031183745712">
        <ele>2276.82</ele>
      </trkpt>
      <trkpt lat="19.427856635302305" lon="-99.20312088914216">
        <ele>2277.02</ele>
      </trkpt>
      <trkpt lat="19.427856048569083" lon="-99.20312508009374">
        <ele>2277.2</ele>
      </trkpt>
      <trkpt lat="19.427855126559734" lon="-99.20313253998756">
        <ele>2277.35</ele>
      </trkpt>
      <trkpt lat="19.427854120731354" lon="-99.20314058661461">
        <ele>2277.49</ele>
      </trkpt>
      <trkpt lat="19.427787316963077" lon="-99.20328810811043">
        <ele>2277.66</ele>
      </trkpt>
      <trkpt lat="19.42778463475406" lon="-99.20329422689974">
        <ele>2277.74</ele>
      </trkpt>
      <trkpt lat="19.427781952545047" lon="-99.20330034568906">
        <ele>2277.8</ele>
      </trkpt>
      <trkpt lat="19.427779186517" lon="-99.2033065482974">
        <ele>2277.83</ele>
      </trkpt>
      <trkpt lat="19.427776504307985" lon="-99.20331266708672">
        <ele>2277.85</ele>
      </trkpt>
      <trkpt lat="19.42777373827994" lon="-99.20331886969507">
        <ele>2277.85</ele>
      </trkpt>
      <trkpt lat="19.427770972251892" lon="-99.20332507230341">
        <ele>2277.84</ele>
      </trkpt>
      <trkpt lat="19.427768122404814" lon="-99.20333161018789">
        <ele>2277.81</ele>
      </trkpt>
      <trkpt lat="19.427765104919672" lon="-99.20333839952946">
        <ele>2277.77</ele>
      </trkpt>
      <trkpt lat="19.427761835977435" lon="-99.20334577560425">
        <ele>2277.72</ele>
      </trkpt>
      <trkpt lat="19.42768975161016" lon="-99.20350662432611">
        <ele>2277.56</ele>
      </trkpt>
      <trkpt lat="19.427687069401145" lon="-99.20351274311543">
        <ele>2277.5</ele>
      </trkpt>
      <trkpt lat="19.42768438719213" lon="-99.20351886190474">
        <ele>2277.45</ele>
      </trkpt>
      <trkpt lat="19.427681704983115" lon="-99.20352506451309">
        <ele>2277.41</ele>
      </trkpt>
      <trkpt lat="19.4276790227741" lon="-99.2035311833024">
        <ele>2277.36</ele>
      </trkpt>
      <trkpt lat="19.427676340565085" lon="-99.20353738591075">
        <ele>2277.33</ele>
      </trkpt>
      <trkpt lat="19.42767357453704" lon="-99.20354367233813">
        <ele>2277.31</ele>
      </trkpt>
      <trkpt lat="19.42767072468996" lon="-99.20355012640357">
        <ele>2277.3</ele>
      </trkpt>
      <trkpt lat="19.42766770720482" lon="-99.20355699956417">
        <ele>2277.3</ele>
      </trkpt>
      <trkpt lat="19.427664522081614" lon="-99.20356437563896">
        <ele>2277.31</ele>
      </trkpt>
      <trkpt lat="19.427608866244555" lon="-99.20376285910606">
        <ele>2277.33</ele>
      </trkpt>
      <trkpt lat="19.42760710604489" lon="-99.20376922935247">
        <ele>2277.37</ele>
      </trkpt>
      <trkpt lat="19.427605345845222" lon="-99.20377559959888">
        <ele>2277.43</ele>
      </trkpt>
      <trkpt lat="19.427603585645556" lon="-99.20378213748336">
        <ele>2277.5</ele>
      </trkpt>
      <trkpt lat="19.42760182544589" lon="-99.20378850772977">
        <ele>2277.59</ele>
      </trkpt>
      <trkpt lat="19.427600065246224" lon="-99.20379496179521">
        <ele>2277.69</ele>
      </trkpt>
      <trkpt lat="19.42759830504656" lon="-99.20380149967968">
        <ele>2277.81</ele>
      </trkpt>
      <trkpt lat="19.42759646102786" lon="-99.20380828902125">
        <ele>2277.94</ele>
      </trkpt>
      <trkpt lat="19.42759453319013" lon="-99.20381549745798">
        <ele>2278.09</ele>
      </trkpt>
      <trkpt lat="19.42752999253571" lon="-99.20414172112942">
        <ele>2278.41</ele>
      </trkpt>
      <trkpt lat="19.427527310326695" lon="-99.20415429398417">
        <ele>2278.58</ele>
      </trkpt>
      <trkpt lat="19.427525969222188" lon="-99.20416099950671">
        <ele>2278.76</ele>
      </trkpt>
      <trkpt lat="19.42752462811768" lon="-99.20416770502925">
        <ele>2278.93</ele>
      </trkpt>
      <trkpt lat="19.427523287013173" lon="-99.20417449437082">
        <ele>2279.11</ele>
      </trkpt>
      <trkpt lat="19.427522029727697" lon="-99.20418119989336">
        <ele>2279.28</ele>
      </trkpt>
      <trkpt lat="19.42752068862319" lon="-99.20418798923492">
        <ele>2279.46</ele>
      </trkpt>
      <trkpt lat="19.427519347518682" lon="-99.20419486239552">
        <ele>2279.64</ele>
      </trkpt>
      <trkpt lat="19.427518006414175" lon="-99.20420198701322">
        <ele>2279.81</ele>
      </trkpt>
      <trkpt lat="19.427516581490636" lon="-99.20420944690704">
        <ele>2279.98</ele>
      </trkpt>
      <trkpt lat="19.42745086736977" lon="-99.20453541912138">
        <ele>2280.25</ele>
      </trkpt>
      <trkpt lat="19.427426056936383" lon="-99.20465662144125">
        <ele>2280.42</ele>
      </trkpt>
      <trkpt lat="19.427424799650908" lon="-99.20466324314475">
        <ele>2280.56</ele>
      </trkpt>
      <trkpt lat="19.4274234585464" lon="-99.20466986484826">
        <ele>2280.68</ele>
      </trkpt>
      <trkpt lat="19.427422117441893" lon="-99.2046765703708">
        <ele>2280.79</ele>
      </trkpt>
      <trkpt lat="19.427420860156417" lon="-99.2046831920743">
        <ele>2280.9</ele>
      </trkpt>
      <trkpt lat="19.42741951905191" lon="-99.20468989759684">
        <ele>2280.99</ele>
      </trkpt>
      <trkpt lat="19.427418177947402" lon="-99.20469660311937">
        <ele>2281.06</ele>
      </trkpt>
      <trkpt lat="19.427416836842895" lon="-99.20470364391804">
        <ele>2281.13</ele>
      </trkpt>
      <trkpt lat="19.427415411919355" lon="-99.20471101999283">
        <ele>2281.19</ele>
      </trkpt>
      <trkpt lat="19.427335364744067" lon="-99.20496926642954">
        <ele>2281.17</ele>
      </trkpt>
      <trkpt lat="19.427333436906338" lon="-99.20497572049499">
        <ele>2281.21</ele>
      </trkpt>
      <trkpt lat="19.42733150906861" lon="-99.20498217456043">
        <ele>2281.24</ele>
      </trkpt>
      <trkpt lat="19.427329497411847" lon="-99.2049887124449">
        <ele>2281.27</ele>
      </trkpt>
      <trkpt lat="19.427327569574118" lon="-99.20499508269131">
        <ele>2281.29</ele>
      </trkpt>
      <trkpt lat="19.427325557917356" lon="-99.20500162057579">
        <ele>2281.31</ele>
      </trkpt>
      <trkpt lat="19.427323546260595" lon="-99.20500815846026">
        <ele>2281.33</ele>
      </trkpt>
      <trkpt lat="19.427321534603834" lon="-99.20501494780183">
        <ele>2281.35</ele>
      </trkpt>
      <trkpt lat="19.42731935530901" lon="-99.20502215623856">
        <ele>2281.37</ele>
      </trkpt>
      <trkpt lat="19.42721533589065" lon="-99.2052889522165">
        <ele>2281.36</ele>
      </trkpt>
      <trkpt lat="19.42721290513873" lon="-99.20529532246292">
        <ele>2281.39</ele>
      </trkpt>
      <trkpt lat="19.42721047438681" lon="-99.20530169270933">
        <ele>2281.42</ele>
      </trkpt>
      <trkpt lat="19.42720804363489" lon="-99.20530814677477">
        <ele>2281.46</ele>
      </trkpt>
      <trkpt lat="19.42720561288297" lon="-99.20531443320215">
        <ele>2281.51</ele>
      </trkpt>
      <trkpt lat="19.427203182131052" lon="-99.20532088726759">
        <ele>2281.56</ele>
      </trkpt>
      <trkpt lat="19.427200751379132" lon="-99.20532734133303">
        <ele>2281.62</ele>
      </trkpt>
      <trkpt lat="19.42719957791269" lon="-99.20533052645624">
        <ele>2281.69</ele>
      </trkpt>
      <trkpt lat="19.427198069170117" lon="-99.2053341306746">
        <ele>2281.78</ele>
      </trkpt>
      <trkpt lat="19.427195386961102" lon="-99.20534133911133">
        <ele>2281.87</ele>
      </trkpt>
      <trkpt lat="19.42703009583056" lon="-99.20562540180981">
        <ele>2282.03</ele>
      </trkpt>
      <trkpt lat="19.427003860473633" lon="-99.20566999353468">
        <ele>2282.16</ele>
      </trkpt>
      <trkpt lat="19.427000423893332" lon="-99.20567602850497">
        <ele>2282.28</ele>
      </trkpt>
      <trkpt lat="19.426996987313032" lon="-99.20568206347525">
        <ele>2282.42</ele>
      </trkpt>
      <trkpt lat="19.4269934669137" lon="-99.20568818226457">
        <ele>2282.57</ele>
      </trkpt>
      <trkpt lat="19.4269900303334" lon="-99.20569413341582">
        <ele>2282.72</ele>
      </trkpt>
      <trkpt lat="19.426986509934068" lon="-99.20570025220513">
        <ele>2282.89</ele>
      </trkpt>
      <trkpt lat="19.426982989534736" lon="-99.20570637099445">
        <ele>2283.08</ele>
      </trkpt>
      <trkpt lat="19.42697930149734" lon="-99.20571282505989">
        <ele>2283.27</ele>
      </trkpt>
      <trkpt lat="19.42697544582188" lon="-99.20571953058243">
        <ele>2283.47</ele>
      </trkpt>
      <trkpt lat="19.426779644563794" lon="-99.20598121359944">
        <ele>2283.76</ele>
      </trkpt>
      <trkpt lat="19.42676673643291" lon="-99.20599797740579">
        <ele>2283.98</ele>
      </trkpt>
      <trkpt lat="19.426762629300356" lon="-99.20600342564285">
        <ele>2284.21</ele>
      </trkpt>
      <trkpt lat="19.42675843834877" lon="-99.20600904151797">
        <ele>2284.46</ele>
      </trkpt>
      <trkpt lat="19.426754247397184" lon="-99.20601474121213">
        <ele>2284.7</ele>
      </trkpt>
      <trkpt lat="19.4267500564456" lon="-99.20602035708725">
        <ele>2284.96</ele>
      </trkpt>
      <trkpt lat="19.426745865494013" lon="-99.20602605678141">
        <ele>2285.22</ele>
      </trkpt>
      <trkpt lat="19.426741674542427" lon="-99.20603175647557">
        <ele>2285.48</ele>
      </trkpt>
      <trkpt lat="19.426737232133746" lon="-99.20603779144585">
        <ele>2285.75</ele>
      </trkpt>
      <trkpt lat="19.426732622087002" lon="-99.20604407787323">
        <ele>2286.02</ele>
      </trkpt>
      <trkpt lat="19.426545621827245" lon="-99.20631271786988">
        <ele>2286.36</ele>
      </trkpt>
      <trkpt lat="19.426358621567488" lon="-99.20658144168556">
        <ele>2286.66</ele>
      </trkpt>
      <trkpt lat="19.42617162130773" lon="-99.20685016550124">
        <ele>2287.03</ele>
      </trkpt>
      <trkpt lat="19.42599669098854" lon="-99.20710120350122">
        <ele>2287.38</ele>
      </trkpt>
      <trkpt lat="19.42599266767502" lon="-99.20710707083344">
        <ele>2287.65</ele>
      </trkpt>
      <trkpt lat="19.425988560542464" lon="-99.20711310580373">
        <ele>2287.92</ele>
      </trkpt>
      <trkpt lat="19.425984621047974" lon="-99.20711888931692">
        <ele>2288.19</ele>
      </trkpt>
      <trkpt lat="19.42598436959088" lon="-99.20711922459304">
        <ele>2288.45</ele>
      </trkpt>
      <trkpt lat="19.425980262458324" lon="-99.20712484046817">
        <ele>2288.71</ele>
      </trkpt>
      <trkpt lat="19.425976239144802" lon="-99.20713070780039">
        <ele>2288.97</ele>
      </trkpt>
      <trkpt lat="19.42597221583128" lon="-99.20713657513261">
        <ele>2289.22</ele>
      </trkpt>
      <trkpt lat="19.425967941060662" lon="-99.20714277774096">
        <ele>2289.47</ele>
      </trkpt>
      <trkpt lat="19.425963582471013" lon="-99.20714914798737">
        <ele>2289.72</ele>
      </trkpt>
      <trkpt lat="19.425770128145814" lon="-99.20741267502308">
        <ele>2289.93</ele>
      </trkpt>
      <trkpt lat="19.42565211094916" lon="-99.20757293701172">
        <ele>2290.2</ele>
      </trkpt>
      <trkpt lat="19.425647919997573" lon="-99.20757872052491">
        <ele>2290.45</ele>
      </trkpt>
      <trkpt lat="19.425643645226955" lon="-99.20758458785713">
        <ele>2290.71</ele>
      </trkpt>
      <trkpt lat="19.425639286637306" lon="-99.20759053900838">
        <ele>2290.96</ele>
      </trkpt>
      <trkpt lat="19.42563501186669" lon="-99.2075964063406">
        <ele>2291.23</ele>
      </trkpt>
      <trkpt lat="19.42563073709607" lon="-99.20760235749185">
        <ele>2291.5</ele>
      </trkpt>
      <trkpt lat="19.425626378506422" lon="-99.20760839246213">
        <ele>2291.77</ele>
      </trkpt>
      <trkpt lat="19.42562185227871" lon="-99.20761467888951">
        <ele>2292.05</ele>
      </trkpt>
      <trkpt lat="19.425617158412933" lon="-99.20762121677399">
        <ele>2292.34</ele>
      </trkpt>
      <trkpt lat="19.425447257235646" lon="-99.2079021781683">
        <ele>2292.71</ele>
      </trkpt>
      <trkpt lat="19.42533602938056" lon="-99.2080853227526">
        <ele>2293.06</ele>
      </trkpt>
      <trkpt lat="19.425332425162196" lon="-99.20809144154191">
        <ele>2293.37</ele>
      </trkpt>
      <trkpt lat="19.4253287371248" lon="-99.20809764415026">
        <ele>2293.69</ele>
      </trkpt>
      <trkpt lat="19.425325049087405" lon="-99.20810393057764">
        <ele>2294.02</ele>
      </trkpt>
      <trkpt lat="19.42532136105001" lon="-99.20811013318598">
        <ele>2294.35</ele>
      </trkpt>
      <trkpt lat="19.425317589193583" lon="-99.20811641961336">
        <ele>2294.7</ele>
      </trkpt>
      <trkpt lat="19.425313817337155" lon="-99.20812270604074">
        <ele>2295.05</ele>
      </trkpt>
      <trkpt lat="19.425309877842665" lon="-99.20812932774425">
        <ele>2295.41</ele>
      </trkpt>
      <trkpt lat="19.42530577071011" lon="-99.20813620090485">
        <ele>2295.78</ele>
      </trkpt>
      <trkpt lat="19.425169732421637" lon="-99.20843702740967">
        <ele>2296.24</ele>
      </trkpt>
      <trkpt lat="19.425033694133162" lon="-99.2087378539145">
        <ele>2296.74</ele>
      </trkpt>
      <trkpt lat="19.42494266666472" lon="-99.20893809758127">
        <ele>2297.14</ele>
      </trkpt>
      <trkpt lat="19.42493981681764" lon="-99.20894455164671">
        <ele>2297.52</ele>
      </trkpt>
      <trkpt lat="19.42493688315153" lon="-99.20895108953118">
        <ele>2297.9</ele>
      </trkpt>
      <trkpt lat="19.42493394948542" lon="-99.20895771123469">
        <ele>2298.29</ele>
      </trkpt>
      <trkpt lat="19.42493101581931" lon="-99.20896424911916">
        <ele>2298.67</ele>
      </trkpt>
      <trkpt lat="19.4249280821532" lon="-99.20897087082267">
        <ele>2299.06</ele>
      </trkpt>
      <trkpt lat="19.42492514848709" lon="-99.2089775763452">
        <ele>2299.44</ele>
      </trkpt>
      <trkpt lat="19.424922047182918" lon="-99.20898453332484">
        <ele>2299.82</ele>
      </trkpt>
      <trkpt lat="19.424918862059712" lon="-99.2089918255806">
        <ele>2300.2</ele>
      </trkpt>
      <trkpt lat="19.424835294485092" lon="-99.2093131877482">
        <ele>2300.57</ele>
      </trkpt>
      <trkpt lat="19.424751726910472" lon="-99.20963463373482">
        <ele>2300.94</ele>
      </trkpt>
      <trkpt lat="19.42466807551682" lon="-99.20995599590242">
        <ele>2301.39</ele>
      </trkpt>
      <trkpt lat="19.4245845079422" lon="-99.21027744188905">
        <ele>2301.89</ele>
      </trkpt>
      <trkpt lat="19.42450094036758" lon="-99.21059880405664">
        <ele>2302.35</ele>
      </trkpt>
      <trkpt lat="19.424488367512822" lon="-99.2106457427144">
        <ele>2302.71</ele>
      </trkpt>
      <trkpt lat="19.424486607313156" lon="-99.210652615875">
        <ele>2303.05</ele>
      </trkpt>
      <trkpt lat="19.42448484711349" lon="-99.21065957285464">
        <ele>2303.39</ele>
      </trkpt>
      <trkpt lat="19.424483003094792" lon="-99.21066669747233">
        <ele>2303.71</ele>
      </trkpt>
      <trkpt lat="19.424481242895126" lon="-99.21067365445197">
        <ele>2304.03</ele>
      </trkpt>
      <trkpt lat="19.42447948269546" lon="-99.21068069525063">
        <ele>2304.34</ele>
      </trkpt>
      <trkpt lat="19.424477722495794" lon="-99.21068781986833">
        <ele>2304.64</ele>
      </trkpt>
      <trkpt lat="19.424475794658065" lon="-99.21069527976215">
        <ele>2304.94</ele>
      </trkpt>
      <trkpt lat="19.424473866820335" lon="-99.2107030749321">
        <ele>2305.24</ele>
      </trkpt>
      <trkpt lat="19.424395076930523" lon="-99.2110257782042">
        <ele>2305.51</ele>
      </trkpt>
      <trkpt lat="19.424316370859742" lon="-99.21134856529534">
        <ele>2305.84</ele>
      </trkpt>
      <trkpt lat="19.424242358654737" lon="-99.21165140345693">
        <ele>2306.14</ele>
      </trkpt>
      <trkpt lat="19.424240766093135" lon="-99.21165810897946">
        <ele>2306.42</ele>
      </trkpt>
      <trkpt lat="19.424239173531532" lon="-99.21166498214006">
        <ele>2306.71</ele>
      </trkpt>
      <trkpt lat="19.42423766478896" lon="-99.21167135238647">
        <ele>2307.01</ele>
      </trkpt>
      <trkpt lat="19.424237497150898" lon="-99.21167185530066">
        <ele>2307.31</ele>
      </trkpt>
      <trkpt lat="19.424235736951232" lon="-99.21167897991836">
        <ele>2307.61</ele>
      </trkpt>
      <trkpt lat="19.424233976751566" lon="-99.21168610453606">
        <ele>2307.92</ele>
      </trkpt>
      <trkpt lat="19.4242322165519" lon="-99.21169339679182">
        <ele>2308.25</ele>
      </trkpt>
      <trkpt lat="19.424230372533202" lon="-99.21170094050467">
        <ele>2308.58</ele>
      </trkpt>
      <trkpt lat="19.424228528514504" lon="-99.21170890331268">
        <ele>2308.93</ele>
      </trkpt>
      <trkpt lat="19.424152253195643" lon="-99.21203227713704">
        <ele>2309.25</ele>
      </trkpt>
      <trkpt lat="19.42407589405775" lon="-99.2123556509614">
        <ele>2309.75</ele>
      </trkpt>
      <trkpt lat="19.42400649189949" lon="-99.21264893375337">
        <ele>2310.26</ele>
      </trkpt>
      <trkpt lat="19.424004899337888" lon="-99.21265572309494">
        <ele>2310.66</ele>
      </trkpt>
      <trkpt lat="19.424003306776285" lon="-99.21266268007457">
        <ele>2311.08</ele>
      </trkpt>
      <trkpt lat="19.424001714214683" lon="-99.21266972087324">
        <ele>2311.5</ele>
      </trkpt>
      <trkpt lat="19.42400012165308" lon="-99.21267667785287">
        <ele>2311.95</ele>
      </trkpt>
      <trkpt lat="19.42399961873889" lon="-99.21267910860479">
        <ele>2312.4</ele>
      </trkpt>
      <trkpt lat="19.423998445272446" lon="-99.2126836348325">
        <ele>2312.87</ele>
      </trkpt>
      <trkpt lat="19.42399668507278" lon="-99.21269101090729">
        <ele>2313.35</ele>
      </trkpt>
      <trkpt lat="19.423994924873114" lon="-99.21269872225821">
        <ele>2313.84</ele>
      </trkpt>
      <trkpt lat="19.423993080854416" lon="-99.21270668506622">
        <ele>2314.34</ele>
      </trkpt>
      <trkpt lat="19.423909513279796" lon="-99.21302804723382">
        <ele>2314.95</ele>
      </trkpt>
      <trkpt lat="19.423826029524207" lon="-99.21334949322045">
        <ele>2315.51</ele>
      </trkpt>
      <trkpt lat="19.423742461949587" lon="-99.21367093920708">
        <ele>2316.12</ele>
      </trkpt>
      <trkpt lat="19.423658894374967" lon="-99.21399230137467">
        <ele>2316.71</ele>
      </trkpt>
      <trkpt lat="19.423580607399344" lon="-99.2142931278795">
        <ele>2317.26</ele>
      </trkpt>
      <trkpt lat="19.42357884719968" lon="-99.21429991722107">
        <ele>2317.8</ele>
      </trkpt>
      <trkpt lat="19.423577087000012" lon="-99.21430679038167">
        <ele>2318.35</ele>
      </trkpt>
      <trkpt lat="19.423575326800346" lon="-99.21431391499937">
        <ele>2318.89</ele>
      </trkpt>
      <trkpt lat="19.423575410619378" lon="-99.2143137473613">
        <ele>2319.44</ele>
      </trkpt>
      <trkpt lat="19.42357348278165" lon="-99.21432078815997">
        <ele>2319.98</ele>
      </trkpt>
      <trkpt lat="19.42357155494392" lon="-99.2143279965967">
        <ele>2320.53</ele>
      </trkpt>
      <trkpt lat="19.42356971092522" lon="-99.21433528885245">
        <ele>2321.07</ele>
      </trkpt>
      <trkpt lat="19.423567783087492" lon="-99.21434300020337">
        <ele>2321.61</ele>
      </trkpt>
      <trkpt lat="19.42356577143073" lon="-99.21435087919235">
        <ele>2322.15</ele>
      </trkpt>
      <trkpt lat="19.42348849028349" lon="-99.21467400155962">
        <ele>2322.77</ele>
      </trkpt>
      <trkpt lat="19.423411209136248" lon="-99.21499712392688">
        <ele>2323.41</ele>
      </trkpt>
      <trkpt lat="19.423333927989006" lon="-99.21532033011317">
        <ele>2323.98</ele>
      </trkpt>
      <trkpt lat="19.423256646841764" lon="-99.21564345248044">
        <ele>2324.57</ele>
      </trkpt>
      <trkpt lat="19.423179365694523" lon="-99.2159665748477">
        <ele>2325.08</ele>
      </trkpt>
      <trkpt lat="19.423121279105544" lon="-99.21620822511613">
        <ele>2325.56</ele>
      </trkpt>
      <trkpt lat="19.42311968654394" lon="-99.21621509827673">
        <ele>2326.03</ele>
      </trkpt>
      <trkpt lat="19.42311809398234" lon="-99.2162221390754">
        <ele>2326.47</ele>
      </trkpt>
      <trkpt lat="19.423116417601705" lon="-99.21622934751213">
        <ele>2326.9</ele>
      </trkpt>
      <trkpt lat="19.423114825040102" lon="-99.21623638831079">
        <ele>2327.32</ele>
      </trkpt>
      <trkpt lat="19.423113148659468" lon="-99.21624351292849">
        <ele>2327.72</ele>
      </trkpt>
      <trkpt lat="19.423111472278833" lon="-99.21625063754618">
        <ele>2328.1</ele>
      </trkpt>
      <trkpt lat="19.423109712079167" lon="-99.21625818125904">
        <ele>2328.46</ele>
      </trkpt>
      <trkpt lat="19.42310786806047" lon="-99.21626597642899">
        <ele>2328.81</ele>
      </trkpt>
      <trkpt lat="19.423001501709223" lon="-99.21657979488373">
        <ele>2329.15</ele>
      </trkpt>
      <trkpt lat="19.422937044873834" lon="-99.21676897443831">
        <ele>2329.53</ele>
      </trkpt>
      <trkpt lat="19.422934781759977" lon="-99.21677593141794">
        <ele>2329.84</ele>
      </trkpt>
      <trkpt lat="19.42293243482709" lon="-99.2167829722166">
        <ele>2330.13</ele>
      </trkpt>
      <trkpt lat="19.4229300878942" lon="-99.2167900968343">
        <ele>2330.4</ele>
      </trkpt>
      <trkpt lat="19.422927740961313" lon="-99.21679713763297">
        <ele>2330.66</ele>
      </trkpt>
      <trkpt lat="19.422925394028425" lon="-99.21680417843163">
        <ele>2330.91</ele>
      </trkpt>
      <trkpt lat="19.422923047095537" lon="-99.21681130304933">
        <ele>2331.14</ele>
      </trkpt>
      <trkpt lat="19.422920532524586" lon="-99.21681884676218">
        <ele>2331.36</ele>
      </trkpt>
      <trkpt lat="19.422917934134603" lon="-99.2168265581131">
        <ele>2331.57</ele>
      </trkpt>
      <trkpt lat="19.422801174223423" lon="-99.21701464802027">
        <ele>2331.84</ele>
      </trkpt>
      <trkpt lat="19.422797318547964" lon="-99.21702101826668">
        <ele>2332.03</ele>
      </trkpt>
      <trkpt lat="19.422793379053473" lon="-99.21702755615115">
        <ele>2332.2</ele>
      </trkpt>
      <trkpt lat="19.42278935573995" lon="-99.21703417785466">
        <ele>2332.36</ele>
      </trkpt>
      <trkpt lat="19.42278541624546" lon="-99.2170406319201">
        <ele>2332.51</ele>
      </trkpt>
      <trkpt lat="19.422781392931938" lon="-99.21704716980457">
        <ele>2332.65</ele>
      </trkpt>
      <trkpt lat="19.422777369618416" lon="-99.21705370768905">
        <ele>2332.78</ele>
      </trkpt>
      <trkpt lat="19.4227730948478" lon="-99.21706074848771">
        <ele>2332.9</ele>
      </trkpt>
      <trkpt lat="19.42276873625815" lon="-99.21706795692444">
        <ele>2333.01</ele>
      </trkpt>
      <trkpt lat="19.42257670685649" lon="-99.21731396578252">
        <ele>2333.15</ele>
      </trkpt>
      <trkpt lat="19.422572012990713" lon="-99.21732008457184">
        <ele>2333.25</ele>
      </trkpt>
      <trkpt lat="19.42256798967719" lon="-99.21732536517084">
        <ele>2333.33</ele>
      </trkpt>
      <trkpt lat="19.422567151486874" lon="-99.21732628718019">
        <ele>2333.41</ele>
      </trkpt>
      <trkpt lat="19.422562457621098" lon="-99.21733223833144">
        <ele>2333.48</ele>
      </trkpt>
      <trkpt lat="19.422557847574353" lon="-99.21733810566366">
        <ele>2333.55</ele>
      </trkpt>
      <trkpt lat="19.42255323752761" lon="-99.21734405681491">
        <ele>2333.61</ele>
      </trkpt>
      <trkpt lat="19.422548627480865" lon="-99.21735009178519">
        <ele>2333.67</ele>
      </trkpt>
      <trkpt lat="19.422543682157993" lon="-99.2173564620316">
        <ele>2333.72</ele>
      </trkpt>
      <trkpt lat="19.42253865301609" lon="-99.21736299991608">
        <ele>2333.77</ele>
      </trkpt>
      <trkpt lat="19.42239347845316" lon="-99.21748445369303">
        <ele>2333.83</ele>
      </trkpt>
      <trkpt lat="19.422387527301908" lon="-99.21748948283494">
        <ele>2333.87</ele>
      </trkpt>
      <trkpt lat="19.422381492331624" lon="-99.21749459579587">
        <ele>2333.9</ele>
      </trkpt>
      <trkpt lat="19.422375289723277" lon="-99.21749987639487">
        <ele>2333.94</ele>
      </trkpt>
      <trkpt lat="19.422369338572025" lon="-99.2175049893558">
        <ele>2333.97</ele>
      </trkpt>
      <trkpt lat="19.42236321978271" lon="-99.21751018613577">
        <ele>2334.0</ele>
      </trkpt>
      <trkpt lat="19.422357100993395" lon="-99.21751538291574">
        <ele>2334.03</ele>
      </trkpt>
      <trkpt lat="19.422350646927953" lon="-99.21752091497183">
        <ele>2334.06</ele>
      </trkpt>
      <trkpt lat="19.422343941405416" lon="-99.21752661466599">
        <ele>2334.08</ele>
      </trkpt>
      <trkpt lat="19.422137662768364" lon="-99.21767472289503">
        <ele>2334.12</ele>
      </trkpt>
      <trkpt lat="19.422131208702922" lon="-99.2176794167608">
        <ele>2334.15</ele>
      </trkpt>
      <trkpt lat="19.422124586999416" lon="-99.21768427826464">
        <ele>2334.16</ele>
      </trkpt>
      <trkpt lat="19.42211788147688" lon="-99.21768922358751">
        <ele>2334.18</ele>
      </trkpt>
      <trkpt lat="19.422111343592405" lon="-99.21769400127232">
        <ele>2334.2</ele>
      </trkpt>
      <trkpt lat="19.422104638069868" lon="-99.21769886277616">
        <ele>2334.22</ele>
      </trkpt>
      <trkpt lat="19.42209793254733" lon="-99.21770380809903">
        <ele>2334.23</ele>
      </trkpt>
      <trkpt lat="19.422090807929635" lon="-99.217709004879">
        <ele>2334.24</ele>
      </trkpt>
      <trkpt lat="19.422083431854844" lon="-99.21771436929703">
        <ele>2334.25</ele>
      </trkpt>
      <trkpt lat="19.421793837100267" lon="-99.21784789301455">
        <ele>2334.27</ele>
      </trkpt>
      <trkpt lat="19.421790232881904" lon="-99.21784948557615">
        <ele>2334.28</ele>
      </trkpt>
      <trkpt lat="19.421783611178398" lon="-99.2178525030613">
        <ele>2334.28</ele>
      </trkpt>
      <trkpt lat="19.42177682183683" lon="-99.21785560436547">
        <ele>2334.29</ele>
      </trkpt>
      <trkpt lat="19.421769864857197" lon="-99.21785878948867">
        <ele>2334.3</ele>
      </trkpt>
      <trkpt lat="19.42176315933466" lon="-99.21786189079285">
        <ele>2334.31</ele>
      </trkpt>
      <trkpt lat="19.42175636999309" lon="-99.21786507591605">
        <ele>2334.31</ele>
      </trkpt>
      <trkpt lat="19.42174941301346" lon="-99.21786834485829">
        <ele>2334.32</ele>
      </trkpt>
      <trkpt lat="19.421742036938667" lon="-99.21787178143859">
        <ele>2334.32</ele>
      </trkpt>
      <trkpt lat="19.421734493225813" lon="-99.21787530183792">
        <ele>2334.32</ele>
      </trkpt>
      <trkpt lat="19.421498626470566" lon="-99.2179352324456">
        <ele>2334.32</ele>
      </trkpt>
      <trkpt lat="19.42149049602449" lon="-99.21793732792139">
        <ele>2334.32</ele>
      </trkpt>
      <trkpt lat="19.42148228175938" lon="-99.21793950721622">
        <ele>2334.32</ele>
      </trkpt>
      <trkpt lat="19.421473816037178" lon="-99.21794168651104">
        <ele>2334.32</ele>
      </trkpt>
      <trkpt lat="19.42146560177207" lon="-99.21794386580586">
        <ele>2334.31</ele>
      </trkpt>
      <trkpt lat="19.4214572198689" lon="-99.21794604510069">
        <ele>2334.31</ele>
      </trkpt>
      <trkpt lat="19.421448670327663" lon="-99.21794830821455">
        <ele>2334.3</ele>
      </trkpt>
      <trkpt lat="19.4214397855103" lon="-99.21795065514743">
        <ele>2334.29</ele>
      </trkpt>
      <trkpt lat="19.421430649235845" lon="-99.21795308589935">
        <ele>2334.28</ele>
      </trkpt>
      <trkpt lat="19.42131615243852" lon="-99.21796557493508">
        <ele>2334.26</ele>
      </trkpt>
      <trkpt lat="19.421308357268572" lon="-99.21796649694443">
        <ele>2334.25</ele>
      </trkpt>
      <trkpt lat="19.42130047827959" lon="-99.21796741895378">
        <ele>2334.22</ele>
      </trkpt>
      <trkpt lat="19.421292347833514" lon="-99.21796834096313">
        <ele>2334.2</ele>
      </trkpt>
      <trkpt lat="19.4212843850255" lon="-99.21796926297247">
        <ele>2334.17</ele>
      </trkpt>
      <trkpt lat="19.42127642221749" lon="-99.21797018498182">
        <ele>2334.14</ele>
      </trkpt>
      <trkpt lat="19.42126812413335" lon="-99.2179711908102">
        <ele>2334.1</ele>
      </trkpt>
      <trkpt lat="19.42125940695405" lon="-99.21797219663858">
        <ele>2334.06</ele>
      </trkpt>
      <trkpt lat="19.42125060595572" lon="-99.21797320246696">
        <ele>2334.01</ele>
      </trkpt>
      <trkpt lat="19.42115681245923" lon="-99.21796415001154">
        <ele>2333.96</ele>
      </trkpt>
      <trkpt lat="19.421149101108313" lon="-99.21796347945929">
        <ele>2333.9</ele>
      </trkpt>
      <trkpt lat="19.421141305938363" lon="-99.21796280890703">
        <ele>2333.84</ele>
      </trkpt>
      <trkpt lat="19.42113325931132" lon="-99.21796205453575">
        <ele>2333.78</ele>
      </trkpt>
      <trkpt lat="19.421125380322337" lon="-99.21796138398349">
        <ele>2333.71</ele>
      </trkpt>
      <trkpt lat="19.421117417514324" lon="-99.21796071343124">
        <ele>2333.63</ele>
      </trkpt>
      <trkpt lat="19.421109287068248" lon="-99.21795995905995">
        <ele>2333.55</ele>
      </trkpt>
      <trkpt lat="19.42110065370798" lon="-99.21795920468867">
        <ele>2333.46</ele>
      </trkpt>
      <trkpt lat="19.42109185270965" lon="-99.21795845031738">
        <ele>2333.37</ele>
      </trkpt>
      <trkpt lat="19.420776022598147" lon="-99.21794218942523">
        <ele>2333.28</ele>
      </trkpt>
      <trkpt lat="19.42058801651001" lon="-99.21793229877949">
        <ele>2333.18</ele>
      </trkpt>
      <trkpt lat="19.42057971842587" lon="-99.21793187968433">
        <ele>2333.08</ele>
      </trkpt>
      <trkpt lat="19.42057142034173" lon="-99.21793146058917">
        <ele>2332.98</ele>
      </trkpt>
      <trkpt lat="19.420562786981463" lon="-99.21793104149401">
        <ele>2332.88</ele>
      </trkpt>
      <trkpt lat="19.42055432125926" lon="-99.21793062239885">
        <ele>2332.77</ele>
      </trkpt>
      <trkpt lat="19.420545855537057" lon="-99.2179302033037">
        <ele>2332.67</ele>
      </trkpt>
      <trkpt lat="19.420537054538727" lon="-99.21792978420854">
        <ele>2332.56</ele>
      </trkpt>
      <trkpt lat="19.42052791826427" lon="-99.21792936511338">
        <ele>2332.46</ele>
      </trkpt>
      <trkpt lat="19.42051861435175" lon="-99.21792894601822">
        <ele>2332.35</ele>
      </trkpt>
      <trkpt lat="19.42020244896412" lon="-99.21792232431471">
        <ele>2332.26</ele>
      </trkpt>
      <trkpt lat="19.4199460465461" lon="-99.21791679225862">
        <ele>2332.09</ele>
      </trkpt>
      <trkpt lat="19.419937413185835" lon="-99.21791662462056">
        <ele>2332.0</ele>
      </trkpt>
      <trkpt lat="19.419928696006536" lon="-99.2179164569825">
        <ele>2331.91</ele>
      </trkpt>
      <trkpt lat="19.419919727370143" lon="-99.21791628934443">
        <ele>2331.84</ele>
      </trkpt>
      <trkpt lat="19.419910926371813" lon="-99.21791612170637">
        <ele>2331.77</ele>
      </trkpt>
      <trkpt lat="19.41990204155445" lon="-99.2179159540683">
        <ele>2331.72</ele>
      </trkpt>
      <trkpt lat="19.419892905279994" lon="-99.21791578643024">
        <ele>2331.68</ele>
      </trkpt>
      <trkpt lat="19.41988636739552" lon="-99.21791570261121">
        <ele>2331.66</ele>
      </trkpt>
      <trkpt lat="19.41988343372941" lon="-99.21791561879218">
        <ele>2331.65</ele>
      </trkpt>
      <trkpt lat="19.419875219464302" lon="-99.21791553497314">
        <ele>2331.66</ele>
      </trkpt>
      <trkpt lat="19.419559137895703" lon="-99.217923078686">
        <ele>2331.69</ele>
      </trkpt>
      <trkpt lat="19.419495351612568" lon="-99.2179244197905">
        <ele>2331.75</ele>
      </trkpt>
      <trkpt lat="19.41948764026165" lon="-99.21792458742857">
        <ele>2331.83</ele>
      </trkpt>
      <trkpt lat="19.41947976127267" lon="-99.21792475506663">
        <ele>2331.93</ele>
      </trkpt>
      <trkpt lat="19.419471714645624" lon="-99.21792500652373">
        <ele>2332.06</ele>
      </trkpt>
      <trkpt lat="19.419463835656643" lon="-99.21792525798082">
        <ele>2332.21</ele>
      </trkpt>
      <trkpt lat="19.41945587284863" lon="-99.21792550943792">
        <ele>2332.38</ele>
      </trkpt>
      <trkpt lat="19.419447658583522" lon="-99.21792576089501">
        <ele>2332.59</ele>
      </trkpt>
      <trkpt lat="19.419438941404223" lon="-99.21792601235211">
        <ele>2332.82</ele>
      </trkpt>
      <trkpt lat="19.419430140405893" lon="-99.2179262638092">
        <ele>2333.08</ele>
      </trkpt>
      <trkpt lat="19.419118333607912" lon="-99.21798133291304">
        <ele>2333.41</ele>
      </trkpt>
      <trkpt lat="19.41908405162394" lon="-99.21798720024526">
        <ele>2333.73</ele>
      </trkpt>
      <trkpt lat="19.419076507911086" lon="-99.21798854134977">
        <ele>2334.08</ele>
      </trkpt>
      <trkpt lat="19.4190688803792" lon="-99.21798988245428">
        <ele>2334.45</ele>
      </trkpt>
      <trkpt lat="19.41906100139022" lon="-99.21799130737782">
        <ele>2334.85</ele>
      </trkpt>
      <trkpt lat="19.4190532900393" lon="-99.21799273230135">
        <ele>2335.27</ele>
      </trkpt>
      <trkpt lat="19.41904549486935" lon="-99.2179941572249">
        <ele>2335.72</ele>
      </trkpt>
      <trkpt lat="19.41903753206134" lon="-99.21799558214843">
        <ele>2336.2</ele>
      </trkpt>
      <trkpt lat="19.419029066339135" lon="-99.217997090891">
        <ele>2336.7</ele>
      </trkpt>
      <trkpt lat="19.4190205167979" lon="-99.2179986834526">
        <ele>2337.22</ele>
      </trkpt>
      <trkpt lat="19.41871751099825" lon="-99.2180938180536">
        <ele>2337.85</ele>
      </trkpt>
      <trkpt lat="19.418414505198598" lon="-99.2181889526546">
        <ele>2338.52</ele>
      </trkpt>
      <trkpt lat="19.41812675446272" lon="-99.21827922575176">
        <ele>2339.19</ele>
      </trkpt>
      <trkpt lat="19.418118288740516" lon="-99.21828190796077">
        <ele>2339.77</ele>
      </trkpt>
      <trkpt lat="19.418111415579915" lon="-99.2182840872556">
        <ele>2340.36</ele>
      </trkpt>
      <trkpt lat="19.41810973919928" lon="-99.21828450635076">
        <ele>2340.95</ele>
      </trkpt>
      <trkpt lat="19.418102279305458" lon="-99.21828685328364">
        <ele>2341.55</ele>
      </trkpt>
      <trkpt lat="19.4180949870497" lon="-99.2182891163975">
        <ele>2342.15</ele>
      </trkpt>
      <trkpt lat="19.418087527155876" lon="-99.21829146333039">
        <ele>2342.75</ele>
      </trkpt>
      <trkpt lat="19.41807998344302" lon="-99.21829389408231">
        <ele>2343.34</ele>
      </trkpt>
      <trkpt lat="19.418071936815977" lon="-99.21829649247229">
        <ele>2343.94</ele>
      </trkpt>
      <trkpt lat="19.4180638063699" lon="-99.21829909086227">
        <ele>2344.52</ele>
      </trkpt>
      <trkpt lat="19.4177617225796" lon="-99.21839741058648">
        <ele>2345.09</ele>
      </trkpt>
      <trkpt lat="19.417459638789296" lon="-99.21849581412971">
        <ele>2345.68</ele>
      </trkpt>
      <trkpt lat="19.417157554998994" lon="-99.21859421767294">
        <ele>2346.28</ele>
      </trkpt>
      <trkpt lat="19.41685547120869" lon="-99.21869253739715">
        <ele>2346.9</ele>
      </trkpt>
      <trkpt lat="19.41655338741839" lon="-99.21879094094038">
        <ele>2347.49</ele>
      </trkpt>
      <trkpt lat="19.416251303628087" lon="-99.21888934448361">
        <ele>2348.09</ele>
      </trkpt>
      <trkpt lat="19.415949219837785" lon="-99.21898774802685">
        <ele>2348.68</ele>
      </trkpt>
      <trkpt lat="19.415751406922936" lon="-99.21905186958611">
        <ele>2349.13</ele>
      </trkpt>
      <trkpt lat="19.41574327647686" lon="-99.21905455179513">
        <ele>2349.56</ele>
      </trkpt>
      <trkpt lat="19.415735146030784" lon="-99.21905723400414">
        <ele>2349.96</ele>
      </trkpt>
      <trkpt lat="19.415726764127612" lon="-99.21906000003219">
        <ele>2350.34</ele>
      </trkpt>
      <trkpt lat="19.415718549862504" lon="-99.2190626822412">
        <ele>2350.69</ele>
      </trkpt>
      <trkpt lat="19.415710167959332" lon="-99.21906544826925">
        <ele>2351.01</ele>
      </trkpt>
      <trkpt lat="19.41570170223713" lon="-99.21906829811633">
        <ele>2351.3</ele>
      </trkpt>
      <trkpt lat="19.415692733600736" lon="-99.21907123178244">
        <ele>2351.56</ele>
      </trkpt>
      <trkpt lat="19.41568359732628" lon="-99.21907424926758">
        <ele>2351.8</ele>
      </trkpt>
      <trkpt lat="19.41562408581376" lon="-99.21912009827793">
        <ele>2352.01</ele>
      </trkpt>
      <trkpt lat="19.415617799386382" lon="-99.2191250436008">
        <ele>2352.2</ele>
      </trkpt>
      <trkpt lat="19.415611512959003" lon="-99.21912998892367">
        <ele>2352.36</ele>
      </trkpt>
      <trkpt lat="19.41560505889356" lon="-99.2191351018846">
        <ele>2352.5</ele>
      </trkpt>
      <trkpt lat="19.41559868864715" lon="-99.2191401310265">
        <ele>2352.62</ele>
      </trkpt>
      <trkpt lat="19.41559231840074" lon="-99.21914516016841">
        <ele>2352.73</ele>
      </trkpt>
      <trkpt lat="19.415585696697235" lon="-99.21915035694838">
        <ele>2352.81</ele>
      </trkpt>
      <trkpt lat="19.415578739717603" lon="-99.21915588900447">
        <ele>2352.87</ele>
      </trkpt>
      <trkpt lat="19.41557169891894" lon="-99.21916142106056">
        <ele>2352.93</ele>
      </trkpt>
      <trkpt lat="19.4155443739146" lon="-99.21917013823986">
        <ele>2352.96</ele>
      </trkpt>
      <trkpt lat="19.415536914020777" lon="-99.21917256899178">
        <ele>2352.99</ele>
      </trkpt>
      <trkpt lat="19.415529454126954" lon="-99.21917508356273">
        <ele>2353.01</ele>
      </trkpt>
      <trkpt lat="19.415521742776036" lon="-99.21917768195271">
        <ele>2353.02</ele>
      </trkpt>
      <trkpt lat="19.415514199063182" lon="-99.21918019652367">
        <ele>2353.03</ele>
      </trkpt>
      <trkpt lat="19.415506571531296" lon="-99.21918271109462">
        <ele>2353.03</ele>
      </trkpt>
      <trkpt lat="19.415498776361346" lon="-99.2191853094846">
        <ele>2353.03</ele>
      </trkpt>
      <trkpt lat="19.415490394458175" lon="-99.21918807551265">
        <ele>2353.03</ele>
      </trkpt>
      <trkpt lat="19.41548192873597" lon="-99.21919092535973">
        <ele>2353.02</ele>
      </trkpt>
      <trkpt lat="19.415424931794405" lon="-99.2191937752068">
        <ele>2353.04</ele>
      </trkpt>
      <trkpt lat="19.415416968986392" lon="-99.21919419430196">
        <ele>2353.03</ele>
      </trkpt>
      <trkpt lat="19.41540900617838" lon="-99.21919461339712">
        <ele>2353.03</ele>
      </trkpt>
      <trkpt lat="19.41540070809424" lon="-99.21919511631131">
        <ele>2353.04</ele>
      </trkpt>
      <trkpt lat="19.415392661467195" lon="-99.2191956192255">
        <ele>2353.05</ele>
      </trkpt>
      <trkpt lat="19.415384531021118" lon="-99.21919612213969">
        <ele>2353.07</ele>
      </trkpt>
      <trkpt lat="19.415376149117947" lon="-99.21919662505388">
        <ele>2353.09</ele>
      </trkpt>
      <trkpt lat="19.41536709666252" lon="-99.21919712796807">
        <ele>2353.13</ele>
      </trkpt>
      <trkpt lat="19.415358044207096" lon="-99.21919763088226">
        <ele>2353.17</ele>
      </trkpt>
      <trkpt lat="19.415343794971704" lon="-99.21919637359679">
        <ele>2353.22</ele>
      </trkpt>
      <trkpt lat="19.415335999801755" lon="-99.21919570304453">
        <ele>2353.28</ele>
      </trkpt>
      <trkpt lat="19.415328204631805" lon="-99.21919503249228">
        <ele>2353.35</ele>
      </trkpt>
      <trkpt lat="19.41532007418573" lon="-99.21919436194003">
        <ele>2353.44</ele>
      </trkpt>
      <trkpt lat="19.41531227901578" lon="-99.21919369138777">
        <ele>2353.53</ele>
      </trkpt>
      <trkpt lat="19.415304316207767" lon="-99.21919302083552">
        <ele>2353.64</ele>
      </trkpt>
      <trkpt lat="19.41529610194266" lon="-99.21919235028327">
        <ele>2353.76</ele>
      </trkpt>
      <trkpt lat="19.41528730094433" lon="-99.21919167973101">
        <ele>2353.89</ele>
      </trkpt>
      <trkpt lat="19.415278332307935" lon="-99.21919092535973">
        <ele>2354.03</ele>
      </trkpt>
      <trkpt lat="19.414979433640838" lon="-99.21929938718677">
        <ele>2354.33</ele>
      </trkpt>
      <trkpt lat="19.41468045115471" lon="-99.2194078490138">
        <ele>2354.58</ele>
      </trkpt>
      <trkpt lat="19.414535611867905" lon="-99.21946006827056">
        <ele>2354.73</ele>
      </trkpt>
      <trkpt lat="19.41452764905989" lon="-99.21946300193667">
        <ele>2354.91</ele>
      </trkpt>
      <trkpt lat="19.41451968625188" lon="-99.21946593560278">
        <ele>2355.09</ele>
      </trkpt>
      <trkpt lat="19.41451138816774" lon="-99.21946895308793">
        <ele>2355.29</ele>
      </trkpt>
      <trkpt lat="19.414503341540694" lon="-99.21947188675404">
        <ele>2355.49</ele>
      </trkpt>
      <trkpt lat="19.414495211094618" lon="-99.21947490423918">
        <ele>2355.7</ele>
      </trkpt>
      <trkpt lat="19.414486829191446" lon="-99.21947800554335">
        <ele>2355.92</ele>
      </trkpt>
      <trkpt lat="19.414477944374084" lon="-99.21948127448559">
        <ele>2356.15</ele>
      </trkpt>
      <trkpt lat="19.41446889191866" lon="-99.21948462724686">
        <ele>2356.39</ele>
      </trkpt>
      <trkpt lat="19.414216596633196" lon="-99.21959518454969">
        <ele>2356.61</ele>
      </trkpt>
      <trkpt lat="19.414208382368088" lon="-99.21959887258708">
        <ele>2356.88</ele>
      </trkpt>
      <trkpt lat="19.41420025192201" lon="-99.21960256062448">
        <ele>2357.15</ele>
      </trkpt>
      <trkpt lat="19.414191786199808" lon="-99.21960633248091">
        <ele>2357.45</ele>
      </trkpt>
      <trkpt lat="19.41418348811567" lon="-99.2196100205183">
        <ele>2357.75</ele>
      </trkpt>
      <trkpt lat="19.414177034050226" lon="-99.21961287036538">
        <ele>2358.08</ele>
      </trkpt>
      <trkpt lat="19.414175022393465" lon="-99.2196137085557">
        <ele>2358.42</ele>
      </trkpt>
      <trkpt lat="19.414167646318674" lon="-99.2196168936789">
        <ele>2358.77</ele>
      </trkpt>
      <trkpt lat="19.41415959969163" lon="-99.21962049789727">
        <ele>2359.14</ele>
      </trkpt>
      <trkpt lat="19.414151553064585" lon="-99.21962410211563">
        <ele>2359.52</ele>
      </trkpt>
      <trkpt lat="19.41386505961418" lon="-99.21976500190794">
        <ele>2360.05</ele>
      </trkpt>
      <trkpt lat="19.41357856616378" lon="-99.21990598551929">
        <ele>2360.6</ele>
      </trkpt>
      <trkpt lat="19.413435822352767" lon="-99.21997580677271">
        <ele>2361.1</ele>
      </trkpt>
      <trkpt lat="19.41342819482088" lon="-99.21997957862914">
        <ele>2361.54</ele>
      </trkpt>
      <trkpt lat="19.413420483469963" lon="-99.2199834343046">
        <ele>2362.0</ele>
      </trkpt>
      <trkpt lat="19.413412604480982" lon="-99.21998737379909">
        <ele>2362.46</ele>
      </trkpt>
      <trkpt lat="19.413404976949096" lon="-99.21999122947454">
        <ele>2362.93</ele>
      </trkpt>
      <trkpt lat="19.413397097960114" lon="-99.21999516896904">
        <ele>2363.42</ele>
      </trkpt>
      <trkpt lat="19.413389218971133" lon="-99.21999910846353">
        <ele>2363.91</ele>
      </trkpt>
      <trkpt lat="19.4133806694299" lon="-99.22000338323414">
        <ele>2364.41</ele>
      </trkpt>
      <trkpt lat="19.41337203606963" lon="-99.22000765800476">
        <ele>2364.92</ele>
      </trkpt>
      <trkpt lat="19.413102893158793" lon="-99.22018250450492">
        <ele>2365.6</ele>
      </trkpt>
      <trkpt lat="19.412833750247955" lon="-99.22035735100508">
        <ele>2366.13</ele>
      </trkpt>
      <trkpt lat="19.412664687260985" lon="-99.22046665102243">
        <ele>2366.62</ele>
      </trkpt>
      <trkpt lat="19.412657395005226" lon="-99.22047142870724">
        <ele>2367.15</ele>
      </trkpt>
      <trkpt lat="19.4126501865685" lon="-99.22047620639205">
        <ele>2367.7</ele>
      </trkpt>
      <trkpt lat="19.412642726674676" lon="-99.22048115171492">
        <ele>2368.26</ele>
      </trkpt>
      <trkpt lat="19.412635350599885" lon="-99.22048601321876">
        <ele>2368.82</ele>
      </trkpt>
      <trkpt lat="19.412627974525094" lon="-99.2204908747226">
        <ele>2369.4</ele>
      </trkpt>
      <trkpt lat="19.41262051463127" lon="-99.22049582004547">
        <ele>2369.98</ele>
      </trkpt>
      <trkpt lat="19.412612384185195" lon="-99.2205011844635">
        <ele>2370.58</ele>
      </trkpt>
      <trkpt lat="19.412604169920087" lon="-99.22050654888153">
        <ele>2371.19</ele>
      </trkpt>
      <trkpt lat="19.412344498559833" lon="-99.22069656662643">
        <ele>2371.79</ele>
      </trkpt>
      <trkpt lat="19.41208482719958" lon="-99.22088666819036">
        <ele>2372.5</ele>
      </trkpt>
      <trkpt lat="19.411827586591244" lon="-99.22107492573559">
        <ele>2373.28</ele>
      </trkpt>
      <trkpt lat="19.411825155839324" lon="-99.22107676975429">
        <ele>2373.92</ele>
      </trkpt>
      <trkpt lat="19.411820294335485" lon="-99.22108012251556">
        <ele>2374.57</ele>
      </trkpt>
      <trkpt lat="19.41181375645101" lon="-99.22108490020037">
        <ele>2375.22</ele>
      </trkpt>
      <trkpt lat="19.411807050928473" lon="-99.22108984552324">
        <ele>2375.87</ele>
      </trkpt>
      <trkpt lat="19.411800513044" lon="-99.22109462320805">
        <ele>2376.52</ele>
      </trkpt>
      <trkpt lat="19.411793807521462" lon="-99.22109956853092">
        <ele>2377.16</ele>
      </trkpt>
      <trkpt lat="19.411787101998925" lon="-99.22110451385379">
        <ele>2377.8</ele>
      </trkpt>
      <trkpt lat="19.411779809743166" lon="-99.22110996209085">
        <ele>2378.44</ele>
      </trkpt>
      <trkpt lat="19.411518964916468" lon="-99.22129830345511">
        <ele>2379.17</ele>
      </trkpt>
      <trkpt lat="19.41125812008977" lon="-99.22148664481938">
        <ele>2379.78</ele>
      </trkpt>
      <trkpt lat="19.41099727526307" lon="-99.22167498618364">
        <ele>2380.44</ele>
      </trkpt>
      <trkpt lat="19.410736514255404" lon="-99.22186332754791">
        <ele>2381.14</ele>
      </trkpt>
      <trkpt lat="19.410475669428706" lon="-99.22205166891217">
        <ele>2381.68</ele>
      </trkpt>
      <trkpt lat="19.410214824602008" lon="-99.22224009409547">
        <ele>2382.25</ele>
      </trkpt>
      <trkpt lat="19.40995397977531" lon="-99.22242843545973">
        <ele>2382.87</ele>
      </trkpt>
      <trkpt lat="19.40975029952824" lon="-99.2225750349462">
        <ele>2383.31</ele>
      </trkpt>
      <trkpt lat="19.409743258729577" lon="-99.22258023172617">
        <ele>2383.74</ele>
      </trkpt>
      <trkpt lat="19.40973613411188" lon="-99.22258542850614">
        <ele>2384.13</ele>
      </trkpt>
      <trkpt lat="19.40972867421806" lon="-99.2225908767432">
        <ele>2384.48</ele>
      </trkpt>
      <trkpt lat="19.40972146578133" lon="-99.2225961573422">
        <ele>2384.8</ele>
      </trkpt>
      <trkpt lat="19.409714173525572" lon="-99.22260152176023">
        <ele>2385.07</ele>
      </trkpt>
      <trkpt lat="19.40970679745078" lon="-99.22260688617826">
        <ele>2385.31</ele>
      </trkpt>
      <trkpt lat="19.409698750823736" lon="-99.22261275351048">
        <ele>2385.51</ele>
      </trkpt>
      <trkpt lat="19.40952935256064" lon="-99.222331373021">
        <ele>2385.8</ele>
      </trkpt>
      <trkpt lat="19.409404629841447" lon="-99.2221244238317">
        <ele>2385.83</ele>
      </trkpt>
      <trkpt lat="19.409400271251798" lon="-99.22211721539497">
        <ele>2385.91</ele>
      </trkpt>
      <trkpt lat="19.40939591266215" lon="-99.22210992313921">
        <ele>2385.95</ele>
      </trkpt>
      <trkpt lat="19.409391386434436" lon="-99.22210246324539">
        <ele>2385.95</ele>
      </trkpt>
      <trkpt lat="19.409387027844787" lon="-99.22209517098963">
        <ele>2385.91</ele>
      </trkpt>
      <trkpt lat="19.409382585436106" lon="-99.22208779491484">
        <ele>2385.84</ele>
      </trkpt>
      <trkpt lat="19.409378143027425" lon="-99.22208033502102">
        <ele>2385.75</ele>
      </trkpt>
      <trkpt lat="19.409373281523585" lon="-99.22207228839397">
        <ele>2385.61</ele>
      </trkpt>
      <trkpt lat="19.409199859946966" lon="-99.22179359011352">
        <ele>2385.33</ele>
      </trkpt>
      <trkpt lat="19.40911361016333" lon="-99.22165520489216">
        <ele>2385.12</ele>
      </trkpt>
      <trkpt lat="19.40910916775465" lon="-99.22164808027446">
        <ele>2384.92</ele>
      </trkpt>
      <trkpt lat="19.40910472534597" lon="-99.22164087183774">
        <ele>2384.7</ele>
      </trkpt>
      <trkpt lat="19.409100115299225" lon="-99.22163349576294">
        <ele>2384.46</ele>
      </trkpt>
      <trkpt lat="19.409095672890544" lon="-99.22162628732622">
        <ele>2384.21</ele>
      </trkpt>
      <trkpt lat="19.4090910628438" lon="-99.22161891125143">
        <ele>2383.95</ele>
      </trkpt>
      <trkpt lat="19.409086536616087" lon="-99.22161161899567">
        <ele>2383.67</ele>
      </trkpt>
      <trkpt lat="19.409081591293216" lon="-99.22160357236862">
        <ele>2383.39</ele>
      </trkpt>
      <trkpt lat="19.40891906619072" lon="-99.22131774947047">
        <ele>2383.08</ele>
      </trkpt>
      <trkpt lat="19.40875645726919" lon="-99.22103192657232">
        <ele>2382.82</ele>
      </trkpt>
      <trkpt lat="19.408613462001085" lon="-99.22078063711524">
        <ele>2382.48</ele>
      </trkpt>
      <trkpt lat="19.40860935486853" lon="-99.22077334485948">
        <ele>2382.18</ele>
      </trkpt>
      <trkpt lat="19.408605163916945" lon="-99.22076596878469">
        <ele>2381.89</ele>
      </trkpt>
      <trkpt lat="19.408600805327296" lon="-99.2207583412528">
        <ele>2381.6</ele>
      </trkpt>
      <trkpt lat="19.40859661437571" lon="-99.22075096517801">
        <ele>2381.31</ele>
      </trkpt>
      <trkpt lat="19.408593848347664" lon="-99.22074610367417">
        <ele>2381.03</ele>
      </trkpt>
      <trkpt lat="19.408592339605093" lon="-99.22074342146516">
        <ele>2380.75</ele>
      </trkpt>
      <trkpt lat="19.408588064834476" lon="-99.22073596157134">
        <ele>2380.48</ele>
      </trkpt>
      <trkpt lat="19.40858345478773" lon="-99.22072783112526">
        <ele>2380.21</ele>
      </trkpt>
      <trkpt lat="19.408413218334317" lon="-99.22044695354998">
        <ele>2379.92</ele>
      </trkpt>
      <trkpt lat="19.408357981592417" lon="-99.2203560937196">
        <ele>2379.65</ele>
      </trkpt>
      <trkpt lat="19.408353623002768" lon="-99.22034888528287">
        <ele>2379.41</ele>
      </trkpt>
      <trkpt lat="19.40834926441312" lon="-99.22034167684615">
        <ele>2379.17</ele>
      </trkpt>
      <trkpt lat="19.408344738185406" lon="-99.22033421695232">
        <ele>2378.95</ele>
      </trkpt>
      <trkpt lat="19.408340379595757" lon="-99.22032692469656">
        <ele>2378.73</ele>
      </trkpt>
      <trkpt lat="19.408335937187076" lon="-99.22031954862177">
        <ele>2378.52</ele>
      </trkpt>
      <trkpt lat="19.408331410959363" lon="-99.22031208872795">
        <ele>2378.32</ele>
      </trkpt>
      <trkpt lat="19.408326549455523" lon="-99.2203040421009">
        <ele>2378.13</ele>
      </trkpt>
      <trkpt lat="19.408203922212124" lon="-99.22012953087687">
        <ele>2377.9</ele>
      </trkpt>
      <trkpt lat="19.408198976889253" lon="-99.22012249007821">
        <ele>2377.72</ele>
      </trkpt>
      <trkpt lat="19.40819403156638" lon="-99.22011544927955">
        <ele>2377.55</ele>
      </trkpt>
      <trkpt lat="19.408188918605447" lon="-99.22010815702379">
        <ele>2377.39</ele>
      </trkpt>
      <trkpt lat="19.408183973282576" lon="-99.22010103240609">
        <ele>2377.24</ele>
      </trkpt>
      <trkpt lat="19.408178944140673" lon="-99.22009382396936">
        <ele>2377.09</ele>
      </trkpt>
      <trkpt lat="19.40817391499877" lon="-99.22008661553264">
        <ele>2376.95</ele>
      </trkpt>
      <trkpt lat="19.40816846676171" lon="-99.22007873654366">
        <ele>2376.81</ele>
      </trkpt>
      <trkpt lat="19.40809378400445" lon="-99.21995451673865">
        <ele>2376.65</ele>
      </trkpt>
      <trkpt lat="19.4080894254148" lon="-99.2199472244829">
        <ele>2376.52</ele>
      </trkpt>
      <trkpt lat="19.40808506682515" lon="-99.2199398484081">
        <ele>2376.4</ele>
      </trkpt>
      <trkpt lat="19.40808054059744" lon="-99.21993230469525">
        <ele>2376.28</ele>
      </trkpt>
      <trkpt lat="19.408076098188758" lon="-99.21992492862046">
        <ele>2376.16</ele>
      </trkpt>
      <trkpt lat="19.408071655780077" lon="-99.21991746872663">
        <ele>2376.03</ele>
      </trkpt>
      <trkpt lat="19.408067129552364" lon="-99.21990992501378">
        <ele>2375.91</ele>
      </trkpt>
      <trkpt lat="19.408062268048525" lon="-99.21990171074867">
        <ele>2375.79</ele>
      </trkpt>
      <trkpt lat="19.408042822033167" lon="-99.21984094195068">
        <ele>2375.66</ele>
      </trkpt>
      <trkpt lat="19.408040223643184" lon="-99.2198328115046">
        <ele>2375.54</ele>
      </trkpt>
      <trkpt lat="19.4080376252532" lon="-99.21982468105853">
        <ele>2375.42</ele>
      </trkpt>
      <trkpt lat="19.408034943044186" lon="-99.21981629915535">
        <ele>2375.29</ele>
      </trkpt>
      <trkpt lat="19.408032344654202" lon="-99.21980808489025">
        <ele>2375.16</ele>
      </trkpt>
      <trkpt lat="19.40802974626422" lon="-99.2197997868061">
        <ele>2375.02</ele>
      </trkpt>
      <trkpt lat="19.408027147874236" lon="-99.21979140490294">
        <ele>2374.87</ele>
      </trkpt>
      <trkpt lat="19.408024298027158" lon="-99.21978235244751">
        <ele>2374.72</ele>
      </trkpt>
      <trkpt lat="19.40802094526589" lon="-99.21972066164017">
        <ele>2374.56</ele>
      </trkpt>
      <trkpt lat="19.40802052617073" lon="-99.21971211209893">
        <ele>2374.39</ele>
      </trkpt>
      <trkpt lat="19.408020107075572" lon="-99.2197035625577">
        <ele>2374.22</ele>
      </trkpt>
      <trkpt lat="19.408019687980413" lon="-99.21969467774034">
        <ele>2374.04</ele>
      </trkpt>
      <trkpt lat="19.408019268885255" lon="-99.21968604438007">
        <ele>2373.86</ele>
      </trkpt>
      <trkpt lat="19.408018849790096" lon="-99.21967732720077">
        <ele>2373.67</ele>
      </trkpt>
      <trkpt lat="19.408018430694938" lon="-99.21966852620244">
        <ele>2373.47</ele>
      </trkpt>
      <trkpt lat="19.40801801159978" lon="-99.21965897083282">
        <ele>2373.26</ele>
      </trkpt>
      <trkpt lat="19.4081964623183" lon="-99.21938387677073">
        <ele>2372.86</ele>
      </trkpt>
      <trkpt lat="19.40821540541947" lon="-99.21935428865254">
        <ele>2372.64</ele>
      </trkpt>
      <trkpt lat="19.408220099285245" lon="-99.21934708021581">
        <ele>2372.42</ele>
      </trkpt>
      <trkpt lat="19.40822479315102" lon="-99.21933987177908">
        <ele>2372.19</ele>
      </trkpt>
      <trkpt lat="19.40822965465486" lon="-99.21933241188526">
        <ele>2371.97</ele>
      </trkpt>
      <trkpt lat="19.408234348520637" lon="-99.21932520344853">
        <ele>2371.74</ele>
      </trkpt>
      <trkpt lat="19.408239210024476" lon="-99.21931782737374">
        <ele>2371.52</ele>
      </trkpt>
      <trkpt lat="19.408244071528316" lon="-99.21931036747992">
        <ele>2371.29</ele>
      </trkpt>
      <trkpt lat="19.408249435946345" lon="-99.21930223703384">
        <ele>2371.05</ele>
      </trkpt>
      <trkpt lat="19.40832923166454" lon="-99.21918757259846">
        <ele>2370.79</ele>
      </trkpt>
      <trkpt lat="19.40833426080644" lon="-99.21918044798076">
        <ele>2370.56</ele>
      </trkpt>
      <trkpt lat="19.408339373767376" lon="-99.21917323954403">
        <ele>2370.32</ele>
      </trkpt>
      <trkpt lat="19.408344654366374" lon="-99.21916586346924">
        <ele>2370.08</ele>
      </trkpt>
      <trkpt lat="19.40834976732731" lon="-99.21915865503252">
        <ele>2369.83</ele>
      </trkpt>
      <trkpt lat="19.408354964107275" lon="-99.21915136277676">
        <ele>2369.58</ele>
      </trkpt>
      <trkpt lat="19.408360244706273" lon="-99.21914398670197">
        <ele>2369.33</ele>
      </trkpt>
      <trkpt lat="19.40836594440043" lon="-99.21913594007492">
        <ele>2369.07</ele>
      </trkpt>
      <trkpt lat="19.40849837847054" lon="-99.21896293759346">
        <ele>2368.78</ele>
      </trkpt>
      <trkpt lat="19.4085038267076" lon="-99.2189558967948">
        <ele>2368.51</ele>
      </trkpt>
      <trkpt lat="19.408509358763695" lon="-99.2189487721771">
        <ele>2368.24</ele>
      </trkpt>
      <trkpt lat="19.40851497463882" lon="-99.21894147992134">
        <ele>2367.96</ele>
      </trkpt>
      <trkpt lat="19.408520506694913" lon="-99.21893435530365">
        <ele>2367.67</ele>
      </trkpt>
      <trkpt lat="19.408526122570038" lon="-99.21892714686692">
        <ele>2367.37</ele>
      </trkpt>
      <trkpt lat="19.408531822264194" lon="-99.21891985461116">
        <ele>2367.07</ele>
      </trkpt>
      <trkpt lat="19.40853794105351" lon="-99.21891197562218">
        <ele>2366.77</ele>
      </trkpt>
      <trkpt lat="19.40865721553564" lon="-99.21874190680683">
        <ele>2366.36</ele>
      </trkpt>
      <trkpt lat="19.408662412315607" lon="-99.21873461455107">
        <ele>2366.04</ele>
      </trkpt>
      <trkpt lat="19.408667609095573" lon="-99.21872732229531">
        <ele>2365.71</ele>
      </trkpt>
      <trkpt lat="19.408672973513603" lon="-99.21871977858245">
        <ele>2365.37</ele>
      </trkpt>
      <trkpt lat="19.4086782541126" lon="-99.21871240250766">
        <ele>2365.04</ele>
      </trkpt>
      <trkpt lat="19.4086835347116" lon="-99.21870494261384">
        <ele>2364.69</ele>
      </trkpt>
      <trkpt lat="19.40868889912963" lon="-99.21869739890099">
        <ele>2364.35</ele>
      </trkpt>
      <trkpt lat="19.408694682642817" lon="-99.21868935227394">
        <ele>2364.0</ele>
      </trkpt>
      <trkpt lat="19.40878621302545" lon="-99.21852154657245">
        <ele>2363.55</ele>
      </trkpt>
      <trkpt lat="19.408790487796068" lon="-99.2185137514025">
        <ele>2363.2</ele>
      </trkpt>
      <trkpt lat="19.408794846385717" lon="-99.21850587241352">
        <ele>2362.85</ele>
      </trkpt>
      <trkpt lat="19.4087992887944" lon="-99.21849782578647">
        <ele>2362.51</ele>
      </trkpt>
      <trkpt lat="19.408803647384048" lon="-99.21848994679749">
        <ele>2362.17</ele>
      </trkpt>
      <trkpt lat="19.40880808979273" lon="-99.21848198398948">
        <ele>2361.83</ele>
      </trkpt>
      <trkpt lat="19.40881261602044" lon="-99.21847393736243">
        <ele>2361.49</ele>
      </trkpt>
      <trkpt lat="19.40881739370525" lon="-99.2184653878212">
        <ele>2361.16</ele>
      </trkpt>
      <trkpt lat="19.40886626020074" lon="-99.21832825988531">
        <ele>2360.77</ele>
      </trkpt>
      <trkpt lat="19.40886927768588" lon="-99.21831996180117">
        <ele>2360.45</ele>
      </trkpt>
      <trkpt lat="19.408872295171022" lon="-99.218311579898">
        <ele>2360.13</ele>
      </trkpt>
      <trkpt lat="19.408875396475196" lon="-99.21830294653773">
        <ele>2359.83</ele>
      </trkpt>
      <trkpt lat="19.40887849777937" lon="-99.21829448081553">
        <ele>2359.52</ele>
      </trkpt>
      <trkpt lat="19.408881599083543" lon="-99.2182859312743">
        <ele>2359.23</ele>
      </trkpt>
      <trkpt lat="19.408884784206748" lon="-99.21827729791403">
        <ele>2358.95</ele>
      </trkpt>
      <trkpt lat="19.408888136968017" lon="-99.2182682454586">
        <ele>2358.67</ele>
      </trkpt>
      <trkpt lat="19.408914037048817" lon="-99.21816414222121">
        <ele>2358.36</ele>
      </trkpt>
      <trkpt lat="19.40891621634364" lon="-99.21815542504191">
        <ele>2358.1</ele>
      </trkpt>
      <trkpt lat="19.408918395638466" lon="-99.21814679168165">
        <ele>2357.85</ele>
      </trkpt>
      <trkpt lat="19.408920658752322" lon="-99.21813790686429">
        <ele>2357.61</ele>
      </trkpt>
      <trkpt lat="19.40892292186618" lon="-99.21812918968499">
        <ele>2357.38</ele>
      </trkpt>
      <trkpt lat="19.408925184980035" lon="-99.21812030486763">
        <ele>2357.16</ele>
      </trkpt>
      <trkpt lat="19.40892744809389" lon="-99.21811133623123">
        <ele>2356.95</ele>
      </trkpt>
      <trkpt lat="19.40892987884581" lon="-99.21810194849968">
        <ele>2356.75</ele>
      </trkpt>
      <trkpt lat="19.408940440043807" lon="-99.21800228767097">
        <ele>2356.53</ele>
      </trkpt>
      <trkpt lat="19.408941445872188" lon="-99.21799340285361">
        <ele>2356.35</ele>
      </trkpt>
      <trkpt lat="19.408942451700568" lon="-99.21798451803625">
        <ele>2356.18</ele>
      </trkpt>
      <trkpt lat="19.40894345752895" lon="-99.21797529794276">
        <ele>2356.01</ele>
      </trkpt>
      <trkpt lat="19.40894446335733" lon="-99.21796632930636">
        <ele>2355.86</ele>
      </trkpt>
      <trkpt lat="19.40894546918571" lon="-99.21795727685094">
        <ele>2355.71</ele>
      </trkpt>
      <trkpt lat="19.40894647501409" lon="-99.21794805675745">
        <ele>2355.57</ele>
      </trkpt>
      <trkpt lat="19.408947564661503" lon="-99.21793833374977">
        <ele>2355.45</ele>
      </trkpt>
      <trkpt lat="19.408952426165342" lon="-99.21780288219452">
        <ele>2355.29</ele>
      </trkpt>
      <trkpt lat="19.40895276144147" lon="-99.21779391355813">
        <ele>2355.18</ele>
      </trkpt>
      <trkpt lat="19.408953096717596" lon="-99.21778494492173">
        <ele>2355.07</ele>
      </trkpt>
      <trkpt lat="19.408953515812755" lon="-99.21777572482824">
        <ele>2354.97</ele>
      </trkpt>
      <trkpt lat="19.408953934907913" lon="-99.21776667237282">
        <ele>2354.87</ele>
      </trkpt>
      <trkpt lat="19.408954354003072" lon="-99.21775753609836">
        <ele>2354.78</ele>
      </trkpt>
      <trkpt lat="19.40895477309823" lon="-99.21774823218584">
        <ele>2354.7</ele>
      </trkpt>
      <trkpt lat="19.40895519219339" lon="-99.21773850917816">
        <ele>2354.63</ele>
      </trkpt>
      <trkpt lat="19.40895519219339" lon="-99.21761303208768">
        <ele>2354.52</ele>
      </trkpt>
      <trkpt lat="19.40895519219339" lon="-99.21760406345129">
        <ele>2354.46</ele>
      </trkpt>
      <trkpt lat="19.40895519219339" lon="-99.21759492717683">
        <ele>2354.41</ele>
      </trkpt>
      <trkpt lat="19.40895519219339" lon="-99.21758562326431">
        <ele>2354.35</ele>
      </trkpt>
      <trkpt lat="19.40895519219339" lon="-99.21757648698986">
        <ele>2354.31</ele>
      </trkpt>
      <trkpt lat="19.40895519219339" lon="-99.21756726689637">
        <ele>2354.27</ele>
      </trkpt>
      <trkpt lat="19.40895519219339" lon="-99.21755787916481">
        <ele>2354.23</ele>
      </trkpt>
      <trkpt lat="19.408949995413423" lon="-99.21733441762626">
        <ele>2354.13</ele>
      </trkpt>
      <trkpt lat="19.40894982777536" lon="-99.21732544898987">
        <ele>2354.11</ele>
      </trkpt>
      <trkpt lat="19.408949660137296" lon="-99.2173165641725">
        <ele>2354.09</ele>
      </trkpt>
      <trkpt lat="19.408949492499232" lon="-99.21730726025999">
        <ele>2354.07</ele>
      </trkpt>
      <trkpt lat="19.40894932486117" lon="-99.21729820780456">
        <ele>2354.05</ele>
      </trkpt>
      <trkpt lat="19.408949157223105" lon="-99.2172890715301">
        <ele>2354.03</ele>
      </trkpt>
      <trkpt lat="19.408948989585042" lon="-99.21727985143661">
        <ele>2354.01</ele>
      </trkpt>
      <trkpt lat="19.40894496627152" lon="-99.21711774542928">
        <ele>2354.03</ele>
      </trkpt>
      <trkpt lat="19.408944798633456" lon="-99.21710877679288">
        <ele>2354.0</ele>
      </trkpt>
      <trkpt lat="19.408944630995393" lon="-99.21709964051843">
        <ele>2353.96</ele>
      </trkpt>
      <trkpt lat="19.40894446335733" lon="-99.2170903366059">
        <ele>2353.92</ele>
      </trkpt>
      <trkpt lat="19.408944295719266" lon="-99.21708120033145">
        <ele>2353.87</ele>
      </trkpt>
      <trkpt lat="19.408944128081203" lon="-99.21707198023796">
        <ele>2353.81</ele>
      </trkpt>
      <trkpt lat="19.40894396044314" lon="-99.21706259250641">
        <ele>2353.74</ele>
      </trkpt>
      <trkpt lat="19.40892979502678" lon="-99.21675489284098">
        <ele>2353.68</ele>
      </trkpt>
      <trkpt lat="19.408929459750652" lon="-99.21674592420459">
        <ele>2353.58</ele>
      </trkpt>
      <trkpt lat="19.408929124474525" lon="-99.2167369555682">
        <ele>2353.47</ele>
      </trkpt>
      <trkpt lat="19.40892887301743" lon="-99.21672966331244">
        <ele>2353.35</ele>
      </trkpt>
      <trkpt lat="19.408928705379367" lon="-99.2167277354747">
        <ele>2353.23</ele>
      </trkpt>
      <trkpt lat="19.40892837010324" lon="-99.21671834774315">
        <ele>2353.08</ele>
      </trkpt>
      <trkpt lat="19.40892795100808" lon="-99.21670879237354">
        <ele>2352.91</ele>
      </trkpt>
      <trkpt lat="19.408927531912923" lon="-99.21669915318489">
        <ele>2352.74</ele>
      </trkpt>
      <trkpt lat="19.40890389494598" lon="-99.21640578657389">
        <ele>2352.43</ele>
      </trkpt>
      <trkpt lat="19.408903224393725" lon="-99.2163968179375">
        <ele>2352.23</ele>
      </trkpt>
      <trkpt lat="19.40890255384147" lon="-99.21638776548207">
        <ele>2352.0</ele>
      </trkpt>
      <trkpt lat="19.408901883289218" lon="-99.21637846156955">
        <ele>2351.78</ele>
      </trkpt>
      <trkpt lat="19.408901212736964" lon="-99.21636932529509">
        <ele>2351.53</ele>
      </trkpt>
      <trkpt lat="19.4089010450989" lon="-99.21636706218123">
        <ele>2351.28</ele>
      </trkpt>
      <trkpt lat="19.40890045836568" lon="-99.2163601052016">
        <ele>2351.02</ele>
      </trkpt>
      <trkpt lat="19.408899703994393" lon="-99.21635046601295">
        <ele>2350.74</ele>
      </trkpt>
      <trkpt lat="19.408889058977365" lon="-99.21622037887573">
        <ele>2350.42</ele>
      </trkpt>
      <trkpt lat="19.40888830460608" lon="-99.21621107496321">
        <ele>2350.12</ele>
      </trkpt>
      <trkpt lat="19.408887550234795" lon="-99.21620185486972">
        <ele>2349.82</ele>
      </trkpt>
      <trkpt lat="19.40888679586351" lon="-99.21619229950011">
        <ele>2349.5</ele>
      </trkpt>
      <trkpt lat="19.408886041492224" lon="-99.21618291176856">
        <ele>2349.17</ele>
      </trkpt>
      <trkpt lat="19.40888528712094" lon="-99.216173524037">
        <ele>2348.83</ele>
      </trkpt>
      <trkpt lat="19.408884532749653" lon="-99.21616405248642">
        <ele>2348.49</ele>
      </trkpt>
      <trkpt lat="19.408835917711258" lon="-99.21583472751081">
        <ele>2348.07</ele>
      </trkpt>
      <trkpt lat="19.40882435068488" lon="-99.2157577816397">
        <ele>2347.68</ele>
      </trkpt>
      <trkpt lat="19.408823009580374" lon="-99.21574847772717">
        <ele>2347.31</ele>
      </trkpt>
      <trkpt lat="19.408821668475866" lon="-99.21573917381465">
        <ele>2346.92</ele>
      </trkpt>
      <trkpt lat="19.408820243552327" lon="-99.21572970226407">
        <ele>2346.54</ele>
      </trkpt>
      <trkpt lat="19.40881890244782" lon="-99.21572031453252">
        <ele>2346.15</ele>
      </trkpt>
      <trkpt lat="19.408817561343312" lon="-99.21571084298193">
        <ele>2345.76</ele>
      </trkpt>
      <trkpt lat="19.408816220238805" lon="-99.21570137143135">
        <ele>2345.36</ele>
      </trkpt>
      <trkpt lat="19.408783111721277" lon="-99.21560665592551">
        <ele>2344.89</ele>
      </trkpt>
      <trkpt lat="19.408780010417104" lon="-99.21559768728912">
        <ele>2344.49</ele>
      </trkpt>
      <trkpt lat="19.40877690911293" lon="-99.21558880247176">
        <ele>2344.1</ele>
      </trkpt>
      <trkpt lat="19.408773723989725" lon="-99.2155796661973">
        <ele>2343.7</ele>
      </trkpt>
      <trkpt lat="19.40877062268555" lon="-99.2155706975609">
        <ele>2343.3</ele>
      </trkpt>
      <trkpt lat="19.408767521381378" lon="-99.21556156128645">
        <ele>2342.91</ele>
      </trkpt>
      <trkpt lat="19.408764420077205" lon="-99.21555250883102">
        <ele>2342.53</ele>
      </trkpt>
      <trkpt lat="19.40872024744749" lon="-99.21549919992685">
        <ele>2342.11</ele>
      </trkpt>
      <trkpt lat="19.408714212477207" lon="-99.2154919076711">
        <ele>2341.73</ele>
      </trkpt>
      <trkpt lat="19.408708177506924" lon="-99.21548461541533">
        <ele>2341.35</ele>
      </trkpt>
      <trkpt lat="19.408701974898577" lon="-99.21547707170248">
        <ele>2340.98</ele>
      </trkpt>
      <trkpt lat="19.40869585610926" lon="-99.21546961180866">
        <ele>2340.61</ele>
      </trkpt>
      <trkpt lat="19.408689653500915" lon="-99.21546215191483">
        <ele>2340.25</ele>
      </trkpt>
      <trkpt lat="19.408683450892568" lon="-99.21545460820198">
        <ele>2339.89</ele>
      </trkpt>
      <trkpt lat="19.408594267442822" lon="-99.21539375558496">
        <ele>2339.53</ele>
      </trkpt>
      <trkpt lat="19.40858630463481" lon="-99.2153883073479">
        <ele>2339.18</ele>
      </trkpt>
      <trkpt lat="19.40857842564583" lon="-99.21538294292986">
        <ele>2338.83</ele>
      </trkpt>
      <trkpt lat="19.408570295199752" lon="-99.21537741087377">
        <ele>2338.48</ele>
      </trkpt>
      <trkpt lat="19.408562080934644" lon="-99.21537187881768">
        <ele>2338.13</ele>
      </trkpt>
      <trkpt lat="19.408553950488567" lon="-99.21536634676158">
        <ele>2337.79</ele>
      </trkpt>
      <trkpt lat="19.408545652404428" lon="-99.21536073088646">
        <ele>2337.46</ele>
      </trkpt>
      <trkpt lat="19.40850122831762" lon="-99.21534438617527">
        <ele>2337.11</ele>
      </trkpt>
      <trkpt lat="19.408492343500257" lon="-99.21534111723304">
        <ele>2336.78</ele>
      </trkpt>
      <trkpt lat="19.408483626320958" lon="-99.21533793210983">
        <ele>2336.48</ele>
      </trkpt>
      <trkpt lat="19.4084744900465" lon="-99.21533457934856">
        <ele>2336.17</ele>
      </trkpt>
      <trkpt lat="19.408465437591076" lon="-99.2153312265873">
        <ele>2335.88</ele>
      </trkpt>
      <trkpt lat="19.40845630131662" lon="-99.21532787382603">
        <ele>2335.59</ele>
      </trkpt>
      <trkpt lat="19.40844708122313" lon="-99.21532452106476">
        <ele>2335.32</ele>
      </trkpt>
      <trkpt lat="19.408263098448515" lon="-99.21531228348613">
        <ele>2334.97</ele>
      </trkpt>
      <trkpt lat="19.40825304016471" lon="-99.2153116967529">
        <ele>2334.72</ele>
      </trkpt>
      <trkpt lat="19.408243065699935" lon="-99.21531111001968">
        <ele>2334.48</ele>
      </trkpt>
      <trkpt lat="19.408232755959034" lon="-99.21531043946743">
        <ele>2334.25</ele>
      </trkpt>
      <trkpt lat="19.40823158249259" lon="-99.2153103556484">
        <ele>2334.05</ele>
      </trkpt>
      <trkpt lat="19.408222446218133" lon="-99.21530976891518">
        <ele>2333.85</ele>
      </trkpt>
      <trkpt lat="19.4082223623991" lon="-99.21530968509614">
        <ele>2333.68</ele>
      </trkpt>
      <trkpt lat="19.408213309943676" lon="-99.21530918218195">
        <ele>2333.52</ele>
      </trkpt>
      <trkpt lat="19.408211885020137" lon="-99.21530909836292">
        <ele>2333.38</ele>
      </trkpt>
      <trkpt lat="19.40820375457406" lon="-99.2153085116297">
        <ele>2333.24</ele>
      </trkpt>
      <trkpt lat="19.408201407641172" lon="-99.21530842781067">
        <ele>2333.13</ele>
      </trkpt>
      <trkpt lat="19.408195288851857" lon="-99.2153048235923">
        <ele>2333.03</ele>
      </trkpt>
      <trkpt lat="19.408191349357367" lon="-99.21530247665942">
        <ele>2332.95</ele>
      </trkpt>
      <trkpt lat="19.408186990767717" lon="-99.21529987826943">
        <ele>2332.89</ele>
      </trkpt>
      <trkpt lat="19.40818321891129" lon="-99.21529769897461">
        <ele>2332.84</ele>
      </trkpt>
      <trkpt lat="19.408178692683578" lon="-99.2152950167656">
        <ele>2332.8</ele>
      </trkpt>
      <trkpt lat="19.408180871978402" lon="-99.2152915801853">
        <ele>2332.78</ele>
      </trkpt>
      <trkpt lat="19.408186236396432" lon="-99.21528336592019">
        <ele>2332.78</ele>
      </trkpt>
      <trkpt lat="19.408191684633493" lon="-99.21527523547411">
        <ele>2332.78</ele>
      </trkpt>
      <trkpt lat="19.408197216689587" lon="-99.21526693738997">
        <ele>2332.8</ele>
      </trkpt>
      <trkpt lat="19.408202664926648" lon="-99.2152588069439">
        <ele>2332.82</ele>
      </trkpt>
      <trkpt lat="19.40845194272697" lon="-99.21508496627212">
        <ele>2332.9</ele>
      </trkpt>
      <trkpt lat="19.408460576087236" lon="-99.21507901512086">
        <ele>2332.94</ele>
      </trkpt>
      <trkpt lat="19.408466443419456" lon="-99.21507499180734">
        <ele>2332.98</ele>
      </trkpt>
      <trkpt lat="19.40846904180944" lon="-99.21507306396961">
        <ele>2333.04</ele>
      </trkpt>
      <trkpt lat="19.408477004617453" lon="-99.21506753191352">
        <ele>2333.09</ele>
      </trkpt>
      <trkpt lat="19.408484967425466" lon="-99.21506199985743">
        <ele>2333.15</ele>
      </trkpt>
      <trkpt lat="19.40849301405251" lon="-99.21505646780133">
        <ele>2333.2</ele>
      </trkpt>
      <trkpt lat="19.408501144498587" lon="-99.21505093574524">
        <ele>2333.26</ele>
      </trkpt>
      <trkpt lat="19.40851832740009" lon="-99.21503685414791">
        <ele>2333.32</ele>
      </trkpt>
      <trkpt lat="19.408525871112943" lon="-99.2150307353586">
        <ele>2333.37</ele>
      </trkpt>
      <trkpt lat="19.408533331006765" lon="-99.21502478420734">
        <ele>2333.42</ele>
      </trkpt>
      <trkpt lat="19.408541126176715" lon="-99.215018581599">
        <ele>2333.47</ele>
      </trkpt>
      <trkpt lat="19.408548837527633" lon="-99.21501237899065">
        <ele>2333.51</ele>
      </trkpt>
      <trkpt lat="19.40855654887855" lon="-99.2150061763823">
        <ele>2333.55</ele>
      </trkpt>
      <trkpt lat="19.4085643440485" lon="-99.21499997377396">
        <ele>2333.58</ele>
      </trkpt>
      <trkpt lat="19.408577419817448" lon="-99.21497398987412">
        <ele>2333.59</ele>
      </trkpt>
      <trkpt lat="19.40858194604516" lon="-99.2149651888758">
        <ele>2333.61</ele>
      </trkpt>
      <trkpt lat="19.40858638845384" lon="-99.21495655551553">
        <ele>2333.61</ele>
      </trkpt>
      <trkpt lat="19.408590998500586" lon="-99.21494758687913">
        <ele>2333.6</ele>
      </trkpt>
      <trkpt lat="19.40859560854733" lon="-99.21493861824274">
        <ele>2333.58</ele>
      </trkpt>
      <trkpt lat="19.408600218594074" lon="-99.21492973342538">
        <ele>2333.55</ele>
      </trkpt>
      <trkpt lat="19.40860482864082" lon="-99.21492084860802">
        <ele>2333.52</ele>
      </trkpt>
      <trkpt lat="19.408615557476878" lon="-99.21488338150084">
        <ele>2333.47</ele>
      </trkpt>
      <trkpt lat="19.408618407323956" lon="-99.21487382613122">
        <ele>2333.4</ele>
      </trkpt>
      <trkpt lat="19.408621173352003" lon="-99.21486443839967">
        <ele>2333.33</ele>
      </trkpt>
      <trkpt lat="19.40862402319908" lon="-99.21485463157296">
        <ele>2333.24</ele>
      </trkpt>
      <trkpt lat="19.40862687304616" lon="-99.21484490856528">
        <ele>2333.14</ele>
      </trkpt>
      <trkpt lat="19.408629722893238" lon="-99.2148351855576">
        <ele>2333.03</ele>
      </trkpt>
      <trkpt lat="19.408632572740316" lon="-99.21482563018799">
        <ele>2332.9</ele>
      </trkpt>
      <trkpt lat="19.408623687922955" lon="-99.21475815586746">
        <ele>2332.76</ele>
      </trkpt>
      <trkpt lat="19.40862243063748" lon="-99.21474818140268">
        <ele>2332.61</ele>
      </trkpt>
      <trkpt lat="19.408621173352003" lon="-99.214738458395">
        <ele>2332.44</ele>
      </trkpt>
      <trkpt lat="19.408619916066527" lon="-99.21472831629217">
        <ele>2332.26</ele>
      </trkpt>
      <trkpt lat="19.40861865878105" lon="-99.21471825800836">
        <ele>2332.07</ele>
      </trkpt>
      <trkpt lat="19.408617401495576" lon="-99.21470811590552">
        <ele>2331.86</ele>
      </trkpt>
      <trkpt lat="19.4086161442101" lon="-99.21469822525978">
        <ele>2331.64</ele>
      </trkpt>
      <trkpt lat="19.408597368746996" lon="-99.21465807594359">
        <ele>2331.42</ele>
      </trkpt>
      <trkpt lat="19.40859317779541" lon="-99.21464902348816">
        <ele>2331.18</ele>
      </trkpt>
      <trkpt lat="19.408589070662856" lon="-99.2146401386708">
        <ele>2330.93</ele>
      </trkpt>
      <trkpt lat="19.408584712073207" lon="-99.21463075093925">
        <ele>2330.67</ele>
      </trkpt>
      <trkpt lat="19.40858043730259" lon="-99.21462144702673">
        <ele>2330.4</ele>
      </trkpt>
      <trkpt lat="19.40857607871294" lon="-99.21461214311421">
        <ele>2330.13</ele>
      </trkpt>
      <trkpt lat="19.408571887761354" lon="-99.21460300683975">
        <ele>2329.85</ele>
      </trkpt>
      <trkpt lat="19.40843920223415" lon="-99.21445732936263">
        <ele>2329.47</ele>
      </trkpt>
      <trkpt lat="19.408432245254517" lon="-99.21444970183074">
        <ele>2329.19</ele>
      </trkpt>
      <trkpt lat="19.40842553973198" lon="-99.21444232575595">
        <ele>2328.93</ele>
      </trkpt>
      <trkpt lat="19.408418415114284" lon="-99.214434530586">
        <ele>2328.66</ele>
      </trkpt>
      <trkpt lat="19.408411290496588" lon="-99.21442673541605">
        <ele>2328.41</ele>
      </trkpt>
      <trkpt lat="19.408404165878892" lon="-99.21441885642707">
        <ele>2328.17</ele>
      </trkpt>
      <trkpt lat="19.40839720889926" lon="-99.21441122889519">
        <ele>2327.95</ele>
      </trkpt>
      <trkpt lat="19.408194115385413" lon="-99.21422716230154">
        <ele>2327.64</ele>
      </trkpt>
      <trkpt lat="19.408186320215464" lon="-99.21422003768384">
        <ele>2327.46</ele>
      </trkpt>
      <trkpt lat="19.408178692683578" lon="-99.21421316452324">
        <ele>2327.29</ele>
      </trkpt>
      <trkpt lat="19.4081705622375" lon="-99.21420578844845">
        <ele>2327.15</ele>
      </trkpt>
      <trkpt lat="19.408162515610456" lon="-99.2141984961927">
        <ele>2327.04</ele>
      </trkpt>
      <trkpt lat="19.408157486468554" lon="-99.21419396996498">
        <ele>2326.95</ele>
      </trkpt>
      <trkpt lat="19.408154468983412" lon="-99.21419120393693">
        <ele>2326.88</ele>
      </trkpt>
      <trkpt lat="19.40814709290862" lon="-99.21418458223343">
        <ele>2326.84</ele>
      </trkpt>
      <trkpt lat="19.408075930550694" lon="-99.21411316841841">
        <ele>2326.81</ele>
      </trkpt>
      <trkpt lat="19.408068722113967" lon="-99.21410595998168">
        <ele>2326.82</ele>
      </trkpt>
      <trkpt lat="19.408061681315303" lon="-99.21409891918302">
        <ele>2326.86</ele>
      </trkpt>
      <trkpt lat="19.40805422142148" lon="-99.2140914592892">
        <ele>2326.93</ele>
      </trkpt>
      <trkpt lat="19.408046761527658" lon="-99.21408399939537">
        <ele>2327.02</ele>
      </trkpt>
      <trkpt lat="19.408039301633835" lon="-99.21407653950155">
        <ele>2327.14</ele>
      </trkpt>
      <trkpt lat="19.408032009378076" lon="-99.21406924724579">
        <ele>2327.28</ele>
      </trkpt>
      <trkpt lat="19.408008372411132" lon="-99.21402591280639">
        <ele>2327.46</ele>
      </trkpt>
      <trkpt lat="19.408003510907292" lon="-99.21401694417">
        <ele>2327.64</ele>
      </trkpt>
      <trkpt lat="19.407998733222485" lon="-99.2140082269907">
        <ele>2327.84</ele>
      </trkpt>
      <trkpt lat="19.40799370408058" lon="-99.21399892307818">
        <ele>2328.04</ele>
      </trkpt>
      <trkpt lat="19.40798875875771" lon="-99.21398970298469">
        <ele>2328.26</ele>
      </trkpt>
      <trkpt lat="19.407983729615808" lon="-99.21398039907217">
        <ele>2328.49</ele>
      </trkpt>
      <trkpt lat="19.407978868111968" lon="-99.21397134661674">
        <ele>2328.71</ele>
      </trkpt>
      <trkpt lat="19.407967133447528" lon="-99.21391426585615">
        <ele>2328.97</ele>
      </trkpt>
      <trkpt lat="19.407965121790767" lon="-99.21390429139137">
        <ele>2329.2</ele>
      </trkpt>
      <trkpt lat="19.407963193953037" lon="-99.21389448456466">
        <ele>2329.42</ele>
      </trkpt>
      <trkpt lat="19.407961098477244" lon="-99.21388409100473">
        <ele>2329.63</ele>
      </trkpt>
      <trkpt lat="19.40795900300145" lon="-99.21387378126383">
        <ele>2329.82</ele>
      </trkpt>
      <trkpt lat="19.40795690752566" lon="-99.21386347152293">
        <ele>2330.0</ele>
      </trkpt>
      <trkpt lat="19.407954895868897" lon="-99.21385332942009">
        <ele>2330.16</ele>
      </trkpt>
      <trkpt lat="19.40795791335404" lon="-99.21375467441976">
        <ele>2330.36</ele>
      </trkpt>
      <trkpt lat="19.407958248630166" lon="-99.21374444849789">
        <ele>2330.46</ele>
      </trkpt>
      <trkpt lat="19.407958583906293" lon="-99.21373439021409">
        <ele>2330.53</ele>
      </trkpt>
      <trkpt lat="19.40795891918242" lon="-99.21372382901609">
        <ele>2330.56</ele>
      </trkpt>
      <trkpt lat="19.407959254458547" lon="-99.2137132678181">
        <ele>2330.55</ele>
      </trkpt>
      <trkpt lat="19.407959589734674" lon="-99.2137027066201">
        <ele>2330.51</ele>
      </trkpt>
      <trkpt lat="19.4079599250108" lon="-99.2136923968792">
        <ele>2330.42</ele>
      </trkpt>
      <trkpt lat="19.4079892616719" lon="-99.21361427754164">
        <ele>2330.31</ele>
      </trkpt>
      <trkpt lat="19.407992949709296" lon="-99.21360472217202">
        <ele>2330.12</ele>
      </trkpt>
      <trkpt lat="19.40799655392766" lon="-99.21359525062144">
        <ele>2329.89</ele>
      </trkpt>
      <trkpt lat="19.40800040960312" lon="-99.21358519233763">
        <ele>2329.61</ele>
      </trkpt>
      <trkpt lat="19.408004181459546" lon="-99.21357530169189">
        <ele>2329.28</ele>
      </trkpt>
      <trkpt lat="19.408008037135005" lon="-99.21356532722712">
        <ele>2328.9</ele>
      </trkpt>
      <trkpt lat="19.408011808991432" lon="-99.21355560421944">
        <ele>2328.48</ele>
      </trkpt>
      <trkpt lat="19.40820132382214" lon="-99.21328889206052">
        <ele>2327.94</ele>
      </trkpt>
      <trkpt lat="19.40839092247188" lon="-99.2130221799016">
        <ele>2327.31</ele>
      </trkpt>
      <trkpt lat="19.40858043730259" lon="-99.21275546774268">
        <ele>2326.68</ele>
      </trkpt>
      <trkpt lat="19.40870650112629" lon="-99.21257760375738">
        <ele>2325.99</ele>
      </trkpt>
      <trkpt lat="19.408712619915605" lon="-99.21256913803518">
        <ele>2325.36</ele>
      </trkpt>
      <trkpt lat="19.408718571066856" lon="-99.21256083995104">
        <ele>2324.7</ele>
      </trkpt>
      <trkpt lat="19.408724941313267" lon="-99.21255203895271">
        <ele>2324.02</ele>
      </trkpt>
      <trkpt lat="19.408731311559677" lon="-99.21254315413535">
        <ele>2323.32</ele>
      </trkpt>
      <trkpt lat="19.408737681806087" lon="-99.21253426931798">
        <ele>2322.6</ele>
      </trkpt>
      <trkpt lat="19.408743884414434" lon="-99.21252563595772">
        <ele>2321.87</ele>
      </trkpt>
      <trkpt lat="19.408928956836462" lon="-99.21225540339947">
        <ele>2320.97</ele>
      </trkpt>
      <trkpt lat="19.40911402925849" lon="-99.21198525466025">
        <ele>2320.07</ele>
      </trkpt>
      <trkpt lat="19.40917069092393" lon="-99.21190202236176">
        <ele>2319.3</ele>
      </trkpt>
      <trkpt lat="19.40917655825615" lon="-99.21189347282052">
        <ele>2318.58</ele>
      </trkpt>
      <trkpt lat="19.409182341769338" lon="-99.21188509091735">
        <ele>2317.88</ele>
      </trkpt>
      <trkpt lat="19.409188460558653" lon="-99.21187620609999">
        <ele>2317.19</ele>
      </trkpt>
      <trkpt lat="19.409194579347968" lon="-99.21186732128263">
        <ele>2316.53</ele>
      </trkpt>
      <trkpt lat="19.409200781956315" lon="-99.21185843646526">
        <ele>2315.89</ele>
      </trkpt>
      <trkpt lat="19.4092068169266" lon="-99.21184971928596">
        <ele>2315.28</ele>
      </trkpt>
      <trkpt lat="19.40934377722442" lon="-99.2116254195571">
        <ele>2314.57</ele>
      </trkpt>
      <trkpt lat="19.409349225461483" lon="-99.21161661855876">
        <ele>2314.02</ele>
      </trkpt>
      <trkpt lat="19.409354673698545" lon="-99.21160781756043">
        <ele>2313.51</ele>
      </trkpt>
      <trkpt lat="19.4093603733927" lon="-99.21159851364791">
        <ele>2313.03</ele>
      </trkpt>
      <trkpt lat="19.40936615690589" lon="-99.2115892097354">
        <ele>2312.58</ele>
      </trkpt>
      <trkpt lat="19.409371940419078" lon="-99.21157990582287">
        <ele>2312.18</ele>
      </trkpt>
      <trkpt lat="19.409505799412727" lon="-99.21127798967063">
        <ele>2311.86</ele>
      </trkpt>
      <trkpt lat="19.40951183438301" lon="-99.2112641595304">
        <ele>2311.52</ele>
      </trkpt>
      <trkpt lat="19.40951610915363" lon="-99.21125460416079">
        <ele>2311.23</ele>
      </trkpt>
      <trkpt lat="19.409520300105214" lon="-99.21124521642923">
        <ele>2310.96</ele>
      </trkpt>
      <trkpt lat="19.409524742513895" lon="-99.21123532578349">
        <ele>2310.73</ele>
      </trkpt>
      <trkpt lat="19.409529184922576" lon="-99.21122535131872">
        <ele>2310.52</ele>
      </trkpt>
      <trkpt lat="19.409533627331257" lon="-99.21121537685394">
        <ele>2310.35</ele>
      </trkpt>
      <trkpt lat="19.409514348953962" lon="-99.21115645207465">
        <ele>2310.21</ele>
      </trkpt>
      <trkpt lat="19.409511163830757" lon="-99.21114647760987">
        <ele>2310.1</ele>
      </trkpt>
      <trkpt lat="19.409507978707552" lon="-99.21113667078316">
        <ele>2310.01</ele>
      </trkpt>
      <trkpt lat="19.409504625946283" lon="-99.21112627722323">
        <ele>2309.94</ele>
      </trkpt>
      <trkpt lat="19.409501273185015" lon="-99.21111579984426">
        <ele>2309.89</ele>
      </trkpt>
      <trkpt lat="19.409497920423746" lon="-99.21110540628433">
        <ele>2309.86</ele>
      </trkpt>
      <trkpt lat="19.40948350355029" lon="-99.21107187867165">
        <ele>2309.84</ele>
      </trkpt>
      <trkpt lat="19.409479396417737" lon="-99.21106215566397">
        <ele>2309.84</ele>
      </trkpt>
      <trkpt lat="19.409475373104215" lon="-99.21105260029435">
        <ele>2309.85</ele>
      </trkpt>
      <trkpt lat="19.409471098333597" lon="-99.21104245819151">
        <ele>2309.87</ele>
      </trkpt>
      <trkpt lat="19.40946682356298" lon="-99.21103231608868">
        <ele>2309.9</ele>
      </trkpt>
      <trkpt lat="19.409462548792362" lon="-99.21102225780487">
        <ele>2309.93</ele>
      </trkpt>
      <trkpt lat="19.40943170338869" lon="-99.21098831109703">
        <ele>2309.95</ele>
      </trkpt>
      <trkpt lat="19.409424662590027" lon="-99.21098059974611">
        <ele>2309.99</ele>
      </trkpt>
      <trkpt lat="19.409417705610394" lon="-99.21097288839519">
        <ele>2310.02</ele>
      </trkpt>
      <trkpt lat="19.409410329535604" lon="-99.21096484176815">
        <ele>2310.05</ele>
      </trkpt>
      <trkpt lat="19.40940286964178" lon="-99.21095662750304">
        <ele>2310.08</ele>
      </trkpt>
      <trkpt lat="19.40939549356699" lon="-99.21094849705696">
        <ele>2310.1</ele>
      </trkpt>
      <trkpt lat="19.409355763345957" lon="-99.21091731637716">
        <ele>2310.11</ele>
      </trkpt>
      <trkpt lat="19.40934754908085" lon="-99.21091086231172">
        <ele>2310.13</ele>
      </trkpt>
      <trkpt lat="19.409339418634772" lon="-99.21090449206531">
        <ele>2310.13</ele>
      </trkpt>
      <trkpt lat="19.409330785274506" lon="-99.21089770272374">
        <ele>2310.12</ele>
      </trkpt>
      <trkpt lat="19.409322068095207" lon="-99.21089091338217">
        <ele>2310.1</ele>
      </trkpt>
      <trkpt lat="19.40931335091591" lon="-99.2108841240406">
        <ele>2310.07</ele>
      </trkpt>
      <trkpt lat="19.40926255658269" lon="-99.2108687851578">
        <ele>2310.04</ele>
      </trkpt>
      <trkpt lat="19.409252582117915" lon="-99.21086576767266">
        <ele>2309.99</ele>
      </trkpt>
      <trkpt lat="19.40924260765314" lon="-99.21086275018752">
        <ele>2309.92</ele>
      </trkpt>
      <trkpt lat="19.409232130274177" lon="-99.21085964888334">
        <ele>2309.84</ele>
      </trkpt>
      <trkpt lat="19.40922148525715" lon="-99.21085646376014">
        <ele>2309.74</ele>
      </trkpt>
      <trkpt lat="19.409210924059153" lon="-99.21085327863693">
        <ele>2309.63</ele>
      </trkpt>
      <trkpt lat="19.409203715622425" lon="-99.21084347181022">
        <ele>2309.49</ele>
      </trkpt>
      <trkpt lat="19.409197513014078" lon="-99.21083492226899">
        <ele>2309.34</ele>
      </trkpt>
      <trkpt lat="19.40919131040573" lon="-99.21082645654678">
        <ele>2309.18</ele>
      </trkpt>
      <trkpt lat="19.409186616539955" lon="-99.21082000248134">
        <ele>2309.01</ele>
      </trkpt>
      <trkpt lat="19.40918485634029" lon="-99.21081757172942">
        <ele>2308.82</ele>
      </trkpt>
      <trkpt lat="19.409180330112576" lon="-99.2108114529401">
        <ele>2308.62</ele>
      </trkpt>
      <trkpt lat="19.409178234636784" lon="-99.210808519274">
        <ele>2308.41</ele>
      </trkpt>
      <trkpt lat="19.40917412750423" lon="-99.2108029872179">
        <ele>2308.2</ele>
      </trkpt>
      <trkpt lat="19.40917169675231" lon="-99.21079963445663">
        <ele>2307.99</ele>
      </trkpt>
      <trkpt lat="19.4091721996665" lon="-99.210792677477">
        <ele>2307.76</ele>
      </trkpt>
      <trkpt lat="19.40917320549488" lon="-99.21078127808869">
        <ele>2307.54</ele>
      </trkpt>
      <trkpt lat="19.40917421132326" lon="-99.21077013015747">
        <ele>2307.32</ele>
      </trkpt>
      <trkpt lat="19.409477217122912" lon="-99.21067482791841">
        <ele>2306.91</ele>
      </trkpt>
      <trkpt lat="19.40969011746347" lon="-99.210607688874">
        <ele>2306.62</ele>
      </trkpt>
      <trkpt lat="19.40970084629953" lon="-99.21060433611274">
        <ele>2306.44</ele>
      </trkpt>
      <trkpt lat="19.40971157513559" lon="-99.21060098335147">
        <ele>2306.28</ele>
      </trkpt>
      <trkpt lat="19.40972289070487" lon="-99.21059746295214">
        <ele>2306.13</ele>
      </trkpt>
      <trkpt lat="19.409734290093184" lon="-99.2105939425528">
        <ele>2306.02</ele>
      </trkpt>
      <trkpt lat="19.40974577330053" lon="-99.21059042215347">
        <ele>2305.92</ele>
      </trkpt>
      <trkpt lat="19.40997602418065" lon="-99.21052554622293">
        <ele>2305.89</ele>
      </trkpt>
      <trkpt lat="19.409986920654774" lon="-99.21052252873778">
        <ele>2305.86</ele>
      </trkpt>
      <trkpt lat="19.409997817128897" lon="-99.21051951125264">
        <ele>2305.84</ele>
      </trkpt>
      <trkpt lat="19.410009467974305" lon="-99.21051632612944">
        <ele>2305.86</ele>
      </trkpt>
      <trkpt lat="19.410021118819714" lon="-99.21051314100623">
        <ele>2305.91</ele>
      </trkpt>
      <trkpt lat="19.410032769665122" lon="-99.21050995588303">
        <ele>2305.99</ele>
      </trkpt>
      <trkpt lat="19.410127820447087" lon="-99.21052252873778">
        <ele>2306.13</ele>
      </trkpt>
      <trkpt lat="19.410138465464115" lon="-99.21052395366132">
        <ele>2306.27</ele>
      </trkpt>
      <trkpt lat="19.410149110481143" lon="-99.21052537858486">
        <ele>2306.44</ele>
      </trkpt>
      <trkpt lat="19.410160426050425" lon="-99.21052688732743">
        <ele>2306.63</ele>
      </trkpt>
      <trkpt lat="19.410171825438738" lon="-99.21052847988904">
        <ele>2306.85</ele>
      </trkpt>
      <trkpt lat="19.41018322482705" lon="-99.21053007245064">
        <ele>2307.1</ele>
      </trkpt>
      <trkpt lat="19.410212393850088" lon="-99.2105371132493">
        <ele>2307.39</ele>
      </trkpt>
      <trkpt lat="19.410222619771957" lon="-99.21053962782025">
        <ele>2307.69</ele>
      </trkpt>
      <trkpt lat="19.410232761874795" lon="-99.2105421423912">
        <ele>2308.02</ele>
      </trkpt>
      <trkpt lat="19.410243658348918" lon="-99.21054482460022">
        <ele>2308.37</ele>
      </trkpt>
      <trkpt lat="19.41025455482304" lon="-99.21054750680923">
        <ele>2308.74</ele>
      </trkpt>
      <trkpt lat="19.410265451297164" lon="-99.21055018901825">
        <ele>2309.12</ele>
      </trkpt>
      <trkpt lat="19.410464437678456" lon="-99.21063451096416">
        <ele>2309.62</ele>
      </trkpt>
      <trkpt lat="19.410474747419357" lon="-99.21063895337284">
        <ele>2310.04</ele>
      </trkpt>
      <trkpt lat="19.41048514097929" lon="-99.21064339578152">
        <ele>2310.46</ele>
      </trkpt>
      <trkpt lat="19.410496205091476" lon="-99.2106480896473">
        <ele>2310.9</ele>
      </trkpt>
      <trkpt lat="19.410507269203663" lon="-99.21065278351307">
        <ele>2311.35</ele>
      </trkpt>
      <trkpt lat="19.41051833331585" lon="-99.21065747737885">
        <ele>2311.8</ele>
      </trkpt>
      <trkpt lat="19.410650515928864" lon="-99.21069234609604">
        <ele>2312.31</ele>
      </trkpt>
      <trkpt lat="19.410661160945892" lon="-99.21069519594312">
        <ele>2312.77</ele>
      </trkpt>
      <trkpt lat="19.41067180596292" lon="-99.2106980457902">
        <ele>2313.24</ele>
      </trkpt>
      <trkpt lat="19.4106831215322" lon="-99.21070106327534">
        <ele>2313.7</ele>
      </trkpt>
      <trkpt lat="19.410694520920515" lon="-99.21070408076048">
        <ele>2314.15</ele>
      </trkpt>
      <trkpt lat="19.41070592030883" lon="-99.21070709824562">
        <ele>2314.6</ele>
      </trkpt>
      <trkpt lat="19.410887472331524" lon="-99.21068865805864">
        <ele>2315.1</ele>
      </trkpt>
      <trkpt lat="19.410898704081774" lon="-99.21068756841123">
        <ele>2315.52</ele>
      </trkpt>
      <trkpt lat="19.410909935832024" lon="-99.21068647876382">
        <ele>2315.93</ele>
      </trkpt>
      <trkpt lat="19.410921838134527" lon="-99.21068530529737">
        <ele>2316.33</ele>
      </trkpt>
      <trkpt lat="19.410933908075094" lon="-99.21068413183093">
        <ele>2316.71</ele>
      </trkpt>
      <trkpt lat="19.41094597801566" lon="-99.21068295836449">
        <ele>2317.07</ele>
      </trkpt>
      <trkpt lat="19.411162734031677" lon="-99.21065228059888">
        <ele>2317.48</ele>
      </trkpt>
      <trkpt lat="19.41117413341999" lon="-99.21065068803728">
        <ele>2317.79</ele>
      </trkpt>
      <trkpt lat="19.411185448989272" lon="-99.21064909547567">
        <ele>2318.08</ele>
      </trkpt>
      <trkpt lat="19.41119751892984" lon="-99.21064741909504">
        <ele>2318.35</ele>
      </trkpt>
      <trkpt lat="19.411209672689438" lon="-99.2106457427144">
        <ele>2318.59</ele>
      </trkpt>
      <trkpt lat="19.411221826449037" lon="-99.21064406633377">
        <ele>2318.81</ele>
      </trkpt>
      <trkpt lat="19.41153765656054" lon="-99.21062822453678">
        <ele>2319.04</ele>
      </trkpt>
      <trkpt lat="19.41154302097857" lon="-99.21062788926065">
        <ele>2319.2</ele>
      </trkpt>
      <trkpt lat="19.411553414538503" lon="-99.21062730252743">
        <ele>2319.32</ele>
      </trkpt>
      <trkpt lat="19.411563891917467" lon="-99.21062679961324">
        <ele>2319.42</ele>
      </trkpt>
      <trkpt lat="19.411575039848685" lon="-99.21062629669905">
        <ele>2319.49</ele>
      </trkpt>
      <trkpt lat="19.411586355417967" lon="-99.21062579378486">
        <ele>2319.54</ele>
      </trkpt>
      <trkpt lat="19.411597587168217" lon="-99.21062529087067">
        <ele>2319.55</ele>
      </trkpt>
      <trkpt lat="19.41163932904601" lon="-99.21062462031841">
        <ele>2319.54</ele>
      </trkpt>
      <trkpt lat="19.41164997406304" lon="-99.21062445268035">
        <ele>2319.5</ele>
      </trkpt>
      <trkpt lat="19.411660619080067" lon="-99.21062428504229">
        <ele>2319.43</ele>
      </trkpt>
      <trkpt lat="19.41167193464935" lon="-99.21062411740422">
        <ele>2319.34</ele>
      </trkpt>
      <trkpt lat="19.411683417856693" lon="-99.21062403358519">
        <ele>2319.23</ele>
      </trkpt>
      <trkpt lat="19.41169498488307" lon="-99.21062394976616">
        <ele>2319.09</ele>
      </trkpt>
      <trkpt lat="19.4120008405298" lon="-99.21053954400122">
        <ele>2318.85</ele>
      </trkpt>
      <trkpt lat="19.41202087327838" lon="-99.2105339281261">
        <ele>2318.66</ele>
      </trkpt>
      <trkpt lat="19.41203109920025" lon="-99.21053107827902">
        <ele>2318.46</ele>
      </trkpt>
      <trkpt lat="19.412041241303086" lon="-99.21052831225097">
        <ele>2318.25</ele>
      </trkpt>
      <trkpt lat="19.41205213777721" lon="-99.21052537858486">
        <ele>2318.03</ele>
      </trkpt>
      <trkpt lat="19.412063201889396" lon="-99.21052236109972">
        <ele>2317.79</ele>
      </trkpt>
      <trkpt lat="19.412074349820614" lon="-99.21051934361458">
        <ele>2317.55</ele>
      </trkpt>
      <trkpt lat="19.412140818312764" lon="-99.21051406301558">
        <ele>2317.27</ele>
      </trkpt>
      <trkpt lat="19.412151630967855" lon="-99.21051322482526">
        <ele>2317.01</ele>
      </trkpt>
      <trkpt lat="19.412162359803915" lon="-99.21051247045398">
        <ele>2316.75</ele>
      </trkpt>
      <trkpt lat="19.41217392683029" lon="-99.21051163226366">
        <ele>2316.48</ele>
      </trkpt>
      <trkpt lat="19.41218549385667" lon="-99.21051079407334">
        <ele>2316.22</ele>
      </trkpt>
      <trkpt lat="19.41219722852111" lon="-99.21050995588303">
        <ele>2315.95</ele>
      </trkpt>
      <trkpt lat="19.412513310089707" lon="-99.21051515266299">
        <ele>2315.61</ele>
      </trkpt>
      <trkpt lat="19.412829475477338" lon="-99.21052034944296">
        <ele>2315.44</ele>
      </trkpt>
      <trkpt lat="19.41314564086497" lon="-99.21052563004196">
        <ele>2315.18</ele>
      </trkpt>
      <trkpt lat="19.413195345550776" lon="-99.21052630059421">
        <ele>2314.91</ele>
      </trkpt>
      <trkpt lat="19.413206158205867" lon="-99.21052646823227">
        <ele>2314.65</ele>
      </trkpt>
      <trkpt lat="19.413216970860958" lon="-99.21052663587034">
        <ele>2314.4</ele>
      </trkpt>
      <trkpt lat="19.41322837024927" lon="-99.21052688732743">
        <ele>2314.15</ele>
      </trkpt>
      <trkpt lat="19.41324002109468" lon="-99.21052713878453">
        <ele>2313.91</ele>
      </trkpt>
      <trkpt lat="19.41325175575912" lon="-99.21052739024162">
        <ele>2313.67</ele>
      </trkpt>
      <trkpt lat="19.413310093805194" lon="-99.21053200028837">
        <ele>2313.41</ele>
      </trkpt>
      <trkpt lat="19.413320990279317" lon="-99.21053292229772">
        <ele>2313.19</ele>
      </trkpt>
      <trkpt lat="19.413331802934408" lon="-99.21053384430707">
        <ele>2312.96</ele>
      </trkpt>
      <trkpt lat="19.413343286141753" lon="-99.21053476631641">
        <ele>2312.74</ele>
      </trkpt>
      <trkpt lat="19.413355020806193" lon="-99.2105357721448">
        <ele>2312.53</ele>
      </trkpt>
      <trkpt lat="19.413366755470634" lon="-99.21053677797318">
        <ele>2312.33</ele>
      </trkpt>
      <trkpt lat="19.413429368287325" lon="-99.2105545476079">
        <ele>2312.12</ele>
      </trkpt>
      <trkpt lat="19.413440013304353" lon="-99.21055756509304">
        <ele>2311.93</ele>
      </trkpt>
      <trkpt lat="19.413450490683317" lon="-99.21056058257818">
        <ele>2311.75</ele>
      </trkpt>
      <trkpt lat="19.413461638614535" lon="-99.21056376770139">
        <ele>2311.57</ele>
      </trkpt>
      <trkpt lat="19.413472954183817" lon="-99.21056703664362">
        <ele>2311.41</ele>
      </trkpt>
      <trkpt lat="19.41348435357213" lon="-99.21057030558586">
        <ele>2311.25</ele>
      </trkpt>
      <trkpt lat="19.413626929745078" lon="-99.21062839217484">
        <ele>2311.07</ele>
      </trkpt>
      <trkpt lat="19.413637574762106" lon="-99.21063275076449">
        <ele>2310.93</ele>
      </trkpt>
      <trkpt lat="19.41364805214107" lon="-99.2106370255351">
        <ele>2310.81</ele>
      </trkpt>
      <trkpt lat="19.41365920007229" lon="-99.21064155176282">
        <ele>2310.68</ele>
      </trkpt>
      <trkpt lat="19.41367051564157" lon="-99.21064616180956">
        <ele>2310.57</ele>
      </trkpt>
      <trkpt lat="19.41368183121085" lon="-99.21065077185631">
        <ele>2310.46</ele>
      </trkpt>
      <trkpt lat="19.413796328008175" lon="-99.21071045100689">
        <ele>2310.34</ele>
      </trkpt>
      <trkpt lat="19.41380638629198" lon="-99.21071573160589">
        <ele>2310.25</ele>
      </trkpt>
      <trkpt lat="19.413816360756755" lon="-99.21072101220489">
        <ele>2310.16</ele>
      </trkpt>
      <trkpt lat="19.41382692195475" lon="-99.21072654426098">
        <ele>2310.08</ele>
      </trkpt>
      <trkpt lat="19.413837734609842" lon="-99.21073224395514">
        <ele>2310.0</ele>
      </trkpt>
      <trkpt lat="19.413848547264934" lon="-99.21073794364929">
        <ele>2309.93</ele>
      </trkpt>
      <trkpt lat="19.413880482316017" lon="-99.21076275408268">
        <ele>2309.87</ele>
      </trkpt>
      <trkpt lat="19.413889283314347" lon="-99.21076954342425">
        <ele>2309.81</ele>
      </trkpt>
      <trkpt lat="19.413898000493646" lon="-99.21077633276582">
        <ele>2309.76</ele>
      </trkpt>
      <trkpt lat="19.413907220587134" lon="-99.21078354120255">
        <ele>2309.71</ele>
      </trkpt>
      <trkpt lat="19.413916608318686" lon="-99.21079091727734">
        <ele>2309.67</ele>
      </trkpt>
      <trkpt lat="19.41392599605024" lon="-99.21079829335213">
        <ele>2309.63</ele>
      </trkpt>
      <trkpt lat="19.413940077647567" lon="-99.21082285232842">
        <ele>2309.59</ele>
      </trkpt>
      <trkpt lat="19.41394569352269" lon="-99.21083265915513">
        <ele>2309.55</ele>
      </trkpt>
      <trkpt lat="19.413951225578785" lon="-99.21084229834378">
        <ele>2309.51</ele>
      </trkpt>
      <trkpt lat="19.413957176730037" lon="-99.21085260808468">
        <ele>2309.47</ele>
      </trkpt>
      <trkpt lat="19.41396312788129" lon="-99.21086300164461">
        <ele>2309.43</ele>
      </trkpt>
      <trkpt lat="19.413969162851572" lon="-99.21087339520454">
        <ele>2309.39</ele>
      </trkpt>
      <trkpt lat="19.41397938877344" lon="-99.21090943738818">
        <ele>2309.36</ele>
      </trkpt>
      <trkpt lat="19.413982573896646" lon="-99.21092041768134">
        <ele>2309.31</ele>
      </trkpt>
      <trkpt lat="19.41398567520082" lon="-99.21093131415546">
        <ele>2309.27</ele>
      </trkpt>
      <trkpt lat="19.41398902796209" lon="-99.2109427973628">
        <ele>2309.22</ele>
      </trkpt>
      <trkpt lat="19.413992380723357" lon="-99.21095436438918">
        <ele>2309.18</ele>
      </trkpt>
      <trkpt lat="19.413995733484626" lon="-99.21096593141556">
        <ele>2309.13</ele>
      </trkpt>
      <trkpt lat="19.414000427350402" lon="-99.21103583648801">
        <ele>2309.07</ele>
      </trkpt>
      <trkpt lat="19.41400126554072" lon="-99.21104723587632">
        <ele>2309.03</ele>
      </trkpt>
      <trkpt lat="19.414002103731036" lon="-99.2110585514456">
        <ele>2308.98</ele>
      </trkpt>
      <trkpt lat="19.414002941921353" lon="-99.21107053756714">
        <ele>2308.94</ele>
      </trkpt>
      <trkpt lat="19.41400378011167" lon="-99.2110826075077">
        <ele>2308.9</ele>
      </trkpt>
      <trkpt lat="19.414004618301988" lon="-99.21109467744827">
        <ele>2308.86</ele>
      </trkpt>
      <trkpt lat="19.41400134935975" lon="-99.21139676123857">
        <ele>2308.81</ele>
      </trkpt>
      <trkpt lat="19.41400126554072" lon="-99.21140799298882">
        <ele>2308.77</ele>
      </trkpt>
      <trkpt lat="19.414001181721687" lon="-99.21141905710101">
        <ele>2308.74</ele>
      </trkpt>
      <trkpt lat="19.414001097902656" lon="-99.21142785809934">
        <ele>2308.72</ele>
      </trkpt>
      <trkpt lat="19.414001014083624" lon="-99.21143087558448">
        <ele>2308.7</ele>
      </trkpt>
      <trkpt lat="19.41400084644556" lon="-99.21144319698215">
        <ele>2308.68</ele>
      </trkpt>
      <trkpt lat="19.41400076262653" lon="-99.21145543456078">
        <ele>2308.68</ele>
      </trkpt>
      <trkpt lat="19.414018029347062" lon="-99.2115857731551">
        <ele>2308.64</ele>
      </trkpt>
      <trkpt lat="19.414019621908665" lon="-99.21159725636244">
        <ele>2308.65</ele>
      </trkpt>
      <trkpt lat="19.414021130651236" lon="-99.21160848811269">
        <ele>2308.67</ele>
      </trkpt>
      <trkpt lat="19.41402280703187" lon="-99.21162047423422">
        <ele>2308.7</ele>
      </trkpt>
      <trkpt lat="19.414024483412504" lon="-99.21163246035576">
        <ele>2308.75</ele>
      </trkpt>
      <trkpt lat="19.41402615979314" lon="-99.21164453029633">
        <ele>2308.81</ele>
      </trkpt>
      <trkpt lat="19.414066895842552" lon="-99.21175215393305">
        <ele>2308.88</ele>
      </trkpt>
      <trkpt lat="19.414071002975106" lon="-99.21176305040717">
        <ele>2308.97</ele>
      </trkpt>
      <trkpt lat="19.41407511010766" lon="-99.21177377924323">
        <ele>2309.08</ele>
      </trkpt>
      <trkpt lat="19.41407946869731" lon="-99.21178517863154">
        <ele>2309.21</ele>
      </trkpt>
      <trkpt lat="19.41408382728696" lon="-99.21179666183889">
        <ele>2309.34</ele>
      </trkpt>
      <trkpt lat="19.414088185876608" lon="-99.21180814504623">
        <ele>2309.49</ele>
      </trkpt>
      <trkpt lat="19.414152558892965" lon="-99.21190193854272">
        <ele>2309.69</ele>
      </trkpt>
      <trkpt lat="19.41415918059647" lon="-99.21191157773137">
        <ele>2309.87</ele>
      </trkpt>
      <trkpt lat="19.414165718480945" lon="-99.21192104928195">
        <ele>2310.05</ele>
      </trkpt>
      <trkpt lat="19.41417275927961" lon="-99.21193127520382">
        <ele>2310.24</ele>
      </trkpt>
      <trkpt lat="19.414179800078273" lon="-99.2119415011257">
        <ele>2310.43</ele>
      </trkpt>
      <trkpt lat="19.414186757057905" lon="-99.21195164322853">
        <ele>2310.63</ele>
      </trkpt>
      <trkpt lat="19.414284573867917" lon="-99.212018949911">
        <ele>2310.9</ele>
      </trkpt>
      <trkpt lat="19.414294296875596" lon="-99.21202565543354">
        <ele>2311.1</ele>
      </trkpt>
      <trkpt lat="19.41430385224521" lon="-99.21203227713704">
        <ele>2311.29</ele>
      </trkpt>
      <trkpt lat="19.41431407816708" lon="-99.2120393179357">
        <ele>2311.48</ele>
      </trkpt>
      <trkpt lat="19.414324387907982" lon="-99.2120464425534">
        <ele>2311.66</ele>
      </trkpt>
      <trkpt lat="19.414334697648883" lon="-99.2120535671711">
        <ele>2311.84</ele>
      </trkpt>
      <trkpt lat="19.4144703168422" lon="-99.21216353774071">
        <ele>2312.08</ele>
      </trkpt>
      <trkpt lat="19.41447962075472" lon="-99.21217108145356">
        <ele>2312.23</ele>
      </trkpt>
      <trkpt lat="19.414488757029176" lon="-99.21217854134738">
        <ele>2312.37</ele>
      </trkpt>
      <trkpt lat="19.414498563855886" lon="-99.2121865041554">
        <ele>2312.49</ele>
      </trkpt>
      <trkpt lat="19.414508370682597" lon="-99.21219446696341">
        <ele>2312.61</ele>
      </trkpt>
      <trkpt lat="19.41451826132834" lon="-99.21220242977142">
        <ele>2312.71</ele>
      </trkpt>
      <trkpt lat="19.414618760347366" lon="-99.21226319856942">
        <ele>2312.76</ele>
      </trkpt>
      <trkpt lat="19.414628986269236" lon="-99.21226940117776">
        <ele>2312.82</ele>
      </trkpt>
      <trkpt lat="19.41463896073401" lon="-99.21227543614805">
        <ele>2312.88</ele>
      </trkpt>
      <trkpt lat="19.41464968957007" lon="-99.21228189021349">
        <ele>2312.92</ele>
      </trkpt>
      <trkpt lat="19.41466041840613" lon="-99.21228842809796">
        <ele>2312.96</ele>
      </trkpt>
      <trkpt lat="19.414717499166727" lon="-99.21229773201048">
        <ele>2312.95</ele>
      </trkpt>
      <trkpt lat="19.414728982374072" lon="-99.21229965984821">
        <ele>2312.98</ele>
      </trkpt>
      <trkpt lat="19.414740381762385" lon="-99.21230158768594">
        <ele>2313.0</ele>
      </trkpt>
      <trkpt lat="19.414752619341016" lon="-99.2123035993427">
        <ele>2313.01</ele>
      </trkpt>
      <trkpt lat="19.414764856919646" lon="-99.2123056948185">
        <ele>2313.01</ele>
      </trkpt>
      <trkpt lat="19.414883628487587" lon="-99.21226705424488">
        <ele>2313.0</ele>
      </trkpt>
      <trkpt lat="19.4148950278759" lon="-99.21226336620748">
        <ele>2313.0</ele>
      </trkpt>
      <trkpt lat="19.41490625962615" lon="-99.21225976198912">
        <ele>2312.99</ele>
      </trkpt>
      <trkpt lat="19.414918329566717" lon="-99.21225590631366">
        <ele>2312.98</ele>
      </trkpt>
      <trkpt lat="19.414930483326316" lon="-99.2122520506382">
        <ele>2312.96</ele>
      </trkpt>
      <trkpt lat="19.415173642337322" lon="-99.21203898265958">
        <ele>2312.96</ele>
      </trkpt>
      <trkpt lat="19.415177581831813" lon="-99.21203537844121">
        <ele>2312.94</ele>
      </trkpt>
      <trkpt lat="19.41518629901111" lon="-99.21202775090933">
        <ele>2312.92</ele>
      </trkpt>
      <trkpt lat="19.41519501619041" lon="-99.21202012337744">
        <ele>2312.89</ele>
      </trkpt>
      <trkpt lat="19.41520432010293" lon="-99.2120120767504">
        <ele>2312.87</ele>
      </trkpt>
      <trkpt lat="19.415213707834482" lon="-99.21200394630432">
        <ele>2312.84</ele>
      </trkpt>
      <trkpt lat="19.415304819121957" lon="-99.21195273287594">
        <ele>2312.83</ele>
      </trkpt>
      <trkpt lat="19.41531521268189" lon="-99.21194694936275">
        <ele>2312.8</ele>
      </trkpt>
      <trkpt lat="19.41532552242279" lon="-99.21194116584957">
        <ele>2312.78</ele>
      </trkpt>
      <trkpt lat="19.41533667035401" lon="-99.21193496324122">
        <ele>2312.74</ele>
      </trkpt>
      <trkpt lat="19.415347734466195" lon="-99.2119288444519">
        <ele>2312.7</ele>
      </trkpt>
      <trkpt lat="19.415456196293235" lon="-99.21161578036845">
        <ele>2312.58</ele>
      </trkpt>
      <trkpt lat="19.415564658120275" lon="-99.21130271628499">
        <ele>2312.54</ele>
      </trkpt>
      <trkpt lat="19.415569435805082" lon="-99.21128855086863">
        <ele>2312.49</ele>
      </trkpt>
      <trkpt lat="19.415573375299573" lon="-99.21127731911838">
        <ele>2312.43</ele>
      </trkpt>
      <trkpt lat="19.415577230975032" lon="-99.21126608736813">
        <ele>2312.37</ele>
      </trkpt>
      <trkpt lat="19.415581421926618" lon="-99.2112541012466">
        <ele>2312.3</ele>
      </trkpt>
      <trkpt lat="19.415585612878203" lon="-99.21124219894409">
        <ele>2312.23</ele>
      </trkpt>
      <trkpt lat="19.41572031006217" lon="-99.21094070188701">
        <ele>2312.17</ele>
      </trkpt>
      <trkpt lat="19.415855007246137" lon="-99.21063920482993">
        <ele>2312.07</ele>
      </trkpt>
      <trkpt lat="19.41587512381375" lon="-99.21059377491474">
        <ele>2311.97</ele>
      </trkpt>
      <trkpt lat="19.41588006913662" lon="-99.21058279462159">
        <ele>2311.86</ele>
      </trkpt>
      <trkpt lat="19.41588493064046" lon="-99.2105719819665">
        <ele>2311.75</ele>
      </trkpt>
      <trkpt lat="19.415890211239457" lon="-99.21056033112109">
        <ele>2311.63</ele>
      </trkpt>
      <trkpt lat="19.415895408019423" lon="-99.21054884791374">
        <ele>2311.5</ele>
      </trkpt>
      <trkpt lat="19.416054747998714" lon="-99.21026101335883">
        <ele>2311.34</ele>
      </trkpt>
      <trkpt lat="19.416214171797037" lon="-99.20997317880392">
        <ele>2311.15</ele>
      </trkpt>
      <trkpt lat="19.416281143203378" lon="-99.20985172502697">
        <ele>2310.96</ele>
      </trkpt>
      <trkpt lat="19.416287010535598" lon="-99.20984116382897">
        <ele>2310.78</ele>
      </trkpt>
      <trkpt lat="19.416292877867818" lon="-99.20983077026904">
        <ele>2310.61</ele>
      </trkpt>
      <trkpt lat="19.416299080476165" lon="-99.20981962233782">
        <ele>2310.42</ele>
      </trkpt>
      <trkpt lat="19.41630528308451" lon="-99.20980855822563">
        <ele>2310.22</ele>
      </trkpt>
      <trkpt lat="19.416489265859127" lon="-99.20953748747706">
        <ele>2309.95</ele>
      </trkpt>
      <trkpt lat="19.416673248633742" lon="-99.2092664167285">
        <ele>2309.72</ele>
      </trkpt>
      <trkpt lat="19.416718762367964" lon="-99.209199026227">
        <ele>2309.49</ele>
      </trkpt>
      <trkpt lat="19.416725551709533" lon="-99.20918905176222">
        <ele>2309.25</ele>
      </trkpt>
      <trkpt lat="19.4167323410511" lon="-99.20917916111648">
        <ele>2309.0</ele>
      </trkpt>
      <trkpt lat="19.41673963330686" lon="-99.20916859991848">
        <ele>2308.74</ele>
      </trkpt>
      <trkpt lat="19.416746757924557" lon="-99.20915812253952">
        <ele>2308.46</ele>
      </trkpt>
      <trkpt lat="19.416953371837735" lon="-99.20890582725406">
        <ele>2308.21</ele>
      </trkpt>
      <trkpt lat="19.417160069569945" lon="-99.20865361578763">
        <ele>2307.89</ele>
      </trkpt>
      <trkpt lat="19.417242296040058" lon="-99.20855303294957">
        <ele>2307.55</ele>
      </trkpt>
      <trkpt lat="19.417250091210008" lon="-99.20854364521801">
        <ele>2307.2</ele>
      </trkpt>
      <trkpt lat="19.417257802560925" lon="-99.20853425748646">
        <ele>2306.84</ele>
      </trkpt>
      <trkpt lat="19.417266016826034" lon="-99.20852428302169">
        <ele>2306.46</ele>
      </trkpt>
      <trkpt lat="19.41727414727211" lon="-99.20851439237595">
        <ele>2306.05</ele>
      </trkpt>
      <trkpt lat="19.417516384273767" lon="-99.20830015093088">
        <ele>2305.49</ele>
      </trkpt>
      <trkpt lat="19.417625684291124" lon="-99.20820308849216">
        <ele>2305.08</ele>
      </trkpt>
      <trkpt lat="19.417634904384613" lon="-99.20819495804608">
        <ele>2304.63</ele>
      </trkpt>
      <trkpt lat="19.4176441244781" lon="-99.20818691141903">
        <ele>2304.15</ele>
      </trkpt>
      <trkpt lat="19.417654015123844" lon="-99.20817827805877">
        <ele>2303.66</ele>
      </trkpt>
      <trkpt lat="19.417663821950555" lon="-99.20816972851753">
        <ele>2303.14</ele>
      </trkpt>
      <trkpt lat="19.417861215770245" lon="-99.20804341323674">
        <ele>2302.68</ele>
      </trkpt>
      <trkpt lat="19.417871944606304" lon="-99.20803662389517">
        <ele>2302.12</ele>
      </trkpt>
      <trkpt lat="19.417882589623332" lon="-99.20802991837263">
        <ele>2301.54</ele>
      </trkpt>
      <trkpt lat="19.417893989011645" lon="-99.2080227099359">
        <ele>2300.95</ele>
      </trkpt>
      <trkpt lat="19.417905304580927" lon="-99.20801550149918">
        <ele>2300.33</ele>
      </trkpt>
      <trkpt lat="19.418187690898776" lon="-99.20786563307047">
        <ele>2299.65</ele>
      </trkpt>
      <trkpt lat="19.418470077216625" lon="-99.20771576464176">
        <ele>2298.87</ele>
      </trkpt>
      <trkpt lat="19.418752463534474" lon="-99.20756589621305">
        <ele>2298.12</ele>
      </trkpt>
      <trkpt lat="19.419034933671355" lon="-99.20741602778435">
        <ele>2297.34</ele>
      </trkpt>
      <trkpt lat="19.419156471267343" lon="-99.20735131949186">
        <ele>2296.6</ele>
      </trkpt>
      <trkpt lat="19.419167367741466" lon="-99.2073456197977">
        <ele>2295.93</ele>
      </trkpt>
      <trkpt lat="19.41917834803462" lon="-99.20733983628452">
        <ele>2295.27</ele>
      </trkpt>
      <trkpt lat="19.41919008269906" lon="-99.20733363367617">
        <ele>2294.61</ele>
      </trkpt>
      <trkpt lat="19.41920173354447" lon="-99.20732751488686">
        <ele>2293.96</ele>
      </trkpt>
      <trkpt lat="19.419343220070004" lon="-99.2072425223887">
        <ele>2293.27</ele>
      </trkpt>
      <trkpt lat="19.419353948906064" lon="-99.20723615214229">
        <ele>2292.65</ele>
      </trkpt>
      <trkpt lat="19.419364677742124" lon="-99.20722978189588">
        <ele>2292.05</ele>
      </trkpt>
      <trkpt lat="19.41937616094947" lon="-99.2072229925543">
        <ele>2291.46</ele>
      </trkpt>
      <trkpt lat="19.419387560337782" lon="-99.20721620321274">
        <ele>2290.9</ele>
      </trkpt>
      <trkpt lat="19.419276919215918" lon="-99.2069039773196">
        <ele>2290.22</ele>
      </trkpt>
      <trkpt lat="19.41922235302627" lon="-99.20675025321543">
        <ele>2289.68</ele>
      </trkpt>
      <trkpt lat="19.419218245893717" lon="-99.20673868618906">
        <ele>2289.21</ele>
      </trkpt>
      <trkpt lat="19.419214138761163" lon="-99.20672711916268">
        <ele>2288.77</ele>
      </trkpt>
      <trkpt lat="19.419209780171514" lon="-99.20671471394598">
        <ele>2288.37</ele>
      </trkpt>
      <trkpt lat="19.419205505400896" lon="-99.20670256018639">
        <ele>2288.01</ele>
      </trkpt>
      <trkpt lat="19.419040214270353" lon="-99.20641841366887">
        <ele>2287.69</ele>
      </trkpt>
      <trkpt lat="19.41887492313981" lon="-99.20613435097039">
        <ele>2287.28</ele>
      </trkpt>
      <trkpt lat="19.41880107857287" lon="-99.20600761659443">
        <ele>2286.98</ele>
      </trkpt>
      <trkpt lat="19.418794875964522" lon="-99.2059969715774">
        <ele>2286.76</ele>
      </trkpt>
      <trkpt lat="19.418788673356175" lon="-99.20598624274135">
        <ele>2286.59</ele>
      </trkpt>
      <trkpt lat="19.41878205165267" lon="-99.20597484335303">
        <ele>2286.45</ele>
      </trkpt>
      <trkpt lat="19.418775513768196" lon="-99.20596361160278">
        <ele>2286.34</ele>
      </trkpt>
      <trkpt lat="19.418597146868706" lon="-99.20568834990263">
        <ele>2286.33</ele>
      </trkpt>
      <trkpt lat="19.418418863788247" lon="-99.20541317202151">
        <ele>2286.47</ele>
      </trkpt>
      <trkpt lat="19.418240496888757" lon="-99.20513799414039">
        <ele>2286.5</ele>
      </trkpt>
      <trkpt lat="19.41823035478592" lon="-99.20512248761952">
        <ele>2286.52</ele>
      </trkpt>
      <trkpt lat="19.418223649263382" lon="-99.20511217787862">
        <ele>2286.57</ele>
      </trkpt>
      <trkpt lat="19.418216943740845" lon="-99.20510178431869">
        <ele>2286.64</ele>
      </trkpt>
      <trkpt lat="19.41820981912315" lon="-99.2050907202065">
        <ele>2286.74</ele>
      </trkpt>
      <trkpt lat="19.418202778324485" lon="-99.20507982373238">
        <ele>2286.86</ele>
      </trkpt>
      <trkpt lat="19.418123066425323" lon="-99.2049781512469">
        <ele>2286.96</ele>
      </trkpt>
      <trkpt lat="19.418115438893437" lon="-99.2049683444202">
        <ele>2287.12</ele>
      </trkpt>
      <trkpt lat="19.41810772754252" lon="-99.20495845377445">
        <ele>2287.3</ele>
      </trkpt>
      <trkpt lat="19.418099597096443" lon="-99.20494806021452">
        <ele>2287.49</ele>
      </trkpt>
      <trkpt lat="19.418091466650367" lon="-99.20493766665459">
        <ele>2287.69</ele>
      </trkpt>
      <trkpt lat="19.4180569332093" lon="-99.20492266304791">
        <ele>2287.92</ele>
      </trkpt>
      <trkpt lat="19.418045785278082" lon="-99.2049178853631">
        <ele>2288.15</ele>
      </trkpt>
      <trkpt lat="19.4180344697088" lon="-99.20491302385926">
        <ele>2288.4</ele>
      </trkpt>
      <trkpt lat="19.418022567406297" lon="-99.20490791089833">
        <ele>2288.65</ele>
      </trkpt>
      <trkpt lat="19.41801058128476" lon="-99.2049027979374">
        <ele>2288.91</ele>
      </trkpt>
      <trkpt lat="19.417969593778253" lon="-99.20491185039282">
        <ele>2289.19</ele>
      </trkpt>
      <trkpt lat="19.41795769147575" lon="-99.20491453260183">
        <ele>2289.46</ele>
      </trkpt>
      <trkpt lat="19.417945705354214" lon="-99.20491721481085">
        <ele>2289.73</ele>
      </trkpt>
      <trkpt lat="19.417933048680425" lon="-99.20492006465793">
        <ele>2290.01</ele>
      </trkpt>
      <trkpt lat="19.417920308187604" lon="-99.204922914505">
        <ele>2290.28</ele>
      </trkpt>
      <trkpt lat="19.41776758991182" lon="-99.20504990033805">
        <ele>2290.61</ele>
      </trkpt>
      <trkpt lat="19.41775786690414" lon="-99.20505811460316">
        <ele>2290.88</ele>
      </trkpt>
      <trkpt lat="19.41774806007743" lon="-99.2050664126873">
        <ele>2291.14</ele>
      </trkpt>
      <trkpt lat="19.417737750336528" lon="-99.2050751298666">
        <ele>2291.4</ele>
      </trkpt>
      <trkpt lat="19.417727356776595" lon="-99.2050838470459">
        <ele>2291.65</ele>
      </trkpt>
      <trkpt lat="19.41766105592251" lon="-99.20511863194406">
        <ele>2291.92</ele>
      </trkpt>
      <trkpt lat="19.417650075629354" lon="-99.20512449927628">
        <ele>2292.15</ele>
      </trkpt>
      <trkpt lat="19.4176390953362" lon="-99.2051303666085">
        <ele>2292.36</ele>
      </trkpt>
      <trkpt lat="19.417627276852727" lon="-99.20513665303588">
        <ele>2292.56</ele>
      </trkpt>
      <trkpt lat="19.41761562600732" lon="-99.20514285564423">
        <ele>2292.74</ele>
      </trkpt>
      <trkpt lat="19.41757271066308" lon="-99.20514578931034">
        <ele>2292.93</ele>
      </trkpt>
      <trkpt lat="19.41756055690348" lon="-99.20514662750065">
        <ele>2293.08</ele>
      </trkpt>
      <trkpt lat="19.41754823550582" lon="-99.20514754951">
        <ele>2293.22</ele>
      </trkpt>
      <trkpt lat="19.41753507591784" lon="-99.20514855533838">
        <ele>2293.34</ele>
      </trkpt>
      <trkpt lat="19.417522000148892" lon="-99.20514956116676">
        <ele>2293.44</ele>
      </trkpt>
      <trkpt lat="19.41750766709447" lon="-99.20514553785324">
        <ele>2293.53</ele>
      </trkpt>
      <trkpt lat="19.417495848610997" lon="-99.205142268911">
        <ele>2293.61</ele>
      </trkpt>
      <trkpt lat="19.417484030127525" lon="-99.20513899996877">
        <ele>2293.67</ele>
      </trkpt>
      <trkpt lat="19.417471373453736" lon="-99.20513556338847">
        <ele>2293.71</ele>
      </trkpt>
      <trkpt lat="19.41745880059898" lon="-99.20513212680817">
        <ele>2293.75</ele>
      </trkpt>
      <trkpt lat="19.417168702930212" lon="-99.20499960891902">
        <ele>2293.75</ele>
      </trkpt>
      <trkpt lat="19.416953288018703" lon="-99.20490128919482">
        <ele>2293.77</ele>
      </trkpt>
      <trkpt lat="19.416941301897168" lon="-99.20489584095776">
        <ele>2293.78</ele>
      </trkpt>
      <trkpt lat="19.4169292319566" lon="-99.20489030890167">
        <ele>2293.8</ele>
      </trkpt>
      <trkpt lat="19.41691640764475" lon="-99.20488444156945">
        <ele>2293.81</ele>
      </trkpt>
      <trkpt lat="19.41690375097096" lon="-99.20487865805626">
        <ele>2293.82</ele>
      </trkpt>
      <trkpt lat="19.416869301348925" lon="-99.20486742630601">
        <ele>2293.84</ele>
      </trkpt>
      <trkpt lat="19.416857482865453" lon="-99.20486365444958">
        <ele>2293.86</ele>
      </trkpt>
      <trkpt lat="19.41684558056295" lon="-99.20485988259315">
        <ele>2293.89</ele>
      </trkpt>
      <trkpt lat="19.41683292388916" lon="-99.20485585927963">
        <ele>2293.93</ele>
      </trkpt>
      <trkpt lat="19.41682026721537" lon="-99.20485183596611">
        <ele>2293.99</ele>
      </trkpt>
      <trkpt lat="19.416773496195674" lon="-99.20483264140785">
        <ele>2294.06</ele>
      </trkpt>
      <trkpt lat="19.416761929169297" lon="-99.20482786372304">
        <ele>2294.15</ele>
      </trkpt>
      <trkpt lat="19.41675027832389" lon="-99.20482308603823">
        <ele>2294.27</ele>
      </trkpt>
      <trkpt lat="19.416737789288163" lon="-99.2048179730773">
        <ele>2294.4</ele>
      </trkpt>
      <trkpt lat="19.4167254678905" lon="-99.2048129439354">
        <ele>2294.56</ele>
      </trkpt>
      <trkpt lat="19.41662672907114" lon="-99.20475318096578">
        <ele>2294.75</ele>
      </trkpt>
      <trkpt lat="19.416615748777986" lon="-99.20474655926228">
        <ele>2294.97</ele>
      </trkpt>
      <trkpt lat="19.4166046846658" lon="-99.20473993755877">
        <ele>2295.22</ele>
      </trkpt>
      <trkpt lat="19.41659295000136" lon="-99.20473281294107">
        <ele>2295.5</ele>
      </trkpt>
      <trkpt lat="19.41658129915595" lon="-99.20472577214241">
        <ele>2295.81</ele>
      </trkpt>
      <trkpt lat="19.416495049372315" lon="-99.20466198585927">
        <ele>2296.17</ele>
      </trkpt>
      <trkpt lat="19.416484655812383" lon="-99.20465435832739">
        <ele>2296.55</ele>
      </trkpt>
      <trkpt lat="19.41647434607148" lon="-99.2046467307955">
        <ele>2296.96</ele>
      </trkpt>
      <trkpt lat="19.416463281959295" lon="-99.20463860034943">
        <ele>2297.41</ele>
      </trkpt>
      <trkpt lat="19.416452385485172" lon="-99.20463055372238">
        <ele>2297.89</ele>
      </trkpt>
      <trkpt lat="19.416300589218736" lon="-99.20449602417648">
        <ele>2298.53</ele>
      </trkpt>
      <trkpt lat="19.416290782392025" lon="-99.20448730699718">
        <ele>2299.07</ele>
      </trkpt>
      <trkpt lat="19.416280975565314" lon="-99.20447858981788">
        <ele>2299.65</ele>
      </trkpt>
      <trkpt lat="19.41627058200538" lon="-99.20446936972439">
        <ele>2300.25</ele>
      </trkpt>
      <trkpt lat="19.41626018844545" lon="-99.20446023344994">
        <ele>2300.88</ele>
      </trkpt>
      <trkpt lat="19.41608970053494" lon="-99.20427616685629">
        <ele>2301.68</ele>
      </trkpt>
      <trkpt lat="19.416080731898546" lon="-99.20426644384861">
        <ele>2302.34</ele>
      </trkpt>
      <trkpt lat="19.416071763262153" lon="-99.20425672084093">
        <ele>2303.01</ele>
      </trkpt>
      <trkpt lat="19.41606229171157" lon="-99.20424649491906">
        <ele>2303.69</ele>
      </trkpt>
      <trkpt lat="19.416052820160985" lon="-99.20423626899719">
        <ele>2304.37</ele>
      </trkpt>
      <trkpt lat="19.415933042764664" lon="-99.20410458929837">
        <ele>2305.17</ele>
      </trkpt>
      <trkpt lat="19.415924241766334" lon="-99.20409486629069">
        <ele>2305.86</ele>
      </trkpt>
      <trkpt lat="19.415915440768003" lon="-99.20408514328301">
        <ele>2306.55</ele>
      </trkpt>
      <trkpt lat="19.41590605303645" lon="-99.20407483354211">
        <ele>2307.24</ele>
      </trkpt>
      <trkpt lat="19.41589674912393" lon="-99.20406460762024">
        <ele>2307.93</ele>
      </trkpt>
      <trkpt lat="19.41564898006618" lon="-99.20390602201223">
        <ele>2308.69</ele>
      </trkpt>
      <trkpt lat="19.415637496858835" lon="-99.20389864593744">
        <ele>2309.34</ele>
      </trkpt>
      <trkpt lat="19.41562651656568" lon="-99.20389160513878">
        <ele>2309.99</ele>
      </trkpt>
      <trkpt lat="19.41562601365149" lon="-99.20389126986265">
        <ele>2310.61</ele>
      </trkpt>
      <trkpt lat="19.41561469808221" lon="-99.20388406142592">
        <ele>2311.22</ele>
      </trkpt>
      <trkpt lat="19.41560346633196" lon="-99.2038768529892">
        <ele>2311.81</ele>
      </trkpt>
      <trkpt lat="19.41529274918139" lon="-99.20381516218185">
        <ele>2312.4</ele>
      </trkpt>
      <trkpt lat="19.41498203203082" lon="-99.20375347137451">
        <ele>2313.03</ele>
      </trkpt>
      <trkpt lat="19.414671314880252" lon="-99.20369178056717">
        <ele>2313.49</ele>
      </trkpt>
      <trkpt lat="19.414360597729683" lon="-99.20363017357886">
        <ele>2313.89</ele>
      </trkpt>
      <trkpt lat="19.414049880579114" lon="-99.20356848277152">
        <ele>2314.35</ele>
      </trkpt>
      <trkpt lat="19.413739163428545" lon="-99.20350679196417">
        <ele>2314.95</ele>
      </trkpt>
      <trkpt lat="19.413616033270955" lon="-99.20348223298788">
        <ele>2315.45</ele>
      </trkpt>
      <trkpt lat="19.41360312514007" lon="-99.20347971841693">
        <ele>2315.84</ele>
      </trkpt>
      <trkpt lat="19.413590217009187" lon="-99.20347720384598">
        <ele>2316.2</ele>
      </trkpt>
      <trkpt lat="19.413576386868954" lon="-99.20347452163696">
        <ele>2316.53</ele>
      </trkpt>
      <trkpt lat="19.413562724366784" lon="-99.20347183942795">
        <ele>2316.83</ele>
      </trkpt>
      <trkpt lat="19.41346926614642" lon="-99.20343697071075">
        <ele>2317.16</ele>
      </trkpt>
      <trkpt lat="19.41345694474876" lon="-99.20343236066401">
        <ele>2317.38</ele>
      </trkpt>
      <trkpt lat="19.413444623351097" lon="-99.2034278344363">
        <ele>2317.57</ele>
      </trkpt>
      <trkpt lat="19.41343154758215" lon="-99.20342297293246">
        <ele>2317.71</ele>
      </trkpt>
      <trkpt lat="19.413418555632234" lon="-99.20341819524765">
        <ele>2317.81</ele>
      </trkpt>
      <trkpt lat="19.41337589174509" lon="-99.20332775451243">
        <ele>2317.86</ele>
      </trkpt>
      <trkpt lat="19.413370275869966" lon="-99.20331585220993">
        <ele>2317.87</ele>
      </trkpt>
      <trkpt lat="19.41336465999484" lon="-99.20330386608839">
        <ele>2317.84</ele>
      </trkpt>
      <trkpt lat="19.41335870884359" lon="-99.2032912094146">
        <ele>2317.77</ele>
      </trkpt>
      <trkpt lat="19.41335284151137" lon="-99.20327872037888">
        <ele>2317.67</ele>
      </trkpt>
      <trkpt lat="19.41334906965494" lon="-99.20315056107938">
        <ele>2317.5</ele>
      </trkpt>
      <trkpt lat="19.413348734378815" lon="-99.20313731767237">
        <ele>2317.33</ele>
      </trkpt>
      <trkpt lat="19.413348399102688" lon="-99.20312407426536">
        <ele>2317.11</ele>
      </trkpt>
      <trkpt lat="19.41334806382656" lon="-99.2031101603061">
        <ele>2316.87</ele>
      </trkpt>
      <trkpt lat="19.413347728550434" lon="-99.20309633016586">
        <ele>2316.59</ele>
      </trkpt>
      <trkpt lat="19.413375975564122" lon="-99.20299323275685">
        <ele>2316.27</ele>
      </trkpt>
      <trkpt lat="19.413379579782486" lon="-99.202980408445">
        <ele>2315.94</ele>
      </trkpt>
      <trkpt lat="19.41338318400085" lon="-99.20296758413315">
        <ele>2315.58</ele>
      </trkpt>
      <trkpt lat="19.413386955857277" lon="-99.20295417308807">
        <ele>2315.21</ele>
      </trkpt>
      <trkpt lat="19.413390727713704" lon="-99.202940762043">
        <ele>2314.81</ele>
      </trkpt>
      <trkpt lat="19.413670348003507" lon="-99.2027851101011">
        <ele>2314.33</ele>
      </trkpt>
      <trkpt lat="19.413949884474277" lon="-99.20262945815921">
        <ele>2313.87</ele>
      </trkpt>
      <trkpt lat="19.41422950476408" lon="-99.20247380621731">
        <ele>2313.44</ele>
      </trkpt>
      <trkpt lat="19.41450904123485" lon="-99.20231815427542">
        <ele>2312.98</ele>
      </trkpt>
      <trkpt lat="19.414514740929008" lon="-99.20231488533318">
        <ele>2312.53</ele>
      </trkpt>
      <trkpt lat="19.41452605649829" lon="-99.2023085989058">
        <ele>2312.08</ele>
      </trkpt>
      <trkpt lat="19.414537539705634" lon="-99.20230222865939">
        <ele>2311.64</ele>
      </trkpt>
      <trkpt lat="19.41454952582717" lon="-99.20229560695589">
        <ele>2311.19</ele>
      </trkpt>
      <trkpt lat="19.414561595767736" lon="-99.20228898525238">
        <ele>2310.75</ele>
      </trkpt>
      <trkpt lat="19.41480509005487" lon="-99.20207642018795">
        <ele>2310.28</ele>
      </trkpt>
      <trkpt lat="19.415048584342003" lon="-99.20186385512352">
        <ele>2309.85</ele>
      </trkpt>
      <trkpt lat="19.415292078629136" lon="-99.20165129005909">
        <ele>2309.33</ele>
      </trkpt>
      <trkpt lat="19.415334574878216" lon="-99.20161390677094">
        <ele>2308.89</ele>
      </trkpt>
      <trkpt lat="19.41534463316202" lon="-99.20160518959165">
        <ele>2308.5</ele>
      </trkpt>
      <trkpt lat="19.415353015065193" lon="-99.20159203000367">
        <ele>2308.13</ele>
      </trkpt>
      <trkpt lat="19.415360307320952" lon="-99.20158088207245">
        <ele>2307.78</ele>
      </trkpt>
      <trkpt lat="19.415321499109268" lon="-99.20150125399232">
        <ele>2307.45</ele>
      </trkpt>
      <trkpt lat="19.415315631777048" lon="-99.20148918405175">
        <ele>2307.15</ele>
      </trkpt>
      <trkpt lat="19.4152819365263" lon="-99.20146068558097">
        <ele>2306.86</ele>
      </trkpt>
      <trkpt lat="19.41527179442346" lon="-99.20145213603973">
        <ele>2306.61</ele>
      </trkpt>
      <trkpt lat="19.415136594325304" lon="-99.20135230757296">
        <ele>2306.4</ele>
      </trkpt>
      <trkpt lat="19.415125530213118" lon="-99.20134417712688">
        <ele>2306.19</ele>
      </trkpt>
      <trkpt lat="19.415114130824804" lon="-99.20133663341403">
        <ele>2306.01</ele>
      </trkpt>
      <trkpt lat="19.41510214470327" lon="-99.20132867060602">
        <ele>2305.84</ele>
      </trkpt>
      <trkpt lat="19.415090074762702" lon="-99.201320707798">
        <ele>2305.7</ele>
      </trkpt>
      <trkpt lat="19.41506459377706" lon="-99.20129371806979">
        <ele>2305.59</ele>
      </trkpt>
      <trkpt lat="19.415055373683572" lon="-99.20128391124308">
        <ele>2305.47</ele>
      </trkpt>
      <trkpt lat="19.415017571300268" lon="-99.20125625096262">
        <ele>2305.4</ele>
      </trkpt>
      <trkpt lat="19.415006758645177" lon="-99.2012482881546">
        <ele>2305.32</ele>
      </trkpt>
      <trkpt lat="19.41471917554736" lon="-99.20110990293324">
        <ele>2305.22</ele>
      </trkpt>
      <trkpt lat="19.414431508630514" lon="-99.20097160153091">
        <ele>2305.18</ele>
      </trkpt>
      <trkpt lat="19.414143841713667" lon="-99.20083330012858">
        <ele>2305.19</ele>
      </trkpt>
      <trkpt lat="19.41397595219314" lon="-99.200752498582">
        <ele>2305.11</ele>
      </trkpt>
      <trkpt lat="19.413963463157415" lon="-99.20074654743075">
        <ele>2305.09</ele>
      </trkpt>
      <trkpt lat="19.413950806483626" lon="-99.20074051246047">
        <ele>2305.07</ele>
      </trkpt>
      <trkpt lat="19.413937646895647" lon="-99.20073422603309">
        <ele>2305.08</ele>
      </trkpt>
      <trkpt lat="19.413924319669604" lon="-99.20072793960571">
        <ele>2305.09</ele>
      </trkpt>
      <trkpt lat="19.41374192945659" lon="-99.2006269376725">
        <ele>2305.07</ele>
      </trkpt>
      <trkpt lat="19.41372969187796" lon="-99.20062014833093">
        <ele>2305.11</ele>
      </trkpt>
      <trkpt lat="19.4137173704803" lon="-99.20061335898936">
        <ele>2305.16</ele>
      </trkpt>
      <trkpt lat="19.41370462998748" lon="-99.2006063181907">
        <ele>2305.23</ele>
      </trkpt>
      <trkpt lat="19.413691638037562" lon="-99.200599193573">
        <ele>2305.32</ele>
      </trkpt>
      <trkpt lat="19.413624834269285" lon="-99.2005872912705">
        <ele>2305.4</ele>
      </trkpt>
      <trkpt lat="19.413611590862274" lon="-99.2005849443376">
        <ele>2305.52</ele>
      </trkpt>
      <trkpt lat="19.41359826363623" lon="-99.20058259740472">
        <ele>2305.65</ele>
      </trkpt>
      <trkpt lat="19.413584349676967" lon="-99.2005801666528">
        <ele>2305.8</ele>
      </trkpt>
      <trkpt lat="19.41357026807964" lon="-99.20057773590088">
        <ele>2305.97</ele>
      </trkpt>
      <trkpt lat="19.41345409490168" lon="-99.20059567317367">
        <ele>2306.14</ele>
      </trkpt>
      <trkpt lat="19.413440516218543" lon="-99.20059785246849">
        <ele>2306.34</ele>
      </trkpt>
      <trkpt lat="19.413403887301683" lon="-99.20061436481774">
        <ele>2306.56</ele>
      </trkpt>
      <trkpt lat="19.41339156590402" lon="-99.20061998069286">
        <ele>2306.79</ele>
      </trkpt>
      <trkpt lat="19.413146059960127" lon="-99.20082994736731">
        <ele>2307.03</ele>
      </trkpt>
      <trkpt lat="19.412919748574495" lon="-99.20102348551154">
        <ele>2307.32</ele>
      </trkpt>
      <trkpt lat="19.412908852100372" lon="-99.2010328732431">
        <ele>2307.59</ele>
      </trkpt>
      <trkpt lat="19.412831822410226" lon="-99.2011275049299">
        <ele>2307.89</ele>
      </trkpt>
      <trkpt lat="19.412823021411896" lon="-99.20113831758499">
        <ele>2308.18</ele>
      </trkpt>
      <trkpt lat="19.412594782188535" lon="-99.20136890374124">
        <ele>2308.54</ele>
      </trkpt>
      <trkpt lat="19.412476932629943" lon="-99.20148792676628">
        <ele>2308.87</ele>
      </trkpt>
      <trkpt lat="19.412467125803232" lon="-99.20149790123105">
        <ele>2309.16</ele>
      </trkpt>
      <trkpt lat="19.412264116108418" lon="-99.20175346545875">
        <ele>2309.46</ele>
      </trkpt>
      <trkpt lat="19.41217719577253" lon="-99.20186284929514">
        <ele>2309.76</ele>
      </trkpt>
      <trkpt lat="19.41216847859323" lon="-99.20187391340733">
        <ele>2310.04</ele>
      </trkpt>
      <trkpt lat="19.41193336620927" lon="-99.20209670439363">
        <ele>2310.48</ele>
      </trkpt>
      <trkpt lat="19.41186061128974" lon="-99.20216551981866">
        <ele>2310.76</ele>
      </trkpt>
      <trkpt lat="19.411850469186902" lon="-99.20217515900731">
        <ele>2310.99</ele>
      </trkpt>
      <trkpt lat="19.41184066236019" lon="-99.20218513347208">
        <ele>2311.21</ele>
      </trkpt>
      <trkpt lat="19.411830604076385" lon="-99.20219535939395">
        <ele>2311.41</ele>
      </trkpt>
      <trkpt lat="19.411820294335485" lon="-99.20220583677292">
        <ele>2311.59</ele>
      </trkpt>
      <trkpt lat="19.411709820851684" lon="-99.2022847943008">
        <ele>2311.75</ele>
      </trkpt>
      <trkpt lat="19.41169833764434" lon="-99.20229309238493">
        <ele>2311.89</ele>
      </trkpt>
      <trkpt lat="19.411686854436994" lon="-99.20230139046907">
        <ele>2312.01</ele>
      </trkpt>
      <trkpt lat="19.411675119772553" lon="-99.20230985619128">
        <ele>2312.11</ele>
      </trkpt>
      <trkpt lat="19.411663133651018" lon="-99.20231848955154">
        <ele>2312.18</ele>
      </trkpt>
      <trkpt lat="19.411491807550192" lon="-99.20233240351081">
        <ele>2312.17</ele>
      </trkpt>
      <trkpt lat="19.4114775583148" lon="-99.20233357697725">
        <ele>2312.2</ele>
      </trkpt>
      <trkpt lat="19.411463141441345" lon="-99.2023347504437">
        <ele>2312.22</ele>
      </trkpt>
      <trkpt lat="19.411448473110795" lon="-99.20233600772917">
        <ele>2312.22</ele>
      </trkpt>
      <trkpt lat="19.411433385685086" lon="-99.20233726501465">
        <ele>2312.21</ele>
      </trkpt>
      <trkpt lat="19.411264155060053" lon="-99.20232318341732">
        <ele>2312.17</ele>
      </trkpt>
      <trkpt lat="19.41124990582466" lon="-99.20232200995088">
        <ele>2312.14</ele>
      </trkpt>
      <trkpt lat="19.411235572770238" lon="-99.20232083648443">
        <ele>2312.1</ele>
      </trkpt>
      <trkpt lat="19.411220820620656" lon="-99.20231966301799">
        <ele>2312.06</ele>
      </trkpt>
      <trkpt lat="19.41120581701398" lon="-99.20231848955154">
        <ele>2312.01</ele>
      </trkpt>
      <trkpt lat="19.410896273329854" lon="-99.20225042849779">
        <ele>2311.98</ele>
      </trkpt>
      <trkpt lat="19.41058672964573" lon="-99.20218245126307">
        <ele>2311.97</ele>
      </trkpt>
      <trkpt lat="19.41055261529982" lon="-99.20217490755022">
        <ele>2311.91</ele>
      </trkpt>
      <trkpt lat="19.410539204254746" lon="-99.2021719738841">
        <ele>2311.85</ele>
      </trkpt>
      <trkpt lat="19.41052570939064" lon="-99.202169040218">
        <ele>2311.79</ele>
      </trkpt>
      <trkpt lat="19.410511879250407" lon="-99.20216602273285">
        <ele>2311.73</ele>
      </trkpt>
      <trkpt lat="19.410497713834047" lon="-99.20216292142868">
        <ele>2311.68</ele>
      </trkpt>
      <trkpt lat="19.41018213517964" lon="-99.2021428886801">
        <ele>2311.69</ele>
      </trkpt>
      <trkpt lat="19.4098767824471" lon="-99.20212352648377">
        <ele>2311.53</ele>
      </trkpt>
      <trkpt lat="19.4098664727062" lon="-99.20212293975055">
        <ele>2311.51</ele>
      </trkpt>
      <trkpt lat="19.409861862659454" lon="-99.20212260447443">
        <ele>2311.5</ele>
      </trkpt>
      <trkpt lat="19.409848283976316" lon="-99.20212168246508">
        <ele>2311.5</ele>
      </trkpt>
      <trkpt lat="19.40983437001705" lon="-99.20212084427476">
        <ele>2311.52</ele>
      </trkpt>
      <trkpt lat="19.409819953143597" lon="-99.20212000608444">
        <ele>2311.56</ele>
      </trkpt>
      <trkpt lat="19.409664552658796" lon="-99.20208069495857">
        <ele>2311.56</ele>
      </trkpt>
      <trkpt lat="19.40965063869953" lon="-99.20207717455924">
        <ele>2311.66</ele>
      </trkpt>
      <trkpt lat="19.409636640921235" lon="-99.2020736541599">
        <ele>2311.77</ele>
      </trkpt>
      <trkpt lat="19.40962230786681" lon="-99.20207004994154">
        <ele>2311.92</ele>
      </trkpt>
      <trkpt lat="19.40960755571723" lon="-99.20206636190414">
        <ele>2312.09</ele>
      </trkpt>
      <trkpt lat="19.409394823014736" lon="-99.20196359977126">
        <ele>2312.3</ele>
      </trkpt>
      <trkpt lat="19.409381663426757" lon="-99.20195722952485">
        <ele>2312.53</ele>
      </trkpt>
      <trkpt lat="19.409368336200714" lon="-99.20195085927844">
        <ele>2312.79</ele>
      </trkpt>
      <trkpt lat="19.409354757517576" lon="-99.20194432139397">
        <ele>2313.08</ele>
      </trkpt>
      <trkpt lat="19.40934084355831" lon="-99.20193761587143">
        <ele>2313.39</ele>
      </trkpt>
      <trkpt lat="19.409073879942298" lon="-99.20175908133388">
        <ele>2313.76</ele>
      </trkpt>
      <trkpt lat="19.408900877460837" lon="-99.20164349488914">
        <ele>2314.13</ele>
      </trkpt>
      <trkpt lat="19.40888872370124" lon="-99.20163536444306">
        <ele>2314.49</ele>
      </trkpt>
      <trkpt lat="19.40887656994164" lon="-99.20162723399699">
        <ele>2314.87</ele>
      </trkpt>
      <trkpt lat="19.408864164724946" lon="-99.20161893591285">
        <ele>2315.25</ele>
      </trkpt>
      <trkpt lat="19.408851424232125" lon="-99.20161038637161">
        <ele>2315.64</ele>
      </trkpt>
      <trkpt lat="19.408597787842155" lon="-99.20141131617129">
        <ele>2316.26</ele>
      </trkpt>
      <trkpt lat="19.408585634082556" lon="-99.20140176080167">
        <ele>2316.66</ele>
      </trkpt>
      <trkpt lat="19.40857456997037" lon="-99.2013931274414">
        <ele>2317.07</ele>
      </trkpt>
      <trkpt lat="19.40856342203915" lon="-99.20138432644308">
        <ele>2317.46</ele>
      </trkpt>
      <trkpt lat="19.408552022650838" lon="-99.20137544162571">
        <ele>2317.85</ele>
      </trkpt>
      <trkpt lat="19.40854037180543" lon="-99.20136630535126">
        <ele>2318.22</ele>
      </trkpt>
      <trkpt lat="19.408512208610773" lon="-99.20131986960769">
        <ele>2318.59</ele>
      </trkpt>
      <trkpt lat="19.40850474871695" lon="-99.20130763202906">
        <ele>2318.91</ele>
      </trkpt>
      <trkpt lat="19.408497288823128" lon="-99.20129522681236">
        <ele>2319.21</ele>
      </trkpt>
      <trkpt lat="19.408489745110273" lon="-99.2012826539576">
        <ele>2319.49</ele>
      </trkpt>
      <trkpt lat="19.408481949940324" lon="-99.20126974582672">
        <ele>2319.73</ele>
      </trkpt>
      <trkpt lat="19.408454541116953" lon="-99.2011962365359">
        <ele>2319.93</ele>
      </trkpt>
      <trkpt lat="19.40844951197505" lon="-99.20118265785277">
        <ele>2320.12</ele>
      </trkpt>
      <trkpt lat="19.408444482833147" lon="-99.2011689953506">
        <ele>2320.27</ele>
      </trkpt>
      <trkpt lat="19.408439369872212" lon="-99.20115516521037">
        <ele>2320.38</ele>
      </trkpt>
      <trkpt lat="19.408434173092246" lon="-99.201140999794">
        <ele>2320.45</ele>
      </trkpt>
      <trkpt lat="19.408437442034483" lon="-99.2008854355663">
        <ele>2320.39</ele>
      </trkpt>
      <trkpt lat="19.408437693491578" lon="-99.20087110251188">
        <ele>2320.39</ele>
      </trkpt>
      <trkpt lat="19.408437944948673" lon="-99.20085668563843">
        <ele>2320.35</ele>
      </trkpt>
      <trkpt lat="19.40843819640577" lon="-99.20084210112691">
        <ele>2320.27</ele>
      </trkpt>
      <trkpt lat="19.408438447862864" lon="-99.20082718133926">
        <ele>2320.14</ele>
      </trkpt>
      <trkpt lat="19.408471221104264" lon="-99.20052610337734">
        <ele>2319.97</ele>
      </trkpt>
      <trkpt lat="19.408472813665867" lon="-99.20051177032292">
        <ele>2319.78</ele>
      </trkpt>
      <trkpt lat="19.40847440622747" lon="-99.20049752108753">
        <ele>2319.53</ele>
      </trkpt>
      <trkpt lat="19.408474573865533" lon="-99.20049609616399">
        <ele>2319.25</ele>
      </trkpt>
      <trkpt lat="19.40847591497004" lon="-99.20048302039504">
        <ele>2318.91</ele>
      </trkpt>
      <trkpt lat="19.408477675169706" lon="-99.20046776533127">
        <ele>2318.53</ele>
      </trkpt>
      <trkpt lat="19.40859116613865" lon="-99.20017833821476">
        <ele>2318.2</ele>
      </trkpt>
      <trkpt lat="19.40859653055668" lon="-99.20016475953162">
        <ele>2317.72</ele>
      </trkpt>
      <trkpt lat="19.40859854221344" lon="-99.20015981420875">
        <ele>2317.19</ele>
      </trkpt>
      <trkpt lat="19.408601811155677" lon="-99.20015118084848">
        <ele>2316.62</ele>
      </trkpt>
      <trkpt lat="19.40860725939274" lon="-99.20013735070825">
        <ele>2316.0</ele>
      </trkpt>
      <trkpt lat="19.408612959086895" lon="-99.20012310147285">
        <ele>2315.33</ele>
      </trkpt>
      <trkpt lat="19.408771125599742" lon="-99.19983451254666">
        <ele>2314.57</ele>
      </trkpt>
      <trkpt lat="19.40892937593162" lon="-99.1995460074395">
        <ele>2313.73</ele>
      </trkpt>
      <trkpt lat="19.409087542444468" lon="-99.19925750233233">
        <ele>2312.83</ele>
      </trkpt>
      <trkpt lat="19.409154010936618" lon="-99.19913588091731">
        <ele>2311.97</ele>
      </trkpt>
      <trkpt lat="19.409161051735282" lon="-99.19912305660546">
        <ele>2311.09</ele>
      </trkpt>
      <trkpt lat="19.409168176352978" lon="-99.1991102322936">
        <ele>2310.19</ele>
      </trkpt>
      <trkpt lat="19.409175384789705" lon="-99.19909724034369">
        <ele>2309.25</ele>
      </trkpt>
      <trkpt lat="19.409182844683528" lon="-99.19908374547958">
        <ele>2308.3</ele>
      </trkpt>
      <trkpt lat="19.409345872700214" lon="-99.19879817403853">
        <ele>2307.15</ele>
      </trkpt>
      <trkpt lat="19.4095089007169" lon="-99.1985126864165">
        <ele>2306.01</ele>
      </trkpt>
      <trkpt lat="19.409671928733587" lon="-99.19822711497545">
        <ele>2304.99</ele>
      </trkpt>
      <trkpt lat="19.409834956750274" lon="-99.19794162735343">
        <ele>2303.93</ele>
      </trkpt>
      <trkpt lat="19.40999798476696" lon="-99.19765613973141">
        <ele>2302.74</ele>
      </trkpt>
      <trkpt lat="19.4100459292531" lon="-99.19757165014744">
        <ele>2301.72</ele>
      </trkpt>
      <trkpt lat="19.41005322150886" lon="-99.19755890965462">
        <ele>2300.75</ele>
      </trkpt>
      <trkpt lat="19.41006051376462" lon="-99.19754625298083">
        <ele>2299.8</ele>
      </trkpt>
      <trkpt lat="19.410067973658442" lon="-99.19753334484994">
        <ele>2298.86</ele>
      </trkpt>
      <trkpt lat="19.41007568500936" lon="-99.1975200176239">
        <ele>2297.95</ele>
      </trkpt>
      <trkpt lat="19.41025991924107" lon="-99.1972491145134">
        <ele>2296.97</ele>
      </trkpt>
      <trkpt lat="19.41044415347278" lon="-99.19697829522192">
        <ele>2296.19</ele>
      </trkpt>
      <trkpt lat="19.410483380779624" lon="-99.19692029245198">
        <ele>2295.38</ele>
      </trkpt>
      <trkpt lat="19.410491678863764" lon="-99.19690813869238">
        <ele>2294.59</ele>
      </trkpt>
      <trkpt lat="19.410499976947904" lon="-99.19689598493278">
        <ele>2293.82</ele>
      </trkpt>
      <trkpt lat="19.410508358851075" lon="-99.19688374735415">
        <ele>2293.07</ele>
      </trkpt>
      <trkpt lat="19.410517159849405" lon="-99.1968709230423">
        <ele>2292.36</ele>
      </trkpt>
      <trkpt lat="19.410684714093804" lon="-99.19658828526735">
        <ele>2291.69</ele>
      </trkpt>
      <trkpt lat="19.410852268338203" lon="-99.19630573131144">
        <ele>2290.91</ele>
      </trkpt>
      <trkpt lat="19.41089753061533" lon="-99.19622903689742">
        <ele>2290.25</ele>
      </trkpt>
      <trkpt lat="19.410905074328184" lon="-99.19621638022363">
        <ele>2289.65</ele>
      </trkpt>
      <trkpt lat="19.41091261804104" lon="-99.19620372354984">
        <ele>2289.08</ele>
      </trkpt>
      <trkpt lat="19.410920329391956" lon="-99.19619089923799">
        <ele>2288.54</ele>
      </trkpt>
      <trkpt lat="19.411063073202968" lon="-99.1958935931325">
        <ele>2287.91</ele>
      </trkpt>
      <trkpt lat="19.411072796210647" lon="-99.1958729736507">
        <ele>2287.44</ele>
      </trkpt>
      <trkpt lat="19.41107925027609" lon="-99.19585964642465">
        <ele>2287.0</ele>
      </trkpt>
      <trkpt lat="19.41108570434153" lon="-99.19584631919861">
        <ele>2286.59</ele>
      </trkpt>
      <trkpt lat="19.411092242226005" lon="-99.19583290815353">
        <ele>2286.23</ele>
      </trkpt>
      <trkpt lat="19.411242781206965" lon="-99.19553987681866">
        <ele>2285.84</ele>
      </trkpt>
      <trkpt lat="19.411332132294774" lon="-99.19536570087075">
        <ele>2285.47</ele>
      </trkpt>
      <trkpt lat="19.411339005455375" lon="-99.19535245746374">
        <ele>2285.2</ele>
      </trkpt>
      <trkpt lat="19.411345878615975" lon="-99.19533921405673">
        <ele>2284.98</ele>
      </trkpt>
      <trkpt lat="19.411352751776576" lon="-99.19532597064972">
        <ele>2284.78</ele>
      </trkpt>
      <trkpt lat="19.41149423830211" lon="-99.19521206058562">
        <ele>2284.57</ele>
      </trkpt>
      <trkpt lat="19.411506056785583" lon="-99.19520267285407">
        <ele>2284.45</ele>
      </trkpt>
      <trkpt lat="19.411517875269055" lon="-99.19519328512251">
        <ele>2284.35</ele>
      </trkpt>
      <trkpt lat="19.41152977757156" lon="-99.19518381357193">
        <ele>2284.3</ele>
      </trkpt>
      <trkpt lat="19.41167193464935" lon="-99.19516327790916">
        <ele>2284.31</ele>
      </trkpt>
      <trkpt lat="19.411686854436994" lon="-99.19516118243337">
        <ele>2284.33</ele>
      </trkpt>
      <trkpt lat="19.41170177422464" lon="-99.19515908695757">
        <ele>2284.36</ele>
      </trkpt>
      <trkpt lat="19.411716861650348" lon="-99.19515699148178">
        <ele>2284.43</ele>
      </trkpt>
      <trkpt lat="19.411835549399257" lon="-99.19518523849547">
        <ele>2284.55</ele>
      </trkpt>
      <trkpt lat="19.411850133910775" lon="-99.1951887588948">
        <ele>2284.66</ele>
      </trkpt>
      <trkpt lat="19.411864634603262" lon="-99.19519227929413">
        <ele>2284.78</ele>
      </trkpt>
      <trkpt lat="19.411879470571876" lon="-99.1951958835125">
        <ele>2284.93</ele>
      </trkpt>
      <trkpt lat="19.412015760317445" lon="-99.19524793513119">
        <ele>2285.11</ele>
      </trkpt>
      <trkpt lat="19.412029841914773" lon="-99.19525338336825">
        <ele>2285.27</ele>
      </trkpt>
      <trkpt lat="19.412044007331133" lon="-99.19525883160532">
        <ele>2285.43</ele>
      </trkpt>
      <trkpt lat="19.412058256566525" lon="-99.19526427984238">
        <ele>2285.6</ele>
      </trkpt>
      <trkpt lat="19.412349360063672" lon="-99.1953943669796">
        <ele>2285.77</ele>
      </trkpt>
      <trkpt lat="19.41235413774848" lon="-99.19539646245539">
        <ele>2285.94</ele>
      </trkpt>
      <trkpt lat="19.412367464974523" lon="-99.19540241360664">
        <ele>2286.11</ele>
      </trkpt>
      <trkpt lat="19.412380792200565" lon="-99.19540844857693">
        <ele>2286.27</ele>
      </trkpt>
      <trkpt lat="19.41239428706467" lon="-99.19541448354721">
        <ele>2286.43</ele>
      </trkpt>
      <trkpt lat="19.412679774686694" lon="-99.19555764645338">
        <ele>2286.51</ele>
      </trkpt>
      <trkpt lat="19.412965262308717" lon="-99.19570089317858">
        <ele>2286.62</ele>
      </trkpt>
      <trkpt lat="19.4130093511194" lon="-99.19572293758392">
        <ele>2286.77</ele>
      </trkpt>
      <trkpt lat="19.41302259452641" lon="-99.19572964310646">
        <ele>2286.92</ele>
      </trkpt>
      <trkpt lat="19.41303583793342" lon="-99.19573626480997">
        <ele>2287.06</ele>
      </trkpt>
      <trkpt lat="19.413049248978496" lon="-99.19574305415154">
        <ele>2287.19</ele>
      </trkpt>
      <trkpt lat="19.413276314735413" lon="-99.19583047740161">
        <ele>2287.4</ele>
      </trkpt>
      <trkpt lat="19.413290983065963" lon="-99.19583617709577">
        <ele>2287.51</ele>
      </trkpt>
      <trkpt lat="19.41330556757748" lon="-99.19584187678993">
        <ele>2287.6</ele>
      </trkpt>
      <trkpt lat="19.413320403546095" lon="-99.19584766030312">
        <ele>2287.68</ele>
      </trkpt>
      <trkpt lat="19.413613015785813" lon="-99.19597380794585">
        <ele>2287.88</ele>
      </trkpt>
      <trkpt lat="19.413864640519023" lon="-99.19608210213482">
        <ele>2287.92</ele>
      </trkpt>
      <trkpt lat="19.41387914121151" lon="-99.1960883885622">
        <ele>2287.94</ele>
      </trkpt>
      <trkpt lat="19.413893641903996" lon="-99.19609467498958">
        <ele>2287.94</ele>
      </trkpt>
      <trkpt lat="19.413905711844563" lon="-99.19609995558858">
        <ele>2287.91</ele>
      </trkpt>
      <trkpt lat="19.413908310234547" lon="-99.19610112905502">
        <ele>2287.86</ele>
      </trkpt>
      <trkpt lat="19.414194468408823" lon="-99.19624295085669">
        <ele>2287.75</ele>
      </trkpt>
      <trkpt lat="19.414428491145372" lon="-99.19635895639658">
        <ele>2287.6</ele>
      </trkpt>
      <trkpt lat="19.4144425727427" lon="-99.19636591337621">
        <ele>2287.49</ele>
      </trkpt>
      <trkpt lat="19.41445665434003" lon="-99.19637295417488">
        <ele>2287.37</ele>
      </trkpt>
      <trkpt lat="19.414470987394452" lon="-99.19638007879257">
        <ele>2287.24</ele>
      </trkpt>
      <trkpt lat="19.414691431447864" lon="-99.1964890435338">
        <ele>2287.0</ele>
      </trkpt>
      <trkpt lat="19.41470551304519" lon="-99.19649600051343">
        <ele>2286.84</ele>
      </trkpt>
      <trkpt lat="19.41471967846155" lon="-99.1965030413121">
        <ele>2286.68</ele>
      </trkpt>
      <trkpt lat="19.414734011515975" lon="-99.1965101659298">
        <ele>2286.52</ele>
      </trkpt>
      <trkpt lat="19.4150401186198" lon="-99.19659364968538">
        <ele>2286.31</ele>
      </trkpt>
      <trkpt lat="19.415107844397426" lon="-99.19661200605333">
        <ele>2286.12</ele>
      </trkpt>
      <trkpt lat="19.415122428908944" lon="-99.19661602936685">
        <ele>2285.95</ele>
      </trkpt>
      <trkpt lat="19.415137013420463" lon="-99.19662005268037">
        <ele>2285.78</ele>
      </trkpt>
      <trkpt lat="19.415151849389076" lon="-99.19662415981293">
        <ele>2285.61</ele>
      </trkpt>
      <trkpt lat="19.415352093055844" lon="-99.19663480482996">
        <ele>2285.43</ele>
      </trkpt>
      <trkpt lat="19.415367851033807" lon="-99.1966357268393">
        <ele>2285.27</ele>
      </trkpt>
      <trkpt lat="19.41538360901177" lon="-99.19663664884865">
        <ele>2285.12</ele>
      </trkpt>
      <trkpt lat="19.415399618446827" lon="-99.196637570858">
        <ele>2284.98</ele>
      </trkpt>
      <trkpt lat="19.415712598711252" lon="-99.19659012928605">
        <ele>2284.82</ele>
      </trkpt>
      <trkpt lat="19.41599875688553" lon="-99.19654662720859">
        <ele>2284.76</ele>
      </trkpt>
      <trkpt lat="19.416014766320586" lon="-99.1965442802757">
        <ele>2284.65</ele>
      </trkpt>
      <trkpt lat="19.416025578975677" lon="-99.1965426877141">
        <ele>2284.54</ele>
      </trkpt>
      <trkpt lat="19.416030859574676" lon="-99.19654184952378">
        <ele>2284.44</ele>
      </trkpt>
      <trkpt lat="19.41604577936232" lon="-99.19653967022896">
        <ele>2284.36</ele>
      </trkpt>
      <trkpt lat="19.416359430179" lon="-99.1964977607131">
        <ele>2284.32</ele>
      </trkpt>
      <trkpt lat="19.41667308099568" lon="-99.19645585119724">
        <ele>2284.14</ele>
      </trkpt>
      <trkpt lat="19.41694088280201" lon="-99.19641989283264">
        <ele>2284.06</ele>
      </trkpt>
      <trkpt lat="19.4169569760561" lon="-99.19641779735684">
        <ele>2284.0</ele>
      </trkpt>
      <trkpt lat="19.416972985491157" lon="-99.19641570188105">
        <ele>2283.96</ele>
      </trkpt>
      <trkpt lat="19.416986731812358" lon="-99.19641394168139">
        <ele>2283.92</ele>
      </trkpt>
      <trkpt lat="19.416989414021373" lon="-99.19641360640526">
        <ele>2283.89</ele>
      </trkpt>
      <trkpt lat="19.41710793413222" lon="-99.19639131054282">
        <ele>2283.86</ele>
      </trkpt>
      <trkpt lat="19.417123273015022" lon="-99.19638846069574">
        <ele>2283.85</ele>
      </trkpt>
      <trkpt lat="19.417138528078794" lon="-99.19638561084867">
        <ele>2283.85</ele>
      </trkpt>
      <trkpt lat="19.417154118418694" lon="-99.19638276100159">
        <ele>2283.85</ele>
      </trkpt>
      <trkpt lat="19.417252270504832" lon="-99.19636432081461">
        <ele>2283.87</ele>
      </trkpt>
      <trkpt lat="19.417267525568604" lon="-99.19636155478656">
        <ele>2283.88</ele>
      </trkpt>
      <trkpt lat="19.417282696813345" lon="-99.19635878875852">
        <ele>2283.89</ele>
      </trkpt>
      <trkpt lat="19.417298287153244" lon="-99.19635593891144">
        <ele>2283.91</ele>
      </trkpt>
      <trkpt lat="19.417379088699818" lon="-99.19638267718256">
        <ele>2283.96</ele>
      </trkpt>
      <trkpt lat="19.4173938408494" lon="-99.19638762250543">
        <ele>2283.98</ele>
      </trkpt>
      <trkpt lat="19.417408425360918" lon="-99.19639248400927">
        <ele>2283.99</ele>
      </trkpt>
      <trkpt lat="19.417423428967595" lon="-99.19639751315117">
        <ele>2284.0</ele>
      </trkpt>
      <trkpt lat="19.417476234957576" lon="-99.19642282649875">
        <ele>2284.0</ele>
      </trkpt>
      <trkpt lat="19.41749014891684" lon="-99.19642953202128">
        <ele>2284.0</ele>
      </trkpt>
      <trkpt lat="19.417503979057074" lon="-99.19643623754382">
        <ele>2284.01</ele>
      </trkpt>
      <trkpt lat="19.417518312111497" lon="-99.19644311070442">
        <ele>2284.0</ele>
      </trkpt>
      <trkpt lat="19.41756349056959" lon="-99.1964565217495">
        <ele>2283.99</ele>
      </trkpt>
      <trkpt lat="19.417578242719173" lon="-99.19646096415818">
        <ele>2283.97</ele>
      </trkpt>
      <trkpt lat="19.417592911049724" lon="-99.19646532274783">
        <ele>2283.94</ele>
      </trkpt>
      <trkpt lat="19.417608082294464" lon="-99.19646993279457">
        <ele>2283.89</ele>
      </trkpt>
      <trkpt lat="19.417836405336857" lon="-99.19623934663832">
        <ele>2283.79</ele>
      </trkpt>
      <trkpt lat="19.41799381747842" lon="-99.1960801742971">
        <ele>2283.72</ele>
      </trkpt>
      <trkpt lat="19.418005049228668" lon="-99.19606894254684">
        <ele>2283.65</ele>
      </trkpt>
      <trkpt lat="19.418016280978918" lon="-99.1960577107966">
        <ele>2283.57</ele>
      </trkpt>
      <trkpt lat="19.418027848005295" lon="-99.19604614377022">
        <ele>2283.47</ele>
      </trkpt>
      <trkpt lat="19.418085096403956" lon="-99.19601907022297">
        <ele>2283.37</ele>
      </trkpt>
      <trkpt lat="19.418099178001285" lon="-99.1960125323385">
        <ele>2283.26</ele>
      </trkpt>
      <trkpt lat="19.41811317577958" lon="-99.19600599445403">
        <ele>2283.14</ele>
      </trkpt>
      <trkpt lat="19.418127676472068" lon="-99.19599920511246">
        <ele>2283.02</ele>
      </trkpt>
      <trkpt lat="19.418228175491095" lon="-99.19599643908441">
        <ele>2282.89</ele>
      </trkpt>
      <trkpt lat="19.418243765830994" lon="-99.19599601998925">
        <ele>2282.75</ele>
      </trkpt>
      <trkpt lat="19.418259439989924" lon="-99.1959956008941">
        <ele>2282.6</ele>
      </trkpt>
      <trkpt lat="19.418275617063046" lon="-99.19599518179893">
        <ele>2282.45</ele>
      </trkpt>
      <trkpt lat="19.418343929573894" lon="-99.19602116569877">
        <ele>2282.28</ele>
      </trkpt>
      <trkpt lat="19.418358514085412" lon="-99.19602669775486">
        <ele>2282.12</ele>
      </trkpt>
      <trkpt lat="19.41837309859693" lon="-99.19603231362998">
        <ele>2281.95</ele>
      </trkpt>
      <trkpt lat="19.41838818602264" lon="-99.19603809714317">
        <ele>2281.79</ele>
      </trkpt>
      <trkpt lat="19.418623968958855" lon="-99.19626004993916">
        <ele>2281.43</ele>
      </trkpt>
      <trkpt lat="19.418683731928468" lon="-99.19631637632847">
        <ele>2281.24</ele>
      </trkpt>
      <trkpt lat="19.418695298954844" lon="-99.19632727280259">
        <ele>2281.1</ele>
      </trkpt>
      <trkpt lat="19.418706698343158" lon="-99.19633800163865">
        <ele>2280.98</ele>
      </trkpt>
      <trkpt lat="19.41871860064566" lon="-99.1963492333889">
        <ele>2280.86</ele>
      </trkpt>
      <trkpt lat="19.41893502138555" lon="-99.1965532489121">
        <ele>2280.85</ele>
      </trkpt>
      <trkpt lat="19.418946839869022" lon="-99.19656439684331">
        <ele>2280.77</ele>
      </trkpt>
      <trkpt lat="19.418954215943813" lon="-99.19657135382295">
        <ele>2280.69</ele>
      </trkpt>
      <trkpt lat="19.418958658352494" lon="-99.19657554477453">
        <ele>2280.62</ele>
      </trkpt>
      <trkpt lat="19.418970309197903" lon="-99.19658660888672">
        <ele>2280.56</ele>
      </trkpt>
      <trkpt lat="19.419061336666346" lon="-99.19665751978755">
        <ele>2280.57</ele>
      </trkpt>
      <trkpt lat="19.41907382570207" lon="-99.19666724279523">
        <ele>2280.52</ele>
      </trkpt>
      <trkpt lat="19.41908639855683" lon="-99.19667704962194">
        <ele>2280.47</ele>
      </trkpt>
      <trkpt lat="19.419099306687713" lon="-99.19668719172478">
        <ele>2280.43</ele>
      </trkpt>
      <trkpt lat="19.419194189831614" lon="-99.1967104934156">
        <ele>2280.38</ele>
      </trkpt>
      <trkpt lat="19.41920952871442" lon="-99.19671426527202">
        <ele>2280.34</ele>
      </trkpt>
      <trkpt lat="19.419224951416254" lon="-99.19671812094748">
        <ele>2280.3</ele>
      </trkpt>
      <trkpt lat="19.41924087703228" lon="-99.19672206044197">
        <ele>2280.26</ele>
      </trkpt>
      <trkpt lat="19.41931027919054" lon="-99.1967083979398">
        <ele>2280.2</ele>
      </trkpt>
      <trkpt lat="19.419325701892376" lon="-99.19670538045466">
        <ele>2280.16</ele>
      </trkpt>
      <trkpt lat="19.419341208413243" lon="-99.19670236296952">
        <ele>2280.11</ele>
      </trkpt>
      <trkpt lat="19.4193572178483" lon="-99.19669926166534">
        <ele>2280.06</ele>
      </trkpt>
      <trkpt lat="19.419413125142455" lon="-99.19666246511042">
        <ele>2279.99</ele>
      </trkpt>
      <trkpt lat="19.419426368549466" lon="-99.19665383175015">
        <ele>2279.94</ele>
      </trkpt>
      <trkpt lat="19.41943969577551" lon="-99.19664511457086">
        <ele>2279.89</ele>
      </trkpt>
      <trkpt lat="19.41945344209671" lon="-99.1966362297535">
        <ele>2279.83</ele>
      </trkpt>
      <trkpt lat="19.419479090720415" lon="-99.196603205055">
        <ele>2279.76</ele>
      </trkpt>
      <trkpt lat="19.419488981366158" lon="-99.19659063220024">
        <ele>2279.7</ele>
      </trkpt>
      <trkpt lat="19.4194988720119" lon="-99.19657805934548">
        <ele>2279.63</ele>
      </trkpt>
      <trkpt lat="19.41950909793377" lon="-99.1965651512146">
        <ele>2279.55</ele>
      </trkpt>
      <trkpt lat="19.419522173702717" lon="-99.1965270973742">
        <ele>2279.48</ele>
      </trkpt>
      <trkpt lat="19.419527454301715" lon="-99.1965117584914">
        <ele>2279.39</ele>
      </trkpt>
      <trkpt lat="19.419532734900713" lon="-99.1964964196086">
        <ele>2279.3</ele>
      </trkpt>
      <trkpt lat="19.419538183137774" lon="-99.19648066163063">
        <ele>2279.2</ele>
      </trkpt>
      <trkpt lat="19.419530387967825" lon="-99.19642089866102">
        <ele>2279.08</ele>
      </trkpt>
      <trkpt lat="19.419528376311064" lon="-99.19640480540693">
        <ele>2278.96</ele>
      </trkpt>
      <trkpt lat="19.419526364654303" lon="-99.19638854451478">
        <ele>2278.83</ele>
      </trkpt>
      <trkpt lat="19.41952426917851" lon="-99.19637203216553">
        <ele>2278.69</ele>
      </trkpt>
      <trkpt lat="19.419478252530098" lon="-99.19617430306971">
        <ele>2278.51</ele>
      </trkpt>
      <trkpt lat="19.419474648311734" lon="-99.19615854509175">
        <ele>2278.36</ele>
      </trkpt>
      <trkpt lat="19.41947104409337" lon="-99.19614278711379">
        <ele>2278.19</ele>
      </trkpt>
      <trkpt lat="19.419467356055975" lon="-99.19612661004066">
        <ele>2278.0</ele>
      </trkpt>
      <trkpt lat="19.419394014403224" lon="-99.19580239802599">
        <ele>2277.87</ele>
      </trkpt>
      <trkpt lat="19.41934397444129" lon="-99.19558170251548">
        <ele>2277.65</ele>
      </trkpt>
      <trkpt lat="19.419340454041958" lon="-99.19556586071849">
        <ele>2277.43</ele>
      </trkpt>
      <trkpt lat="19.419336933642626" lon="-99.19555010274053">
        <ele>2277.19</ele>
      </trkpt>
      <trkpt lat="19.419333329424262" lon="-99.19553384184837">
        <ele>2276.94</ele>
      </trkpt>
      <trkpt lat="19.419254455715418" lon="-99.19521105475724">
        <ele>2276.62</ele>
      </trkpt>
      <trkpt lat="19.419252695515752" lon="-99.19520393013954">
        <ele>2276.34</ele>
      </trkpt>
      <trkpt lat="19.41924875602126" lon="-99.19518800452352">
        <ele>2276.04</ele>
      </trkpt>
      <trkpt lat="19.419244900345802" lon="-99.19517207890749">
        <ele>2275.73</ele>
      </trkpt>
      <trkpt lat="19.41924096085131" lon="-99.19515565037727">
        <ele>2275.4</ele>
      </trkpt>
      <trkpt lat="19.419166697189212" lon="-99.19491182081401">
        <ele>2275.02</ele>
      </trkpt>
      <trkpt lat="19.419162003323436" lon="-99.19489623047411">
        <ele>2274.68</ele>
      </trkpt>
      <trkpt lat="19.41915730945766" lon="-99.19488064013422">
        <ele>2274.32</ele>
      </trkpt>
      <trkpt lat="19.41915244795382" lon="-99.19486463069916">
        <ele>2273.96</ele>
      </trkpt>
      <trkpt lat="19.419048596173525" lon="-99.1946311108768">
        <ele>2273.52</ele>
      </trkpt>
      <trkpt lat="19.41904197447002" lon="-99.19461610727012">
        <ele>2273.16</ele>
      </trkpt>
      <trkpt lat="19.419035352766514" lon="-99.19460118748248">
        <ele>2272.81</ele>
      </trkpt>
      <trkpt lat="19.419028479605913" lon="-99.19458568096161">
        <ele>2272.46</ele>
      </trkpt>
      <trkpt lat="19.418922951444983" lon="-99.1943998541683">
        <ele>2272.06</ele>
      </trkpt>
      <trkpt lat="19.418914820998907" lon="-99.19438543729484">
        <ele>2271.71</ele>
      </trkpt>
      <trkpt lat="19.41890669055283" lon="-99.19437110424042">
        <ele>2271.37</ele>
      </trkpt>
      <trkpt lat="19.41889830864966" lon="-99.19435635209084">
        <ele>2271.03</ele>
      </trkpt>
      <trkpt lat="19.418769143521786" lon="-99.19418460689485">
        <ele>2270.56</ele>
      </trkpt>
      <trkpt lat="19.41875916905701" lon="-99.19417136348784">
        <ele>2270.25</ele>
      </trkpt>
      <trkpt lat="19.41874927841127" lon="-99.19415812008083">
        <ele>2269.97</ele>
      </trkpt>
      <trkpt lat="19.418738968670368" lon="-99.19414445757866">
        <ele>2269.69</ele>
      </trkpt>
      <trkpt lat="19.418530678376555" lon="-99.1938937548548">
        <ele>2269.31</ele>
      </trkpt>
      <trkpt lat="19.418507795780897" lon="-99.1938662622124">
        <ele>2269.08</ele>
      </trkpt>
      <trkpt lat="19.418497318401933" lon="-99.1938536055386">
        <ele>2268.88</ele>
      </trkpt>
      <trkpt lat="19.41848684102297" lon="-99.19384094886482">
        <ele>2268.7</ele>
      </trkpt>
      <trkpt lat="19.418476028367877" lon="-99.1938279569149">
        <ele>2268.54</ele>
      </trkpt>
      <trkpt lat="19.418347282335162" lon="-99.1936688683927">
        <ele>2268.43</ele>
      </trkpt>
      <trkpt lat="19.418336721137166" lon="-99.19365587644279">
        <ele>2268.32</ele>
      </trkpt>
      <trkpt lat="19.4183262437582" lon="-99.19364288449287">
        <ele>2268.22</ele>
      </trkpt>
      <trkpt lat="19.41831543110311" lon="-99.1936294734478">
        <ele>2268.13</ele>
      </trkpt>
      <trkpt lat="19.418089371174574" lon="-99.19339645653963">
        <ele>2268.23</ele>
      </trkpt>
      <trkpt lat="19.418066488578916" lon="-99.19337298721075">
        <ele>2268.17</ele>
      </trkpt>
      <trkpt lat="19.41805500537157" lon="-99.19336108490825">
        <ele>2268.11</ele>
      </trkpt>
      <trkpt lat="19.418043605983257" lon="-99.1933493502438">
        <ele>2268.06</ele>
      </trkpt>
      <trkpt lat="19.418031787499785" lon="-99.19333711266518">
        <ele>2268.0</ele>
      </trkpt>
      <trkpt lat="19.417873537167907" lon="-99.19320258311927">
        <ele>2267.96</ele>
      </trkpt>
      <trkpt lat="19.417860712856054" lon="-99.19319168664515">
        <ele>2267.9</ele>
      </trkpt>
      <trkpt lat="19.417847888544202" lon="-99.19318079017103">
        <ele>2267.84</ele>
      </trkpt>
      <trkpt lat="19.41783456131816" lon="-99.19316947460175">
        <ele>2267.76</ele>
      </trkpt>
      <trkpt lat="19.417758034542203" lon="-99.19308833777905">
        <ele>2267.6</ele>
      </trkpt>
      <trkpt lat="19.417746551334858" lon="-99.19307618401945">
        <ele>2267.51</ele>
      </trkpt>
      <trkpt lat="19.417735068127513" lon="-99.19306403025985">
        <ele>2267.41</ele>
      </trkpt>
      <trkpt lat="19.41768268123269" lon="-99.19294282793999">
        <ele>2267.23</ele>
      </trkpt>
      <trkpt lat="19.417675975710154" lon="-99.19292732141912">
        <ele>2267.13</ele>
      </trkpt>
      <trkpt lat="19.417669354006648" lon="-99.19291198253632">
        <ele>2267.02</ele>
      </trkpt>
      <trkpt lat="19.417690811678767" lon="-99.19283193536103">
        <ele>2266.88</ele>
      </trkpt>
      <trkpt lat="19.417695254087448" lon="-99.19281559064984">
        <ele>2266.76</ele>
      </trkpt>
      <trkpt lat="19.41769969649613" lon="-99.19279932975769">
        <ele>2266.64</ele>
      </trkpt>
      <trkpt lat="19.41779064014554" lon="-99.19275700114667">
        <ele>2266.51</ele>
      </trkpt>
      <trkpt lat="19.41780581139028" lon="-99.19275004416704">
        <ele>2266.38</ele>
      </trkpt>
      <trkpt lat="19.417821066454053" lon="-99.19274300336838">
        <ele>2266.24</ele>
      </trkpt>
      <trkpt lat="19.418014269322157" lon="-99.19275431893766">
        <ele>2266.16</ele>
      </trkpt>
      <trkpt lat="19.41803145222366" lon="-99.19275532476604">
        <ele>2266.0</ele>
      </trkpt>
      <trkpt lat="19.41804863512516" lon="-99.19275641441345">
        <ele>2265.83</ele>
      </trkpt>
      <trkpt lat="19.41836035810411" lon="-99.19281207025051">
        <ele>2265.7</ele>
      </trkpt>
      <trkpt lat="19.41867208108306" lon="-99.19286772608757">
        <ele>2265.51</ele>
      </trkpt>
      <trkpt lat="19.418736454099417" lon="-99.19287920929492">
        <ele>2265.27</ele>
      </trkpt>
      <trkpt lat="19.418752882629633" lon="-99.19288214296103">
        <ele>2265.03</ele>
      </trkpt>
      <trkpt lat="19.41876931115985" lon="-99.19288516044617">
        <ele>2264.76</ele>
      </trkpt>
      <trkpt lat="19.418917251750827" lon="-99.19287635944784">
        <ele>2264.49</ele>
      </trkpt>
      <trkpt lat="19.418934267014265" lon="-99.19287535361946">
        <ele>2264.2</ele>
      </trkpt>
      <trkpt lat="19.418951366096735" lon="-99.19287443161011">
        <ele>2263.9</ele>
      </trkpt>
      <trkpt lat="19.41926526837051" lon="-99.19283411465585">
        <ele>2263.59</ele>
      </trkpt>
      <trkpt lat="19.41954329609871" lon="-99.19279832392931">
        <ele>2263.1</ele>
      </trkpt>
      <trkpt lat="19.41956089809537" lon="-99.19279614463449">
        <ele>2262.75</ele>
      </trkpt>
      <trkpt lat="19.41957850009203" lon="-99.19279396533966">
        <ele>2262.39</ele>
      </trkpt>
      <trkpt lat="19.419887959957123" lon="-99.19277703389525">
        <ele>2261.9</ele>
      </trkpt>
      <trkpt lat="19.4198942463845" lon="-99.19277669861913">
        <ele>2261.57</ele>
      </trkpt>
      <trkpt lat="19.41990589722991" lon="-99.19277602806687">
        <ele>2261.25</ele>
      </trkpt>
      <trkpt lat="19.419922409579158" lon="-99.19277518987656">
        <ele>2260.93</ele>
      </trkpt>
      <trkpt lat="19.42023329436779" lon="-99.19271433725953">
        <ele>2260.64</ele>
      </trkpt>
      <trkpt lat="19.420544179156423" lon="-99.1926534846425">
        <ele>2260.29</ele>
      </trkpt>
      <trkpt lat="19.42057485692203" lon="-99.19264744967222">
        <ele>2260.0</ele>
      </trkpt>
      <trkpt lat="19.420591285452247" lon="-99.19264426454902">
        <ele>2259.73</ele>
      </trkpt>
      <trkpt lat="19.420607713982463" lon="-99.19264107942581">
        <ele>2259.48</ele>
      </trkpt>
      <trkpt lat="19.42092027515173" lon="-99.19259087182581">
        <ele>2259.18</ele>
      </trkpt>
      <trkpt lat="19.421091685071588" lon="-99.19256329536438">
        <ele>2258.99</ele>
      </trkpt>
      <trkpt lat="19.42110886797309" lon="-99.19256061315536">
        <ele>2258.81</ele>
      </trkpt>
      <trkpt lat="19.421126134693623" lon="-99.19255793094635">
        <ele>2258.64</ele>
      </trkpt>
      <trkpt lat="19.421437354758382" lon="-99.19249950908124">
        <ele>2258.54</ele>
      </trkpt>
      <trkpt lat="19.421748658642173" lon="-99.19244117103517">
        <ele>2258.45</ele>
      </trkpt>
      <trkpt lat="19.42190741188824" lon="-99.19241141527891">
        <ele>2258.33</ele>
      </trkpt>
      <trkpt lat="19.42192451097071" lon="-99.1924082301557">
        <ele>2258.24</ele>
      </trkpt>
      <trkpt lat="19.42194161005318" lon="-99.1924050450325">
        <ele>2258.16</ele>
      </trkpt>
      <trkpt lat="19.422254590317607" lon="-99.19235768727958">
        <ele>2258.1</ele>
      </trkpt>
      <trkpt lat="19.422567570582032" lon="-99.1923104133457">
        <ele>2258.08</ele>
      </trkpt>
      <trkpt lat="19.42282933741808" lon="-99.1922707669437">
        <ele>2258.14</ele>
      </trkpt>
      <trkpt lat="19.422847107052803" lon="-99.19226816855371">
        <ele>2258.13</ele>
      </trkpt>
      <trkpt lat="19.422864876687527" lon="-99.19226557016373">
        <ele>2258.13</ele>
      </trkpt>
      <trkpt lat="19.423176934942603" lon="-99.19221200980246">
        <ele>2258.15</ele>
      </trkpt>
      <trkpt lat="19.42348899319768" lon="-99.1921584494412">
        <ele>2258.05</ele>
      </trkpt>
      <trkpt lat="19.423519419506192" lon="-99.1921531688422">
        <ele>2258.08</ele>
      </trkpt>
      <trkpt lat="19.423536015674472" lon="-99.19215031899512">
        <ele>2258.14</ele>
      </trkpt>
      <trkpt lat="19.423552695661783" lon="-99.19214755296707">
        <ele>2258.21</ele>
      </trkpt>
      <trkpt lat="19.423867436125875" lon="-99.19211603701115">
        <ele>2258.33</ele>
      </trkpt>
      <trkpt lat="19.424182176589966" lon="-99.19208452105522">
        <ele>2258.5</ele>
      </trkpt>
      <trkpt lat="19.42449700087309" lon="-99.1920530050993">
        <ele>2258.48</ele>
      </trkpt>
      <trkpt lat="19.424510411918163" lon="-99.19205158017576">
        <ele>2258.61</ele>
      </trkpt>
      <trkpt lat="19.424527175724506" lon="-99.19204990379512">
        <ele>2258.75</ele>
      </trkpt>
      <trkpt lat="19.42454393953085" lon="-99.19204831123352">
        <ele>2258.9</ele>
      </trkpt>
      <trkpt lat="19.424856919795275" lon="-99.1920012049377">
        <ele>2258.9</ele>
      </trkpt>
      <trkpt lat="19.42516998387873" lon="-99.1919541824609">
        <ele>2259.11</ele>
      </trkpt>
      <trkpt lat="19.425206445157528" lon="-99.19194865040481">
        <ele>2259.34</ele>
      </trkpt>
      <trkpt lat="19.425223292782903" lon="-99.19194613583386">
        <ele>2259.57</ele>
      </trkpt>
      <trkpt lat="19.425240056589246" lon="-99.19194370508194">
        <ele>2259.8</ele>
      </trkpt>
      <trkpt lat="19.425428481772542" lon="-99.19188905507326">
        <ele>2260.26</ele>
      </trkpt>
      <trkpt lat="19.425445580855012" lon="-99.19188419356942">
        <ele>2260.46</ele>
      </trkpt>
      <trkpt lat="19.42546259611845" lon="-99.19187933206558">
        <ele>2260.66</ele>
      </trkpt>
      <trkpt lat="19.42553836852312" lon="-99.19179048389196">
        <ele>2260.92</ele>
      </trkpt>
      <trkpt lat="19.425549851730466" lon="-99.19177715666592">
        <ele>2261.05</ele>
      </trkpt>
      <trkpt lat="19.425561167299747" lon="-99.19176399707794">
        <ele>2261.16</ele>
      </trkpt>
      <trkpt lat="19.425604417920113" lon="-99.19161530211568">
        <ele>2261.29</ele>
      </trkpt>
      <trkpt lat="19.425609363242984" lon="-99.19159837067127">
        <ele>2261.32</ele>
      </trkpt>
      <trkpt lat="19.425614308565855" lon="-99.19158160686493">
        <ele>2261.31</ele>
      </trkpt>
      <trkpt lat="19.425567789003253" lon="-99.19125194661319">
        <ele>2261.14</ele>
      </trkpt>
      <trkpt lat="19.425563514232635" lon="-99.191222358495">
        <ele>2261.05</ele>
      </trkpt>
      <trkpt lat="19.425561083480716" lon="-99.19120475649834">
        <ele>2260.93</ele>
      </trkpt>
      <trkpt lat="19.425558652728796" lon="-99.19118732213974">
        <ele>2260.78</ele>
      </trkpt>
      <trkpt lat="19.425508864223957" lon="-99.1908581648022">
        <ele>2260.45</ele>
      </trkpt>
      <trkpt lat="19.425458991900086" lon="-99.19052909128368">
        <ele>2260.24</ele>
      </trkpt>
      <trkpt lat="19.425409203395247" lon="-99.19020001776516">
        <ele>2260.03</ele>
      </trkpt>
      <trkpt lat="19.425359331071377" lon="-99.18987086042762">
        <ele>2259.8</ele>
      </trkpt>
      <trkpt lat="19.425309542566538" lon="-99.1895417869091">
        <ele>2259.61</ele>
      </trkpt>
      <trkpt lat="19.425259670242667" lon="-99.18921271339059">
        <ele>2259.25</ele>
      </trkpt>
      <trkpt lat="19.42520988173783" lon="-99.18888355605304">
        <ele>2258.78</ele>
      </trkpt>
      <trkpt lat="19.425160009413958" lon="-99.18855448253453">
        <ele>2258.39</ele>
      </trkpt>
      <trkpt lat="19.42511022090912" lon="-99.18822540901601">
        <ele>2258.11</ele>
      </trkpt>
      <trkpt lat="19.425060348585248" lon="-99.18789625167847">
        <ele>2257.74</ele>
      </trkpt>
      <trkpt lat="19.425017600879073" lon="-99.18761436827481">
        <ele>2257.23</ele>
      </trkpt>
      <trkpt lat="19.42501500248909" lon="-99.18759693391621">
        <ele>2256.82</ele>
      </trkpt>
      <trkpt lat="19.425012404099107" lon="-99.18757975101471">
        <ele>2256.41</ele>
      </trkpt>
      <trkpt lat="19.424961861222982" lon="-99.18725076131523">
        <ele>2256.0</ele>
      </trkpt>
      <trkpt lat="19.424911318346858" lon="-99.18692177161574">
        <ele>2255.58</ele>
      </trkpt>
      <trkpt lat="19.424860859289765" lon="-99.18659278191626">
        <ele>2255.08</ele>
      </trkpt>
      <trkpt lat="19.42481031641364" lon="-99.18626379221678">
        <ele>2254.53</ele>
      </trkpt>
      <trkpt lat="19.424759773537517" lon="-99.1859348025173">
        <ele>2254.14</ele>
      </trkpt>
      <trkpt lat="19.424709230661392" lon="-99.18560581281781">
        <ele>2253.8</ele>
      </trkpt>
      <trkpt lat="19.42470671609044" lon="-99.18558997102082">
        <ele>2253.48</ele>
      </trkpt>
      <trkpt lat="19.424704033881426" lon="-99.1855722013861">
        <ele>2253.19</ele>
      </trkpt>
      <trkpt lat="19.42470135167241" lon="-99.18555468320847">
        <ele>2252.92</ele>
      </trkpt>
      <trkpt lat="19.42465298809111" lon="-99.18522527441382">
        <ele>2252.62</ele>
      </trkpt>
      <trkpt lat="19.42460462450981" lon="-99.18489594943821">
        <ele>2252.37</ele>
      </trkpt>
      <trkpt lat="19.424592554569244" lon="-99.18481489643455">
        <ele>2252.19</ele>
      </trkpt>
      <trkpt lat="19.42458995617926" lon="-99.18479712679982">
        <ele>2252.03</ele>
      </trkpt>
      <trkpt lat="19.42458744160831" lon="-99.18477952480316">
        <ele>2251.89</ele>
      </trkpt>
      <trkpt lat="19.424553997814655" lon="-99.18452228419483">
        <ele>2251.79</ele>
      </trkpt>
      <trkpt lat="19.4245517347008" lon="-99.18450459837914">
        <ele>2251.71</ele>
      </trkpt>
      <trkpt lat="19.424549555405974" lon="-99.18448716402054">
        <ele>2251.63</ele>
      </trkpt>
      <trkpt lat="19.42449901252985" lon="-99.18415817432106">
        <ele>2251.67</ele>
      </trkpt>
      <trkpt lat="19.424448553472757" lon="-99.18382918462157">
        <ele>2251.67</ele>
      </trkpt>
      <trkpt lat="19.424398010596633" lon="-99.18350019492209">
        <ele>2251.51</ele>
      </trkpt>
      <trkpt lat="19.42434746772051" lon="-99.1831712052226">
        <ele>2251.46</ele>
      </trkpt>
      <trkpt lat="19.42430203780532" lon="-99.18287532404065">
        <ele>2251.45</ele>
      </trkpt>
      <trkpt lat="19.424299355596304" lon="-99.18285772204399">
        <ele>2251.42</ele>
      </trkpt>
      <trkpt lat="19.424297008663416" lon="-99.18284221552312">
        <ele>2251.39</ele>
      </trkpt>
      <trkpt lat="19.42429667338729" lon="-99.1828402876854">
        <ele>2251.35</ele>
      </trkpt>
      <trkpt lat="19.424242358654737" lon="-99.18251196853817">
        <ele>2251.3</ele>
      </trkpt>
      <trkpt lat="19.424188043922186" lon="-99.18218364939094">
        <ele>2251.25</ele>
      </trkpt>
      <trkpt lat="19.424133729189634" lon="-99.1818553302437">
        <ele>2251.16</ele>
      </trkpt>
      <trkpt lat="19.42407933063805" lon="-99.18152701109648">
        <ele>2251.07</ele>
      </trkpt>
      <trkpt lat="19.4240250159055" lon="-99.18119869194925">
        <ele>2251.01</ele>
      </trkpt>
      <trkpt lat="19.423970701172948" lon="-99.18087037280202">
        <ele>2251.02</ele>
      </trkpt>
      <trkpt lat="19.423916386440396" lon="-99.18054213747382">
        <ele>2250.94</ele>
      </trkpt>
      <trkpt lat="19.423915464431047" lon="-99.18053702451289">
        <ele>2250.82</ele>
      </trkpt>
      <trkpt lat="19.423912530764937" lon="-99.1805190872401">
        <ele>2250.67</ele>
      </trkpt>
      <trkpt lat="19.42390968091786" lon="-99.18050140142441">
        <ele>2250.5</ele>
      </trkpt>
      <trkpt lat="19.42386827431619" lon="-99.18017098680139">
        <ele>2250.28</ele>
      </trkpt>
      <trkpt lat="19.423860982060432" lon="-99.18011348694563">
        <ele>2250.05</ele>
      </trkpt>
      <trkpt lat="19.423858718946576" lon="-99.18009538203478">
        <ele>2249.8</ele>
      </trkpt>
      <trkpt lat="19.42385653965175" lon="-99.18007761240005">
        <ele>2249.53</ele>
      </trkpt>
      <trkpt lat="19.42379727959633" lon="-99.17975021526217">
        <ele>2249.22</ele>
      </trkpt>
      <trkpt lat="19.423741456121206" lon="-99.17944218032062">
        <ele>2248.99</ele>
      </trkpt>
      <trkpt lat="19.423738270998" lon="-99.17942449450493">
        <ele>2248.62</ele>
      </trkpt>
      <trkpt lat="19.423738019540906" lon="-99.1794228181243">
        <ele>2248.22</ele>
      </trkpt>
      <trkpt lat="19.423735169693828" lon="-99.17940706014633">
        <ele>2247.78</ele>
      </trkpt>
      <trkpt lat="19.423697367310524" lon="-99.17907614260912">
        <ele>2247.26</ele>
      </trkpt>
      <trkpt lat="19.42365956492722" lon="-99.17874530889094">
        <ele>2246.65</ele>
      </trkpt>
      <trkpt lat="19.42363802343607" lon="-99.17855763807893">
        <ele>2246.15</ele>
      </trkpt>
      <trkpt lat="19.42363601177931" lon="-99.17853961698711">
        <ele>2245.72</ele>
      </trkpt>
      <trkpt lat="19.423634000122547" lon="-99.17852193117142">
        <ele>2245.27</ele>
      </trkpt>
      <trkpt lat="19.42360382527113" lon="-99.17819017544389">
        <ele>2244.66</ele>
      </trkpt>
      <trkpt lat="19.423586642369628" lon="-99.17800258845091">
        <ele>2244.28</ele>
      </trkpt>
      <trkpt lat="19.423585049808025" lon="-99.17798456735909">
        <ele>2243.91</ele>
      </trkpt>
      <trkpt lat="19.423583457246423" lon="-99.17796671390533">
        <ele>2243.55</ele>
      </trkpt>
      <trkpt lat="19.423540122807026" lon="-99.17763655073941">
        <ele>2243.33</ele>
      </trkpt>
      <trkpt lat="19.42349678836763" lon="-99.17730647139251">
        <ele>2242.98</ele>
      </trkpt>
      <trkpt lat="19.42346166819334" lon="-99.17703942395747">
        <ele>2242.61</ele>
      </trkpt>
      <trkpt lat="19.423459321260452" lon="-99.17702148668468">
        <ele>2242.24</ele>
      </trkpt>
      <trkpt lat="19.423457058146596" lon="-99.17700380086899">
        <ele>2241.89</ele>
      </trkpt>
      <trkpt lat="19.423400396481156" lon="-99.17667590081692">
        <ele>2241.47</ele>
      </trkpt>
      <trkpt lat="19.423343734815717" lon="-99.17634800076485">
        <ele>2241.02</ele>
      </trkpt>
      <trkpt lat="19.423341806977987" lon="-99.17633710429072">
        <ele>2240.85</ele>
      </trkpt>
      <trkpt lat="19.423338705673814" lon="-99.17631899937987">
        <ele>2240.72</ele>
      </trkpt>
      <trkpt lat="19.42333560436964" lon="-99.17630106210709">
        <ele>2240.64</ele>
      </trkpt>
      <trkpt lat="19.423296377062798" lon="-99.17620592750609">
        <ele>2240.58</ele>
      </trkpt>
      <trkpt lat="19.423289420083165" lon="-99.17618899606168">
        <ele>2240.6</ele>
      </trkpt>
      <trkpt lat="19.423282546922565" lon="-99.17617231607437">
        <ele>2240.67</ele>
      </trkpt>
      <trkpt lat="19.423273829743266" lon="-99.17596452869475">
        <ele>2240.79</ele>
      </trkpt>
      <trkpt lat="19.42327307537198" lon="-99.17594625614583">
        <ele>2240.96</ele>
      </trkpt>
      <trkpt lat="19.423272404819727" lon="-99.17592823505402">
        <ele>2241.15</ele>
      </trkpt>
      <trkpt lat="19.42330048419535" lon="-99.17559622786939">
        <ele>2241.5</ele>
      </trkpt>
      <trkpt lat="19.423314733430743" lon="-99.17542540468276">
        <ele>2241.67</ele>
      </trkpt>
      <trkpt lat="19.423316325992346" lon="-99.17540721595287">
        <ele>2241.8</ele>
      </trkpt>
      <trkpt lat="19.42331791855395" lon="-99.17538911104202">
        <ele>2241.93</ele>
      </trkpt>
      <trkpt lat="19.42345814779401" lon="-99.17509038001299">
        <ele>2242.09</ele>
      </trkpt>
      <trkpt lat="19.423598377034068" lon="-99.17479164898396">
        <ele>2242.11</ele>
      </trkpt>
      <trkpt lat="19.423738522455096" lon="-99.17449291795492">
        <ele>2242.08</ele>
      </trkpt>
      <trkpt lat="19.423878751695156" lon="-99.17419427074492">
        <ele>2242.23</ele>
      </trkpt>
      <trkpt lat="19.424018980935216" lon="-99.17389553971589">
        <ele>2242.42</ele>
      </trkpt>
      <trkpt lat="19.424159126356244" lon="-99.17359680868685">
        <ele>2242.52</ele>
      </trkpt>
      <trkpt lat="19.424299355596304" lon="-99.17329816147685">
        <ele>2242.22</ele>
      </trkpt>
      <trkpt lat="19.424439584836364" lon="-99.17299943044782">
        <ele>2241.73</ele>
      </trkpt>
      <trkpt lat="19.424551147967577" lon="-99.17276146821678">
        <ele>2241.38</ele>
      </trkpt>
      <trkpt lat="19.42455902695656" lon="-99.1727448720485">
        <ele>2241.02</ele>
      </trkpt>
      <trkpt lat="19.424566822126508" lon="-99.17272835969925">
        <ele>2240.62</ele>
      </trkpt>
      <trkpt lat="19.424698501825333" lon="-99.1724253538996">
        <ele>2240.13</ele>
      </trkpt>
      <trkpt lat="19.424830181524158" lon="-99.17212234809995">
        <ele>2239.51</ele>
      </trkpt>
      <trkpt lat="19.424936715513468" lon="-99.17187675833702">
        <ele>2239.08</ele>
      </trkpt>
      <trkpt lat="19.42494409158826" lon="-99.17185999453068">
        <ele>2238.85</ele>
      </trkpt>
      <trkpt lat="19.424970159307122" lon="-99.17181481607258">
        <ele>2238.64</ele>
      </trkpt>
      <trkpt lat="19.42497937940061" lon="-99.17179897427559">
        <ele>2238.46</ele>
      </trkpt>
      <trkpt lat="19.424941577017307" lon="-99.17173183523118">
        <ele>2238.33</ele>
      </trkpt>
      <trkpt lat="19.424932608380914" lon="-99.17171582579613">
        <ele>2238.21</ele>
      </trkpt>
      <trkpt lat="19.424923975020647" lon="-99.17165908031166">
        <ele>2238.13</ele>
      </trkpt>
      <trkpt lat="19.4249212089926" lon="-99.17164072394371">
        <ele>2238.08</ele>
      </trkpt>
      <trkpt lat="19.424938978627324" lon="-99.171551624313">
        <ele>2238.09</ele>
      </trkpt>
      <trkpt lat="19.42494266666472" lon="-99.17153343558311">
        <ele>2238.16</ele>
      </trkpt>
      <trkpt lat="19.424974769353867" lon="-99.1714963875711">
        <ele>2238.29</ele>
      </trkpt>
      <trkpt lat="19.424986923113465" lon="-99.17148247361183">
        <ele>2238.51</ele>
      </trkpt>
      <trkpt lat="19.42504333332181" lon="-99.1714477725327">
        <ele>2238.82</ele>
      </trkpt>
      <trkpt lat="19.42505900748074" lon="-99.17143821716309">
        <ele>2239.22</ele>
      </trkpt>
      <trkpt lat="19.425108712166548" lon="-99.17141080833972">
        <ele>2239.7</ele>
      </trkpt>
      <trkpt lat="19.425124721601605" lon="-99.17140200734138">
        <ele>2240.28</ele>
      </trkpt>
      <trkpt lat="19.425285821780562" lon="-99.17120855301619">
        <ele>2240.99</ele>
      </trkpt>
      <trkpt lat="19.42529797554016" lon="-99.17119413614273">
        <ele>2241.68</ele>
      </trkpt>
      <trkpt lat="19.42543518729508" lon="-99.1708938125521">
        <ele>2242.58</ele>
      </trkpt>
      <trkpt lat="19.425450609996915" lon="-99.17085978202522">
        <ele>2243.14</ele>
      </trkpt>
      <trkpt lat="19.425458488985896" lon="-99.17084276676178">
        <ele>2243.68</ele>
      </trkpt>
      <trkpt lat="19.42559402436018" lon="-99.17054160498083">
        <ele>2244.33</ele>
      </trkpt>
      <trkpt lat="19.425729475915432" lon="-99.17024044319987">
        <ele>2244.67</ele>
      </trkpt>
      <trkpt lat="19.425864927470684" lon="-99.16993936523795">
        <ele>2244.98</ele>
      </trkpt>
      <trkpt lat="19.426000379025936" lon="-99.169638203457">
        <ele>2244.65</ele>
      </trkpt>
      <trkpt lat="19.426110684871674" lon="-99.16939278133214">
        <ele>2244.17</ele>
      </trkpt>
      <trkpt lat="19.42623264156282" lon="-99.16918608359993">
        <ele>2244.22</ele>
      </trkpt>
      <trkpt lat="19.42633867263794" lon="-99.16897058486938">
        <ele>2244.37</ele>
      </trkpt>
      <trkpt lat="19.426448391750455" lon="-99.16872357018292">
        <ele>2244.4</ele>
      </trkpt>
      <trkpt lat="19.426558194682002" lon="-99.16847663931549">
        <ele>2244.27</ele>
      </trkpt>
      <trkpt lat="19.426667913794518" lon="-99.16822987608612">
        <ele>2243.93</ele>
      </trkpt>
    </trkseg>
  </trk>
</gpx>
